feature,label_en,official_item_name_raw,source_stat,stat_table_id,item_code,unit,observation_years,raw_or_derived,transformation_or_definition,analysis_role,missing_rate_panel,retrieval_recorded_at,metadata_note,label_safe,source_dataset,ssdse_version,ssdse_item_code,reference_year,formula,temporal_safe,source_url
commuters,commuting/schooling population denominator,,derived from e-Stat inputs,,,count / transformed count,"2010,2020",derived,Census/SSDS transport total; denominator differs by documented census table/year,raw outcome component,0.00027419797093501506,2026-09-03T17:13:26+09:00; 2026-09-03T17:14:41+09:00; 2026-09-03T17:15:49+09:00; 2026-09-03T17:17:42+09:00; 2026-09-03T17:17:59+09:00,Formula is defined here; source components are separately listed.,,derived from e-Stat inputs,,,,Census/SSDS transport total; denominator differs by documented census table/year,,
rail_users,rail/electric-train users,,derived from e-Stat inputs,,,count / transformed count,"2010,2020",derived,Census/SSDS transport category sum; category codes recorded in methodology,raw outcome component,0.00027419797093501506,2026-09-03T17:13:26+09:00; 2026-09-03T17:14:41+09:00; 2026-09-03T17:15:49+09:00; 2026-09-03T17:17:42+09:00; 2026-09-03T17:17:59+09:00,Formula is defined here; source components are separately listed.,,derived from e-Stat inputs,,,,Census/SSDS transport category sum; category codes recorded in methodology,,
car_users,private-car users,,derived from e-Stat inputs,,,count / transformed count,"2010,2020",derived,SSDS H730105,contextual transport outcome component,0.00027419797093501506,2026-09-03T17:13:26+09:00; 2026-09-03T17:14:41+09:00; 2026-09-03T17:15:49+09:00; 2026-09-03T17:17:42+09:00; 2026-09-03T17:17:59+09:00,Formula is defined here; source components are separately listed.,,derived from e-Stat inputs,,,,SSDS H730105,,
bike_users,bicycle users,,derived from e-Stat inputs,,,count / transformed count,"2010,2020",derived,SSDS H730111,contextual transport outcome component,0.00027419797093501506,2026-09-03T17:13:26+09:00; 2026-09-03T17:14:41+09:00; 2026-09-03T17:15:49+09:00; 2026-09-03T17:17:42+09:00; 2026-09-03T17:17:59+09:00,Formula is defined here; source components are separately listed.,,derived from e-Stat inputs,,,,SSDS H730111,,
rail_any_share,rail/electric-train use share,,derived from e-Stat inputs,,,proportion,"2010,2020",derived,rail_users / commuters; non-exclusive mode numerator,primary outcome,0.00027419797093501506,2026-09-03T17:13:26+09:00; 2026-09-03T17:14:41+09:00; 2026-09-03T17:15:49+09:00; 2026-09-03T17:17:42+09:00; 2026-09-03T17:17:59+09:00,Formula is defined here; source components are separately listed.,,derived from e-Stat inputs,,,,rail_users / commuters; non-exclusive mode numerator,,
car_any_share,private-car use share,,derived from e-Stat inputs,,,proportion,"2010,2020",derived,car_users / commuters; non-exclusive mode numerator,contextual outcome,0.00027419797093501506,2026-09-03T17:13:26+09:00; 2026-09-03T17:14:41+09:00; 2026-09-03T17:15:49+09:00; 2026-09-03T17:17:42+09:00; 2026-09-03T17:17:59+09:00,Formula is defined here; source components are separately listed.,,derived from e-Stat inputs,,,,car_users / commuters; non-exclusive mode numerator,,
bike_share,bicycle use share,,derived from e-Stat inputs,,,proportion,"2010,2020",derived,bike_users / commuters; non-exclusive mode numerator,contextual outcome,0.00027419797093501506,2026-09-03T17:13:26+09:00; 2026-09-03T17:14:41+09:00; 2026-09-03T17:15:49+09:00; 2026-09-03T17:17:42+09:00; 2026-09-03T17:17:59+09:00,Formula is defined here; source components are separately listed.,,derived from e-Stat inputs,,,,bike_users / commuters; non-exclusive mode numerator,,
A1101,Official e-Stat municipal indicator A1101,総人口,SSDSE-A-2026 official municipal dataset,SSDSE-A-2026,A1101,See preserved e-Stat metadata @unit,"2010,2020",raw,No panel transformation; model-time imputation/scaling is fit inside folds.,candidate socioeconomic predictor,0.0,2026-09-03T17:13:26+09:00; 2026-09-03T17:14:41+09:00; 2026-09-03T17:15:49+09:00; 2026-09-03T17:17:42+09:00; 2026-09-03T17:17:59+09:00,Official metadata retained under data/raw/ssds_metadata and data/raw/ssds_core; no hand-translated raw label is used.,総人口,SSDSE-A-2026,2026,A1101,2020,No panel transformation; model-time imputation/scaling is fit inside folds.,True,https://www.nstac.go.jp/files/SSDSE-A-2026.csv
A1102,Official e-Stat municipal indicator A1102,日本人人口,SSDSE-A-2026 official municipal dataset,SSDSE-A-2026,A1102,See preserved e-Stat metadata @unit,"2010,2020",raw,No panel transformation; model-time imputation/scaling is fit inside folds.,candidate socioeconomic predictor,0.0,2026-09-03T17:13:26+09:00; 2026-09-03T17:14:41+09:00; 2026-09-03T17:15:49+09:00; 2026-09-03T17:17:42+09:00; 2026-09-03T17:17:59+09:00,Official metadata retained under data/raw/ssds_metadata and data/raw/ssds_core; no hand-translated raw label is used.,日本人人口,SSDSE-A-2026,2026,A1102,2020,No panel transformation; model-time imputation/scaling is fit inside folds.,True,https://www.nstac.go.jp/files/SSDSE-A-2026.csv
A1301,Official e-Stat municipal indicator A1301,15歳未満人口,SSDSE-A-2026 official municipal dataset,SSDSE-A-2026,A1301,See preserved e-Stat metadata @unit,"2010,2020",raw,No panel transformation; model-time imputation/scaling is fit inside folds.,candidate socioeconomic predictor,0.0,2026-09-03T17:13:26+09:00; 2026-09-03T17:14:41+09:00; 2026-09-03T17:15:49+09:00; 2026-09-03T17:17:42+09:00; 2026-09-03T17:17:59+09:00,Official metadata retained under data/raw/ssds_metadata and data/raw/ssds_core; no hand-translated raw label is used.,15歳未満人口,SSDSE-A-2026,2026,A1301,2020,No panel transformation; model-time imputation/scaling is fit inside folds.,True,https://www.nstac.go.jp/files/SSDSE-A-2026.csv
A1302,Official e-Stat municipal indicator A1302,15～64歳人口,SSDSE-A-2026 official municipal dataset,SSDSE-A-2026,A1302,See preserved e-Stat metadata @unit,"2010,2020",raw,No panel transformation; model-time imputation/scaling is fit inside folds.,candidate socioeconomic predictor,0.0,2026-09-03T17:13:26+09:00; 2026-09-03T17:14:41+09:00; 2026-09-03T17:15:49+09:00; 2026-09-03T17:17:42+09:00; 2026-09-03T17:17:59+09:00,Official metadata retained under data/raw/ssds_metadata and data/raw/ssds_core; no hand-translated raw label is used.,15～64歳人口,SSDSE-A-2026,2026,A1302,2020,No panel transformation; model-time imputation/scaling is fit inside folds.,True,https://www.nstac.go.jp/files/SSDSE-A-2026.csv
A1303,Official e-Stat municipal indicator A1303,65歳以上人口,SSDSE-A-2026 official municipal dataset,SSDSE-A-2026,A1303,See preserved e-Stat metadata @unit,"2010,2020",raw,No panel transformation; model-time imputation/scaling is fit inside folds.,candidate socioeconomic predictor,0.0,2026-09-03T17:13:26+09:00; 2026-09-03T17:14:41+09:00; 2026-09-03T17:15:49+09:00; 2026-09-03T17:17:42+09:00; 2026-09-03T17:17:59+09:00,Official metadata retained under data/raw/ssds_metadata and data/raw/ssds_core; no hand-translated raw label is used.,65歳以上人口,SSDSE-A-2026,2026,A1303,2020,No panel transformation; model-time imputation/scaling is fit inside folds.,True,https://www.nstac.go.jp/files/SSDSE-A-2026.csv
A1401,Official e-Stat municipal indicator A1401,A1401_3歳人口,e-Stat SSDS municipal data,0000020201,A1401,See preserved e-Stat metadata @unit,"2010,2020",raw,No panel transformation; model-time imputation/scaling is fit inside folds.,candidate socioeconomic predictor,0.00027419797093501506,2026-09-03T17:13:26+09:00; 2026-09-03T17:14:41+09:00; 2026-09-03T17:15:49+09:00; 2026-09-03T17:17:42+09:00; 2026-09-03T17:17:59+09:00,Official metadata retained under data/raw/ssds_metadata and data/raw/ssds_core; no hand-translated raw label is used.,A1401_3歳人口,e-Stat SSDS municipal data,,,,No panel transformation; model-time imputation/scaling is fit inside folds.,,
A1402,Official e-Stat municipal indicator A1402,A1402_4歳人口,e-Stat SSDS municipal data,0000020201,A1402,See preserved e-Stat metadata @unit,"2010,2020",raw,No panel transformation; model-time imputation/scaling is fit inside folds.,candidate socioeconomic predictor,0.00027419797093501506,2026-09-03T17:13:26+09:00; 2026-09-03T17:14:41+09:00; 2026-09-03T17:15:49+09:00; 2026-09-03T17:17:42+09:00; 2026-09-03T17:17:59+09:00,Official metadata retained under data/raw/ssds_metadata and data/raw/ssds_core; no hand-translated raw label is used.,A1402_4歳人口,e-Stat SSDS municipal data,,,,No panel transformation; model-time imputation/scaling is fit inside folds.,,
B1101,Official e-Stat municipal indicator B1101,総面積（北方地域及び竹島を除く）,SSDSE-A-2026 official municipal dataset,SSDSE-A-2026,B1101,See preserved e-Stat metadata @unit,"2010,2020",raw,No panel transformation; model-time imputation/scaling is fit inside folds.,candidate socioeconomic predictor,0.0,2026-09-03T17:13:26+09:00; 2026-09-03T17:14:41+09:00; 2026-09-03T17:15:49+09:00; 2026-09-03T17:17:42+09:00; 2026-09-03T17:17:59+09:00,Official metadata retained under data/raw/ssds_metadata and data/raw/ssds_core; no hand-translated raw label is used.,総面積（北方地域及び竹島を除く）,SSDSE-A-2026,2026,B1101,2024,No panel transformation; model-time imputation/scaling is fit inside folds.,False,https://www.nstac.go.jp/files/SSDSE-A-2026.csv
B1103,Official e-Stat municipal indicator B1103,可住地面積,SSDSE-A-2026 official municipal dataset,SSDSE-A-2026,B1103,See preserved e-Stat metadata @unit,"2010,2020",raw,No panel transformation; model-time imputation/scaling is fit inside folds.,candidate socioeconomic predictor,0.010419522895530574,2026-09-03T17:13:26+09:00; 2026-09-03T17:14:41+09:00; 2026-09-03T17:15:49+09:00; 2026-09-03T17:17:42+09:00; 2026-09-03T17:17:59+09:00,Official metadata retained under data/raw/ssds_metadata and data/raw/ssds_core; no hand-translated raw label is used.,可住地面積,SSDSE-A-2026,2026,B1103,2024,No panel transformation; model-time imputation/scaling is fit inside folds.,False,https://www.nstac.go.jp/files/SSDSE-A-2026.csv
B1104,Official e-Stat municipal indicator B1104,B1104_主要湖沼面積,e-Stat SSDS municipal data,0000020202,B1104,See preserved e-Stat metadata @unit,"2010,2020",raw,No panel transformation; model-time imputation/scaling is fit inside folds.,candidate socioeconomic predictor,0.00027419797093501506,2026-09-03T17:13:26+09:00; 2026-09-03T17:14:41+09:00; 2026-09-03T17:15:49+09:00; 2026-09-03T17:17:42+09:00; 2026-09-03T17:17:59+09:00,Official metadata retained under data/raw/ssds_metadata and data/raw/ssds_core; no hand-translated raw label is used.,B1104_主要湖沼面積,e-Stat SSDS municipal data,,,,No panel transformation; model-time imputation/scaling is fit inside folds.,,
C120110,Official e-Stat municipal indicator C120110,C120110_課税対象所得,e-Stat SSDS municipal data,0000020203,C120110,See preserved e-Stat metadata @unit,"2010,2020",raw,No panel transformation; model-time imputation/scaling is fit inside folds.,candidate socioeconomic predictor,0.045242665204277485,2026-09-03T17:13:26+09:00; 2026-09-03T17:14:41+09:00; 2026-09-03T17:15:49+09:00; 2026-09-03T17:17:42+09:00; 2026-09-03T17:17:59+09:00,Official metadata retained under data/raw/ssds_metadata and data/raw/ssds_core; no hand-translated raw label is used.,C120110_課税対象所得,e-Stat SSDS municipal data,,,,No panel transformation; model-time imputation/scaling is fit inside folds.,,
C120120,Official e-Stat municipal indicator C120120,C120120_納税義務者数（所得割）,e-Stat SSDS municipal data,0000020203,C120120,See preserved e-Stat metadata @unit,"2010,2020",raw,No panel transformation; model-time imputation/scaling is fit inside folds.,candidate socioeconomic predictor,0.045242665204277485,2026-09-03T17:13:26+09:00; 2026-09-03T17:14:41+09:00; 2026-09-03T17:15:49+09:00; 2026-09-03T17:17:42+09:00; 2026-09-03T17:17:59+09:00,Official metadata retained under data/raw/ssds_metadata and data/raw/ssds_core; no hand-translated raw label is used.,C120120_納税義務者数（所得割）,e-Stat SSDS municipal data,,,,No panel transformation; model-time imputation/scaling is fit inside folds.,,
D2201,Official e-Stat municipal indicator D2201,D2201_財政力指数（市町村財政）,e-Stat SSDS municipal data,0000020204,D2201,See preserved e-Stat metadata @unit,"2010,2020",raw,No panel transformation; model-time imputation/scaling is fit inside folds.,candidate socioeconomic predictor,0.05977515766383329,2026-09-03T17:13:26+09:00; 2026-09-03T17:14:41+09:00; 2026-09-03T17:15:49+09:00; 2026-09-03T17:17:42+09:00; 2026-09-03T17:17:59+09:00,Official metadata retained under data/raw/ssds_metadata and data/raw/ssds_core; no hand-translated raw label is used.,D2201_財政力指数（市町村財政）,e-Stat SSDS municipal data,,,,No panel transformation; model-time imputation/scaling is fit inside folds.,,
D2202,Official e-Stat municipal indicator D2202,D2202_実質収支比率（市町村財政）,e-Stat SSDS municipal data,0000020204,D2202,See preserved e-Stat metadata @unit,"2010,2020",raw,No panel transformation; model-time imputation/scaling is fit inside folds.,candidate socioeconomic predictor,0.05977515766383329,2026-09-03T17:13:26+09:00; 2026-09-03T17:14:41+09:00; 2026-09-03T17:15:49+09:00; 2026-09-03T17:17:42+09:00; 2026-09-03T17:17:59+09:00,Official metadata retained under data/raw/ssds_metadata and data/raw/ssds_core; no hand-translated raw label is used.,D2202_実質収支比率（市町村財政）,e-Stat SSDS municipal data,,,,No panel transformation; model-time imputation/scaling is fit inside folds.,,
D2203,Official e-Stat municipal indicator D2203,経常収支比率（市町村財政）,SSDSE-A-2026 official municipal dataset,SSDSE-A-2026,D2203,See preserved e-Stat metadata @unit,"2010,2020",raw,No panel transformation; model-time imputation/scaling is fit inside folds.,candidate socioeconomic predictor,0.04661365505895256,2026-09-03T17:13:26+09:00; 2026-09-03T17:14:41+09:00; 2026-09-03T17:15:49+09:00; 2026-09-03T17:17:42+09:00; 2026-09-03T17:17:59+09:00,Official metadata retained under data/raw/ssds_metadata and data/raw/ssds_core; no hand-translated raw label is used.,経常収支比率（市町村財政）,SSDSE-A-2026,2026,D2203,2022,No panel transformation; model-time imputation/scaling is fit inside folds.,False,https://www.nstac.go.jp/files/SSDSE-A-2026.csv
D2211,Official e-Stat municipal indicator D2211,実質公債費比率（市町村財政）,SSDSE-A-2026 official municipal dataset,SSDSE-A-2026,D2211,See preserved e-Stat metadata @unit,"2010,2020",raw,No panel transformation; model-time imputation/scaling is fit inside folds.,candidate socioeconomic predictor,0.04688785302988758,2026-09-03T17:13:26+09:00; 2026-09-03T17:14:41+09:00; 2026-09-03T17:15:49+09:00; 2026-09-03T17:17:42+09:00; 2026-09-03T17:17:59+09:00,Official metadata retained under data/raw/ssds_metadata and data/raw/ssds_core; no hand-translated raw label is used.,実質公債費比率（市町村財政）,SSDSE-A-2026,2026,D2211,2022,No panel transformation; model-time imputation/scaling is fit inside folds.,False,https://www.nstac.go.jp/files/SSDSE-A-2026.csv
D3201,Official e-Stat municipal indicator D3201,歳入決算総額（市町村財政）,SSDSE-A-2026 official municipal dataset,SSDSE-A-2026,D3201,See preserved e-Stat metadata @unit,"2010,2020",raw,No panel transformation; model-time imputation/scaling is fit inside folds.,candidate socioeconomic predictor,0.044968467233342475,2026-09-03T17:13:26+09:00; 2026-09-03T17:14:41+09:00; 2026-09-03T17:15:49+09:00; 2026-09-03T17:17:42+09:00; 2026-09-03T17:17:59+09:00,Official metadata retained under data/raw/ssds_metadata and data/raw/ssds_core; no hand-translated raw label is used.,歳入決算総額（市町村財政）,SSDSE-A-2026,2026,D3201,2022,No panel transformation; model-time imputation/scaling is fit inside folds.,False,https://www.nstac.go.jp/files/SSDSE-A-2026.csv
D320101,Official e-Stat municipal indicator D320101,地方税（市町村財政）,SSDSE-A-2026 official municipal dataset,SSDSE-A-2026,D320101,See preserved e-Stat metadata @unit,"2010,2020",raw,No panel transformation; model-time imputation/scaling is fit inside folds.,candidate socioeconomic predictor,0.044968467233342475,2026-09-03T17:13:26+09:00; 2026-09-03T17:14:41+09:00; 2026-09-03T17:15:49+09:00; 2026-09-03T17:17:42+09:00; 2026-09-03T17:17:59+09:00,Official metadata retained under data/raw/ssds_metadata and data/raw/ssds_core; no hand-translated raw label is used.,地方税（市町村財政）,SSDSE-A-2026,2026,D320101,2022,No panel transformation; model-time imputation/scaling is fit inside folds.,False,https://www.nstac.go.jp/files/SSDSE-A-2026.csv
E2101,Official e-Stat municipal indicator E2101,小学校数,SSDSE-A-2026 official municipal dataset,SSDSE-A-2026,E2101,See preserved e-Stat metadata @unit,"2010,2020",raw,No panel transformation; model-time imputation/scaling is fit inside folds.,candidate socioeconomic predictor,0.0,2026-09-03T17:13:26+09:00; 2026-09-03T17:14:41+09:00; 2026-09-03T17:15:49+09:00; 2026-09-03T17:17:42+09:00; 2026-09-03T17:17:59+09:00,Official metadata retained under data/raw/ssds_metadata and data/raw/ssds_core; no hand-translated raw label is used.,小学校数,SSDSE-A-2026,2026,E2101,2024,No panel transformation; model-time imputation/scaling is fit inside folds.,False,https://www.nstac.go.jp/files/SSDSE-A-2026.csv
E2501,Official e-Stat municipal indicator E2501,小学校児童数,SSDSE-A-2026 official municipal dataset,SSDSE-A-2026,E2501,See preserved e-Stat metadata @unit,"2010,2020",raw,No panel transformation; model-time imputation/scaling is fit inside folds.,candidate socioeconomic predictor,0.0,2026-09-03T17:13:26+09:00; 2026-09-03T17:14:41+09:00; 2026-09-03T17:15:49+09:00; 2026-09-03T17:17:42+09:00; 2026-09-03T17:17:59+09:00,Official metadata retained under data/raw/ssds_metadata and data/raw/ssds_core; no hand-translated raw label is used.,小学校児童数,SSDSE-A-2026,2026,E2501,2024,No panel transformation; model-time imputation/scaling is fit inside folds.,False,https://www.nstac.go.jp/files/SSDSE-A-2026.csv
E3101,Official e-Stat municipal indicator E3101,中学校数,SSDSE-A-2026 official municipal dataset,SSDSE-A-2026,E3101,See preserved e-Stat metadata @unit,"2010,2020",raw,No panel transformation; model-time imputation/scaling is fit inside folds.,candidate socioeconomic predictor,0.0,2026-09-03T17:13:26+09:00; 2026-09-03T17:14:41+09:00; 2026-09-03T17:15:49+09:00; 2026-09-03T17:17:42+09:00; 2026-09-03T17:17:59+09:00,Official metadata retained under data/raw/ssds_metadata and data/raw/ssds_core; no hand-translated raw label is used.,中学校数,SSDSE-A-2026,2026,E3101,2024,No panel transformation; model-time imputation/scaling is fit inside folds.,False,https://www.nstac.go.jp/files/SSDSE-A-2026.csv
E3501,Official e-Stat municipal indicator E3501,中学校生徒数,SSDSE-A-2026 official municipal dataset,SSDSE-A-2026,E3501,See preserved e-Stat metadata @unit,"2010,2020",raw,No panel transformation; model-time imputation/scaling is fit inside folds.,candidate socioeconomic predictor,0.0,2026-09-03T17:13:26+09:00; 2026-09-03T17:14:41+09:00; 2026-09-03T17:15:49+09:00; 2026-09-03T17:17:42+09:00; 2026-09-03T17:17:59+09:00,Official metadata retained under data/raw/ssds_metadata and data/raw/ssds_core; no hand-translated raw label is used.,中学校生徒数,SSDSE-A-2026,2026,E3501,2024,No panel transformation; model-time imputation/scaling is fit inside folds.,False,https://www.nstac.go.jp/files/SSDSE-A-2026.csv
E4101,Official e-Stat municipal indicator E4101,高等学校数,SSDSE-A-2026 official municipal dataset,SSDSE-A-2026,E4101,See preserved e-Stat metadata @unit,"2010,2020",raw,No panel transformation; model-time imputation/scaling is fit inside folds.,candidate socioeconomic predictor,0.0,2026-09-03T17:13:26+09:00; 2026-09-03T17:14:41+09:00; 2026-09-03T17:15:49+09:00; 2026-09-03T17:17:42+09:00; 2026-09-03T17:17:59+09:00,Official metadata retained under data/raw/ssds_metadata and data/raw/ssds_core; no hand-translated raw label is used.,高等学校数,SSDSE-A-2026,2026,E4101,2024,No panel transformation; model-time imputation/scaling is fit inside folds.,False,https://www.nstac.go.jp/files/SSDSE-A-2026.csv
E4501,Official e-Stat municipal indicator E4501,高等学校生徒数,SSDSE-A-2026 official municipal dataset,SSDSE-A-2026,E4501,See preserved e-Stat metadata @unit,"2010,2020",raw,No panel transformation; model-time imputation/scaling is fit inside folds.,candidate socioeconomic predictor,0.0,2026-09-03T17:13:26+09:00; 2026-09-03T17:14:41+09:00; 2026-09-03T17:15:49+09:00; 2026-09-03T17:17:42+09:00; 2026-09-03T17:17:59+09:00,Official metadata retained under data/raw/ssds_metadata and data/raw/ssds_core; no hand-translated raw label is used.,高等学校生徒数,SSDSE-A-2026,2026,E4501,2024,No panel transformation; model-time imputation/scaling is fit inside folds.,False,https://www.nstac.go.jp/files/SSDSE-A-2026.csv
E9106,Official e-Stat municipal indicator E9106,E9106_最終学歴人口（大学・大学院）,e-Stat SSDS municipal data,0000020205,E9106,See preserved e-Stat metadata @unit,"2010,2020",raw,No panel transformation; model-time imputation/scaling is fit inside folds.,candidate socioeconomic predictor,0.00027419797093501506,2026-09-03T17:13:26+09:00; 2026-09-03T17:14:41+09:00; 2026-09-03T17:15:49+09:00; 2026-09-03T17:17:42+09:00; 2026-09-03T17:17:59+09:00,Official metadata retained under data/raw/ssds_metadata and data/raw/ssds_core; no hand-translated raw label is used.,E9106_最終学歴人口（大学・大学院）,e-Stat SSDS municipal data,,,,No panel transformation; model-time imputation/scaling is fit inside folds.,,
F1101,Official e-Stat municipal indicator F1101,F1101_労働力人口,e-Stat SSDS municipal data,0000020206,F1101,See preserved e-Stat metadata @unit,"2010,2020",raw,No panel transformation; model-time imputation/scaling is fit inside folds.,candidate socioeconomic predictor,0.00027419797093501506,2026-09-03T17:13:26+09:00; 2026-09-03T17:14:41+09:00; 2026-09-03T17:15:49+09:00; 2026-09-03T17:17:42+09:00; 2026-09-03T17:17:59+09:00,Official metadata retained under data/raw/ssds_metadata and data/raw/ssds_core; no hand-translated raw label is used.,F1101_労働力人口,e-Stat SSDS municipal data,,,,No panel transformation; model-time imputation/scaling is fit inside folds.,,
F1102,Official e-Stat municipal indicator F1102,就業者数,SSDSE-A-2026 official municipal dataset,SSDSE-A-2026,F1102,See preserved e-Stat metadata @unit,"2010,2020",raw,No panel transformation; model-time imputation/scaling is fit inside folds.,candidate socioeconomic predictor,0.0,2026-09-03T17:13:26+09:00; 2026-09-03T17:14:41+09:00; 2026-09-03T17:15:49+09:00; 2026-09-03T17:17:42+09:00; 2026-09-03T17:17:59+09:00,Official metadata retained under data/raw/ssds_metadata and data/raw/ssds_core; no hand-translated raw label is used.,就業者数,SSDSE-A-2026,2026,F1102,2020,No panel transformation; model-time imputation/scaling is fit inside folds.,True,https://www.nstac.go.jp/files/SSDSE-A-2026.csv
F1107,Official e-Stat municipal indicator F1107,完全失業者数,SSDSE-A-2026 official municipal dataset,SSDSE-A-2026,F1107,See preserved e-Stat metadata @unit,"2010,2020",raw,No panel transformation; model-time imputation/scaling is fit inside folds.,candidate socioeconomic predictor,0.0,2026-09-03T17:13:26+09:00; 2026-09-03T17:14:41+09:00; 2026-09-03T17:15:49+09:00; 2026-09-03T17:17:42+09:00; 2026-09-03T17:17:59+09:00,Official metadata retained under data/raw/ssds_metadata and data/raw/ssds_core; no hand-translated raw label is used.,完全失業者数,SSDSE-A-2026,2026,F1107,2020,No panel transformation; model-time imputation/scaling is fit inside folds.,True,https://www.nstac.go.jp/files/SSDSE-A-2026.csv
F1108,Official e-Stat municipal indicator F1108,非労働力人口,SSDSE-A-2026 official municipal dataset,SSDSE-A-2026,F1108,See preserved e-Stat metadata @unit,"2010,2020",raw,No panel transformation; model-time imputation/scaling is fit inside folds.,candidate socioeconomic predictor,0.0,2026-09-03T17:13:26+09:00; 2026-09-03T17:14:41+09:00; 2026-09-03T17:15:49+09:00; 2026-09-03T17:17:42+09:00; 2026-09-03T17:17:59+09:00,Official metadata retained under data/raw/ssds_metadata and data/raw/ssds_core; no hand-translated raw label is used.,非労働力人口,SSDSE-A-2026,2026,F1108,2020,No panel transformation; model-time imputation/scaling is fit inside folds.,True,https://www.nstac.go.jp/files/SSDSE-A-2026.csv
F1301,Official e-Stat municipal indicator F1301,F1301_農林漁業者,e-Stat SSDS municipal data,0000020206,F1301,See preserved e-Stat metadata @unit,"2010,2020",raw,No panel transformation; model-time imputation/scaling is fit inside folds.,candidate socioeconomic predictor,0.00027419797093501506,2026-09-03T17:13:26+09:00; 2026-09-03T17:14:41+09:00; 2026-09-03T17:15:49+09:00; 2026-09-03T17:17:42+09:00; 2026-09-03T17:17:59+09:00,Official metadata retained under data/raw/ssds_metadata and data/raw/ssds_core; no hand-translated raw label is used.,F1301_農林漁業者,e-Stat SSDS municipal data,,,,No panel transformation; model-time imputation/scaling is fit inside folds.,,
F1307,Official e-Stat municipal indicator F1307,F1307_専門職業者,e-Stat SSDS municipal data,0000020206,F1307,See preserved e-Stat metadata @unit,"2010,2020",raw,No panel transformation; model-time imputation/scaling is fit inside folds.,candidate socioeconomic predictor,0.00027419797093501506,2026-09-03T17:13:26+09:00; 2026-09-03T17:14:41+09:00; 2026-09-03T17:15:49+09:00; 2026-09-03T17:17:42+09:00; 2026-09-03T17:17:59+09:00,Official metadata retained under data/raw/ssds_metadata and data/raw/ssds_core; no hand-translated raw label is used.,F1307_専門職業者,e-Stat SSDS municipal data,,,,No panel transformation; model-time imputation/scaling is fit inside folds.,,
F1311,Official e-Stat municipal indicator F1311,F1311_管理職,e-Stat SSDS municipal data,0000020206,F1311,See preserved e-Stat metadata @unit,"2010,2020",raw,No panel transformation; model-time imputation/scaling is fit inside folds.,candidate socioeconomic predictor,0.00027419797093501506,2026-09-03T17:13:26+09:00; 2026-09-03T17:14:41+09:00; 2026-09-03T17:15:49+09:00; 2026-09-03T17:17:42+09:00; 2026-09-03T17:17:59+09:00,Official metadata retained under data/raw/ssds_metadata and data/raw/ssds_core; no hand-translated raw label is used.,F1311_管理職,e-Stat SSDS municipal data,,,,No panel transformation; model-time imputation/scaling is fit inside folds.,,
I5101,Official e-Stat municipal indicator I5101,I5101_病院数,e-Stat SSDS municipal data,0000020209,I5101,See preserved e-Stat metadata @unit,"2010,2020",raw,No panel transformation; model-time imputation/scaling is fit inside folds.,candidate socioeconomic predictor,0.00027419797093501506,2026-09-03T17:13:26+09:00; 2026-09-03T17:14:41+09:00; 2026-09-03T17:15:49+09:00; 2026-09-03T17:17:42+09:00; 2026-09-03T17:17:59+09:00,Official metadata retained under data/raw/ssds_metadata and data/raw/ssds_core; no hand-translated raw label is used.,I5101_病院数,e-Stat SSDS municipal data,,,,No panel transformation; model-time imputation/scaling is fit inside folds.,,
I5102,Official e-Stat municipal indicator I5102,一般診療所数,SSDSE-A-2026 official municipal dataset,SSDSE-A-2026,I5102,See preserved e-Stat metadata @unit,"2010,2020",raw,No panel transformation; model-time imputation/scaling is fit inside folds.,candidate socioeconomic predictor,0.0,2026-09-03T17:13:26+09:00; 2026-09-03T17:14:41+09:00; 2026-09-03T17:15:49+09:00; 2026-09-03T17:17:42+09:00; 2026-09-03T17:17:59+09:00,Official metadata retained under data/raw/ssds_metadata and data/raw/ssds_core; no hand-translated raw label is used.,一般診療所数,SSDSE-A-2026,2026,I5102,2023,No panel transformation; model-time imputation/scaling is fit inside folds.,False,https://www.nstac.go.jp/files/SSDSE-A-2026.csv
I5103,Official e-Stat municipal indicator I5103,歯科診療所数,SSDSE-A-2026 official municipal dataset,SSDSE-A-2026,I5103,See preserved e-Stat metadata @unit,"2010,2020",raw,No panel transformation; model-time imputation/scaling is fit inside folds.,candidate socioeconomic predictor,0.0,2026-09-03T17:13:26+09:00; 2026-09-03T17:14:41+09:00; 2026-09-03T17:15:49+09:00; 2026-09-03T17:17:42+09:00; 2026-09-03T17:17:59+09:00,Official metadata retained under data/raw/ssds_metadata and data/raw/ssds_core; no hand-translated raw label is used.,歯科診療所数,SSDSE-A-2026,2026,I5103,2023,No panel transformation; model-time imputation/scaling is fit inside folds.,False,https://www.nstac.go.jp/files/SSDSE-A-2026.csv
I5211,Official e-Stat municipal indicator I5211,I5211_病院病床数,e-Stat SSDS municipal data,0000020209,I5211,See preserved e-Stat metadata @unit,"2010,2020",raw,No panel transformation; model-time imputation/scaling is fit inside folds.,candidate socioeconomic predictor,0.00027419797093501506,2026-09-03T17:13:26+09:00; 2026-09-03T17:14:41+09:00; 2026-09-03T17:15:49+09:00; 2026-09-03T17:17:42+09:00; 2026-09-03T17:17:59+09:00,Official metadata retained under data/raw/ssds_metadata and data/raw/ssds_core; no hand-translated raw label is used.,I5211_病院病床数,e-Stat SSDS municipal data,,,,No panel transformation; model-time imputation/scaling is fit inside folds.,,
I6100,Official e-Stat municipal indicator I6100,医師数,SSDSE-A-2026 official municipal dataset,SSDSE-A-2026,I6100,See preserved e-Stat metadata @unit,"2010,2020",raw,No panel transformation; model-time imputation/scaling is fit inside folds.,candidate socioeconomic predictor,0.0,2026-09-03T17:13:26+09:00; 2026-09-03T17:14:41+09:00; 2026-09-03T17:15:49+09:00; 2026-09-03T17:17:42+09:00; 2026-09-03T17:17:59+09:00,Official metadata retained under data/raw/ssds_metadata and data/raw/ssds_core; no hand-translated raw label is used.,医師数,SSDSE-A-2026,2026,I6100,2022,No panel transformation; model-time imputation/scaling is fit inside folds.,False,https://www.nstac.go.jp/files/SSDSE-A-2026.csv
population_density,population density,,derived from e-Stat inputs,,,count / transformed count,"2010,2020",derived,A1101 / B1101; denominator > 0,derived predictor,0.00027419797093501506,2026-09-03T17:13:26+09:00; 2026-09-03T17:14:41+09:00; 2026-09-03T17:15:49+09:00; 2026-09-03T17:17:42+09:00; 2026-09-03T17:17:59+09:00,Formula is defined here; source components are separately listed.,,derived from e-Stat inputs,,,,A1101 / B1101; denominator > 0,,
aging_share_65plus,age 65+ share,,derived from e-Stat inputs,,,proportion,"2010,2020",derived,A1303 / A1101; denominator > 0,derived predictor,0.00027419797093501506,2026-09-03T17:13:26+09:00; 2026-09-03T17:14:41+09:00; 2026-09-03T17:15:49+09:00; 2026-09-03T17:17:42+09:00; 2026-09-03T17:17:59+09:00,Formula is defined here; source components are separately listed.,,SSDSE-A-2026 derived,2026,,,A1303 / A1101; denominator > 0,True,https://www.nstac.go.jp/files/SSDSE-A-2026.csv
working_age_share_15_64,working-age share,,derived from e-Stat inputs,,,proportion,"2010,2020",derived,A1302 / A1101; denominator > 0,derived predictor,0.00027419797093501506,2026-09-03T17:13:26+09:00; 2026-09-03T17:14:41+09:00; 2026-09-03T17:15:49+09:00; 2026-09-03T17:17:42+09:00; 2026-09-03T17:17:59+09:00,Formula is defined here; source components are separately listed.,,SSDSE-A-2026 derived,2026,,,A1302 / A1101; denominator > 0,True,https://www.nstac.go.jp/files/SSDSE-A-2026.csv
youth_share_0_14,youth share,,derived from e-Stat inputs,,,proportion,"2010,2020",derived,A1301 / A1101; denominator > 0,derived predictor,0.00027419797093501506,2026-09-03T17:13:26+09:00; 2026-09-03T17:14:41+09:00; 2026-09-03T17:15:49+09:00; 2026-09-03T17:17:42+09:00; 2026-09-03T17:17:59+09:00,Formula is defined here; source components are separately listed.,,SSDSE-A-2026 derived,2026,,,A1301 / A1101; denominator > 0,True,https://www.nstac.go.jp/files/SSDSE-A-2026.csv
log_commuters,log commuting/schooling population,,derived from e-Stat inputs,,,count / transformed count,"2010,2020",derived,log1p(commuters),"derived, descriptive only",0.00027419797093501506,2026-09-03T17:13:26+09:00; 2026-09-03T17:14:41+09:00; 2026-09-03T17:15:49+09:00; 2026-09-03T17:17:42+09:00; 2026-09-03T17:17:59+09:00,Formula is defined here; source components are separately listed.,,derived from e-Stat inputs,,,,log1p(commuters),,
rail_pp,"rail use share, percentage points",,derived from e-Stat inputs,,,count / transformed count,"2010,2020",derived,100 * rail_any_share,"derived, descriptive only",0.00027419797093501506,2026-09-03T17:13:26+09:00; 2026-09-03T17:14:41+09:00; 2026-09-03T17:15:49+09:00; 2026-09-03T17:17:42+09:00; 2026-09-03T17:17:59+09:00,Formula is defined here; source components are separately listed.,,derived from e-Stat inputs,,,,100 * rail_any_share,,
prefecture_name,prefecture_name,,panel identifier,,,code/year/name,2020,identifier,municipality code join key or observation time/name field,identifier,0.5226213326021387,,,,panel identifier,,,,municipality code join key or observation time/name field,,
municipality_name,municipality_name,,panel identifier,,,code/year/name,2020,identifier,municipality code join key or observation time/name field,identifier,0.5226213326021387,,,,panel identifier,,,,municipality code join key or observation time/name field,,
A110101,Official e-Stat municipal indicator A110101,総人口（男）,SSDSE-A-2026 official municipal dataset,SSDSE-A-2026,A110101,See preserved e-Stat metadata @unit,2020,raw,No panel transformation; model-time imputation/scaling is fit inside folds.,candidate socioeconomic predictor,0.5226213326021387,2026-09-03T17:13:26+09:00; 2026-09-03T17:14:41+09:00; 2026-09-03T17:15:49+09:00; 2026-09-03T17:17:42+09:00; 2026-09-03T17:17:59+09:00,Official metadata retained under data/raw/ssds_metadata and data/raw/ssds_core; no hand-translated raw label is used.,総人口（男）,SSDSE-A-2026,2026,A110101,2020,No panel transformation; model-time imputation/scaling is fit inside folds.,True,https://www.nstac.go.jp/files/SSDSE-A-2026.csv
A110102,Official e-Stat municipal indicator A110102,総人口（女）,SSDSE-A-2026 official municipal dataset,SSDSE-A-2026,A110102,See preserved e-Stat metadata @unit,2020,raw,No panel transformation; model-time imputation/scaling is fit inside folds.,candidate socioeconomic predictor,0.5226213326021387,2026-09-03T17:13:26+09:00; 2026-09-03T17:14:41+09:00; 2026-09-03T17:15:49+09:00; 2026-09-03T17:17:42+09:00; 2026-09-03T17:17:59+09:00,Official metadata retained under data/raw/ssds_metadata and data/raw/ssds_core; no hand-translated raw label is used.,総人口（女）,SSDSE-A-2026,2026,A110102,2020,No panel transformation; model-time imputation/scaling is fit inside folds.,True,https://www.nstac.go.jp/files/SSDSE-A-2026.csv
A110201,Official e-Stat municipal indicator A110201,日本人人口（男）,SSDSE-A-2026 official municipal dataset,SSDSE-A-2026,A110201,See preserved e-Stat metadata @unit,2020,raw,No panel transformation; model-time imputation/scaling is fit inside folds.,candidate socioeconomic predictor,0.5226213326021387,2026-09-03T17:13:26+09:00; 2026-09-03T17:14:41+09:00; 2026-09-03T17:15:49+09:00; 2026-09-03T17:17:42+09:00; 2026-09-03T17:17:59+09:00,Official metadata retained under data/raw/ssds_metadata and data/raw/ssds_core; no hand-translated raw label is used.,日本人人口（男）,SSDSE-A-2026,2026,A110201,2020,No panel transformation; model-time imputation/scaling is fit inside folds.,True,https://www.nstac.go.jp/files/SSDSE-A-2026.csv
A110202,Official e-Stat municipal indicator A110202,日本人人口（女）,SSDSE-A-2026 official municipal dataset,SSDSE-A-2026,A110202,See preserved e-Stat metadata @unit,2020,raw,No panel transformation; model-time imputation/scaling is fit inside folds.,candidate socioeconomic predictor,0.5226213326021387,2026-09-03T17:13:26+09:00; 2026-09-03T17:14:41+09:00; 2026-09-03T17:15:49+09:00; 2026-09-03T17:17:42+09:00; 2026-09-03T17:17:59+09:00,Official metadata retained under data/raw/ssds_metadata and data/raw/ssds_core; no hand-translated raw label is used.,日本人人口（女）,SSDSE-A-2026,2026,A110202,2020,No panel transformation; model-time imputation/scaling is fit inside folds.,True,https://www.nstac.go.jp/files/SSDSE-A-2026.csv
A130101,Official e-Stat municipal indicator A130101,15歳未満人口（男）,SSDSE-A-2026 official municipal dataset,SSDSE-A-2026,A130101,See preserved e-Stat metadata @unit,2020,raw,No panel transformation; model-time imputation/scaling is fit inside folds.,candidate socioeconomic predictor,0.5226213326021387,2026-09-03T17:13:26+09:00; 2026-09-03T17:14:41+09:00; 2026-09-03T17:15:49+09:00; 2026-09-03T17:17:42+09:00; 2026-09-03T17:17:59+09:00,Official metadata retained under data/raw/ssds_metadata and data/raw/ssds_core; no hand-translated raw label is used.,15歳未満人口（男）,SSDSE-A-2026,2026,A130101,2020,No panel transformation; model-time imputation/scaling is fit inside folds.,True,https://www.nstac.go.jp/files/SSDSE-A-2026.csv
A130102,Official e-Stat municipal indicator A130102,15歳未満人口（女）,SSDSE-A-2026 official municipal dataset,SSDSE-A-2026,A130102,See preserved e-Stat metadata @unit,2020,raw,No panel transformation; model-time imputation/scaling is fit inside folds.,candidate socioeconomic predictor,0.5226213326021387,2026-09-03T17:13:26+09:00; 2026-09-03T17:14:41+09:00; 2026-09-03T17:15:49+09:00; 2026-09-03T17:17:42+09:00; 2026-09-03T17:17:59+09:00,Official metadata retained under data/raw/ssds_metadata and data/raw/ssds_core; no hand-translated raw label is used.,15歳未満人口（女）,SSDSE-A-2026,2026,A130102,2020,No panel transformation; model-time imputation/scaling is fit inside folds.,True,https://www.nstac.go.jp/files/SSDSE-A-2026.csv
A130201,Official e-Stat municipal indicator A130201,15～64歳人口（男）,SSDSE-A-2026 official municipal dataset,SSDSE-A-2026,A130201,See preserved e-Stat metadata @unit,2020,raw,No panel transformation; model-time imputation/scaling is fit inside folds.,candidate socioeconomic predictor,0.5226213326021387,2026-09-03T17:13:26+09:00; 2026-09-03T17:14:41+09:00; 2026-09-03T17:15:49+09:00; 2026-09-03T17:17:42+09:00; 2026-09-03T17:17:59+09:00,Official metadata retained under data/raw/ssds_metadata and data/raw/ssds_core; no hand-translated raw label is used.,15～64歳人口（男）,SSDSE-A-2026,2026,A130201,2020,No panel transformation; model-time imputation/scaling is fit inside folds.,True,https://www.nstac.go.jp/files/SSDSE-A-2026.csv
A130202,Official e-Stat municipal indicator A130202,15～64歳人口（女）,SSDSE-A-2026 official municipal dataset,SSDSE-A-2026,A130202,See preserved e-Stat metadata @unit,2020,raw,No panel transformation; model-time imputation/scaling is fit inside folds.,candidate socioeconomic predictor,0.5226213326021387,2026-09-03T17:13:26+09:00; 2026-09-03T17:14:41+09:00; 2026-09-03T17:15:49+09:00; 2026-09-03T17:17:42+09:00; 2026-09-03T17:17:59+09:00,Official metadata retained under data/raw/ssds_metadata and data/raw/ssds_core; no hand-translated raw label is used.,15～64歳人口（女）,SSDSE-A-2026,2026,A130202,2020,No panel transformation; model-time imputation/scaling is fit inside folds.,True,https://www.nstac.go.jp/files/SSDSE-A-2026.csv
A130301,Official e-Stat municipal indicator A130301,65歳以上人口（男）,SSDSE-A-2026 official municipal dataset,SSDSE-A-2026,A130301,See preserved e-Stat metadata @unit,2020,raw,No panel transformation; model-time imputation/scaling is fit inside folds.,candidate socioeconomic predictor,0.5226213326021387,2026-09-03T17:13:26+09:00; 2026-09-03T17:14:41+09:00; 2026-09-03T17:15:49+09:00; 2026-09-03T17:17:42+09:00; 2026-09-03T17:17:59+09:00,Official metadata retained under data/raw/ssds_metadata and data/raw/ssds_core; no hand-translated raw label is used.,65歳以上人口（男）,SSDSE-A-2026,2026,A130301,2020,No panel transformation; model-time imputation/scaling is fit inside folds.,True,https://www.nstac.go.jp/files/SSDSE-A-2026.csv
A130302,Official e-Stat municipal indicator A130302,65歳以上人口（女）,SSDSE-A-2026 official municipal dataset,SSDSE-A-2026,A130302,See preserved e-Stat metadata @unit,2020,raw,No panel transformation; model-time imputation/scaling is fit inside folds.,candidate socioeconomic predictor,0.5226213326021387,2026-09-03T17:13:26+09:00; 2026-09-03T17:14:41+09:00; 2026-09-03T17:15:49+09:00; 2026-09-03T17:17:42+09:00; 2026-09-03T17:17:59+09:00,Official metadata retained under data/raw/ssds_metadata and data/raw/ssds_core; no hand-translated raw label is used.,65歳以上人口（女）,SSDSE-A-2026,2026,A130302,2020,No panel transformation; model-time imputation/scaling is fit inside folds.,True,https://www.nstac.go.jp/files/SSDSE-A-2026.csv
A1419,Official e-Stat municipal indicator A1419,75歳以上人口,SSDSE-A-2026 official municipal dataset,SSDSE-A-2026,A1419,See preserved e-Stat metadata @unit,2020,raw,No panel transformation; model-time imputation/scaling is fit inside folds.,candidate socioeconomic predictor,0.5226213326021387,2026-09-03T17:13:26+09:00; 2026-09-03T17:14:41+09:00; 2026-09-03T17:15:49+09:00; 2026-09-03T17:17:42+09:00; 2026-09-03T17:17:59+09:00,Official metadata retained under data/raw/ssds_metadata and data/raw/ssds_core; no hand-translated raw label is used.,75歳以上人口,SSDSE-A-2026,2026,A1419,2020,No panel transformation; model-time imputation/scaling is fit inside folds.,True,https://www.nstac.go.jp/files/SSDSE-A-2026.csv
A141901,Official e-Stat municipal indicator A141901,75歳以上人口（男）,SSDSE-A-2026 official municipal dataset,SSDSE-A-2026,A141901,See preserved e-Stat metadata @unit,2020,raw,No panel transformation; model-time imputation/scaling is fit inside folds.,candidate socioeconomic predictor,0.5226213326021387,2026-09-03T17:13:26+09:00; 2026-09-03T17:14:41+09:00; 2026-09-03T17:15:49+09:00; 2026-09-03T17:17:42+09:00; 2026-09-03T17:17:59+09:00,Official metadata retained under data/raw/ssds_metadata and data/raw/ssds_core; no hand-translated raw label is used.,75歳以上人口（男）,SSDSE-A-2026,2026,A141901,2020,No panel transformation; model-time imputation/scaling is fit inside folds.,True,https://www.nstac.go.jp/files/SSDSE-A-2026.csv
A141902,Official e-Stat municipal indicator A141902,75歳以上人口（女）,SSDSE-A-2026 official municipal dataset,SSDSE-A-2026,A141902,See preserved e-Stat metadata @unit,2020,raw,No panel transformation; model-time imputation/scaling is fit inside folds.,candidate socioeconomic predictor,0.5226213326021387,2026-09-03T17:13:26+09:00; 2026-09-03T17:14:41+09:00; 2026-09-03T17:15:49+09:00; 2026-09-03T17:17:42+09:00; 2026-09-03T17:17:59+09:00,Official metadata retained under data/raw/ssds_metadata and data/raw/ssds_core; no hand-translated raw label is used.,75歳以上人口（女）,SSDSE-A-2026,2026,A141902,2020,No panel transformation; model-time imputation/scaling is fit inside folds.,True,https://www.nstac.go.jp/files/SSDSE-A-2026.csv
A1700,Official e-Stat municipal indicator A1700,外国人人口,SSDSE-A-2026 official municipal dataset,SSDSE-A-2026,A1700,See preserved e-Stat metadata @unit,2020,raw,No panel transformation; model-time imputation/scaling is fit inside folds.,candidate socioeconomic predictor,0.5226213326021387,2026-09-03T17:13:26+09:00; 2026-09-03T17:14:41+09:00; 2026-09-03T17:15:49+09:00; 2026-09-03T17:17:42+09:00; 2026-09-03T17:17:59+09:00,Official metadata retained under data/raw/ssds_metadata and data/raw/ssds_core; no hand-translated raw label is used.,外国人人口,SSDSE-A-2026,2026,A1700,2020,No panel transformation; model-time imputation/scaling is fit inside folds.,True,https://www.nstac.go.jp/files/SSDSE-A-2026.csv
A4101,Official e-Stat municipal indicator A4101,出生数,SSDSE-A-2026 official municipal dataset,SSDSE-A-2026,A4101,See preserved e-Stat metadata @unit,2020,raw,No panel transformation; model-time imputation/scaling is fit inside folds.,candidate socioeconomic predictor,0.5226213326021387,2026-09-03T17:13:26+09:00; 2026-09-03T17:14:41+09:00; 2026-09-03T17:15:49+09:00; 2026-09-03T17:17:42+09:00; 2026-09-03T17:17:59+09:00,Official metadata retained under data/raw/ssds_metadata and data/raw/ssds_core; no hand-translated raw label is used.,出生数,SSDSE-A-2026,2026,A4101,2023,No panel transformation; model-time imputation/scaling is fit inside folds.,False,https://www.nstac.go.jp/files/SSDSE-A-2026.csv
A4200,Official e-Stat municipal indicator A4200,死亡数,SSDSE-A-2026 official municipal dataset,SSDSE-A-2026,A4200,See preserved e-Stat metadata @unit,2020,raw,No panel transformation; model-time imputation/scaling is fit inside folds.,candidate socioeconomic predictor,0.5226213326021387,2026-09-03T17:13:26+09:00; 2026-09-03T17:14:41+09:00; 2026-09-03T17:15:49+09:00; 2026-09-03T17:17:42+09:00; 2026-09-03T17:17:59+09:00,Official metadata retained under data/raw/ssds_metadata and data/raw/ssds_core; no hand-translated raw label is used.,死亡数,SSDSE-A-2026,2026,A4200,2023,No panel transformation; model-time imputation/scaling is fit inside folds.,False,https://www.nstac.go.jp/files/SSDSE-A-2026.csv
A5101,Official e-Stat municipal indicator A5101,転入者数（日本人移動者）,SSDSE-A-2026 official municipal dataset,SSDSE-A-2026,A5101,See preserved e-Stat metadata @unit,2020,raw,No panel transformation; model-time imputation/scaling is fit inside folds.,candidate socioeconomic predictor,0.5226213326021387,2026-09-03T17:13:26+09:00; 2026-09-03T17:14:41+09:00; 2026-09-03T17:15:49+09:00; 2026-09-03T17:17:42+09:00; 2026-09-03T17:17:59+09:00,Official metadata retained under data/raw/ssds_metadata and data/raw/ssds_core; no hand-translated raw label is used.,転入者数（日本人移動者）,SSDSE-A-2026,2026,A5101,2024,No panel transformation; model-time imputation/scaling is fit inside folds.,False,https://www.nstac.go.jp/files/SSDSE-A-2026.csv
A5102,Official e-Stat municipal indicator A5102,転出者数（日本人移動者）,SSDSE-A-2026 official municipal dataset,SSDSE-A-2026,A5102,See preserved e-Stat metadata @unit,2020,raw,No panel transformation; model-time imputation/scaling is fit inside folds.,candidate socioeconomic predictor,0.5226213326021387,2026-09-03T17:13:26+09:00; 2026-09-03T17:14:41+09:00; 2026-09-03T17:15:49+09:00; 2026-09-03T17:17:42+09:00; 2026-09-03T17:17:59+09:00,Official metadata retained under data/raw/ssds_metadata and data/raw/ssds_core; no hand-translated raw label is used.,転出者数（日本人移動者）,SSDSE-A-2026,2026,A5102,2024,No panel transformation; model-time imputation/scaling is fit inside folds.,False,https://www.nstac.go.jp/files/SSDSE-A-2026.csv
A7101,Official e-Stat municipal indicator A7101,世帯数,SSDSE-A-2026 official municipal dataset,SSDSE-A-2026,A7101,See preserved e-Stat metadata @unit,2020,raw,No panel transformation; model-time imputation/scaling is fit inside folds.,candidate socioeconomic predictor,0.5226213326021387,2026-09-03T17:13:26+09:00; 2026-09-03T17:14:41+09:00; 2026-09-03T17:15:49+09:00; 2026-09-03T17:17:42+09:00; 2026-09-03T17:17:59+09:00,Official metadata retained under data/raw/ssds_metadata and data/raw/ssds_core; no hand-translated raw label is used.,世帯数,SSDSE-A-2026,2026,A7101,2020,No panel transformation; model-time imputation/scaling is fit inside folds.,True,https://www.nstac.go.jp/files/SSDSE-A-2026.csv
A710101,Official e-Stat municipal indicator A710101,一般世帯数,SSDSE-A-2026 official municipal dataset,SSDSE-A-2026,A710101,See preserved e-Stat metadata @unit,2020,raw,No panel transformation; model-time imputation/scaling is fit inside folds.,candidate socioeconomic predictor,0.5226213326021387,2026-09-03T17:13:26+09:00; 2026-09-03T17:14:41+09:00; 2026-09-03T17:15:49+09:00; 2026-09-03T17:17:42+09:00; 2026-09-03T17:17:59+09:00,Official metadata retained under data/raw/ssds_metadata and data/raw/ssds_core; no hand-translated raw label is used.,一般世帯数,SSDSE-A-2026,2026,A710101,2020,No panel transformation; model-time imputation/scaling is fit inside folds.,True,https://www.nstac.go.jp/files/SSDSE-A-2026.csv
A710201,Official e-Stat municipal indicator A710201,一般世帯人員数,SSDSE-A-2026 official municipal dataset,SSDSE-A-2026,A710201,See preserved e-Stat metadata @unit,2020,raw,No panel transformation; model-time imputation/scaling is fit inside folds.,candidate socioeconomic predictor,0.5226213326021387,2026-09-03T17:13:26+09:00; 2026-09-03T17:14:41+09:00; 2026-09-03T17:15:49+09:00; 2026-09-03T17:17:42+09:00; 2026-09-03T17:17:59+09:00,Official metadata retained under data/raw/ssds_metadata and data/raw/ssds_core; no hand-translated raw label is used.,一般世帯人員数,SSDSE-A-2026,2026,A710201,2020,No panel transformation; model-time imputation/scaling is fit inside folds.,True,https://www.nstac.go.jp/files/SSDSE-A-2026.csv
A810102,Official e-Stat municipal indicator A810102,核家族世帯数,SSDSE-A-2026 official municipal dataset,SSDSE-A-2026,A810102,See preserved e-Stat metadata @unit,2020,raw,No panel transformation; model-time imputation/scaling is fit inside folds.,candidate socioeconomic predictor,0.5226213326021387,2026-09-03T17:13:26+09:00; 2026-09-03T17:14:41+09:00; 2026-09-03T17:15:49+09:00; 2026-09-03T17:17:42+09:00; 2026-09-03T17:17:59+09:00,Official metadata retained under data/raw/ssds_metadata and data/raw/ssds_core; no hand-translated raw label is used.,核家族世帯数,SSDSE-A-2026,2026,A810102,2020,No panel transformation; model-time imputation/scaling is fit inside folds.,True,https://www.nstac.go.jp/files/SSDSE-A-2026.csv
A810105,Official e-Stat municipal indicator A810105,単独世帯数,SSDSE-A-2026 official municipal dataset,SSDSE-A-2026,A810105,See preserved e-Stat metadata @unit,2020,raw,No panel transformation; model-time imputation/scaling is fit inside folds.,candidate socioeconomic predictor,0.5226213326021387,2026-09-03T17:13:26+09:00; 2026-09-03T17:14:41+09:00; 2026-09-03T17:15:49+09:00; 2026-09-03T17:17:42+09:00; 2026-09-03T17:17:59+09:00,Official metadata retained under data/raw/ssds_metadata and data/raw/ssds_core; no hand-translated raw label is used.,単独世帯数,SSDSE-A-2026,2026,A810105,2020,No panel transformation; model-time imputation/scaling is fit inside folds.,True,https://www.nstac.go.jp/files/SSDSE-A-2026.csv
A811102,Official e-Stat municipal indicator A811102,65歳以上の世帯員のいる核家族世帯数,SSDSE-A-2026 official municipal dataset,SSDSE-A-2026,A811102,See preserved e-Stat metadata @unit,2020,raw,No panel transformation; model-time imputation/scaling is fit inside folds.,candidate socioeconomic predictor,0.5226213326021387,2026-09-03T17:13:26+09:00; 2026-09-03T17:14:41+09:00; 2026-09-03T17:15:49+09:00; 2026-09-03T17:17:42+09:00; 2026-09-03T17:17:59+09:00,Official metadata retained under data/raw/ssds_metadata and data/raw/ssds_core; no hand-translated raw label is used.,65歳以上の世帯員のいる核家族世帯数,SSDSE-A-2026,2026,A811102,2020,No panel transformation; model-time imputation/scaling is fit inside folds.,True,https://www.nstac.go.jp/files/SSDSE-A-2026.csv
A8201,Official e-Stat municipal indicator A8201,夫65歳以上、妻60歳以上の夫婦のみの世帯数,SSDSE-A-2026 official municipal dataset,SSDSE-A-2026,A8201,See preserved e-Stat metadata @unit,2020,raw,No panel transformation; model-time imputation/scaling is fit inside folds.,candidate socioeconomic predictor,0.5226213326021387,2026-09-03T17:13:26+09:00; 2026-09-03T17:14:41+09:00; 2026-09-03T17:15:49+09:00; 2026-09-03T17:17:42+09:00; 2026-09-03T17:17:59+09:00,Official metadata retained under data/raw/ssds_metadata and data/raw/ssds_core; no hand-translated raw label is used.,夫65歳以上、妻60歳以上の夫婦のみの世帯数,SSDSE-A-2026,2026,A8201,2020,No panel transformation; model-time imputation/scaling is fit inside folds.,True,https://www.nstac.go.jp/files/SSDSE-A-2026.csv
A8301,Official e-Stat municipal indicator A8301,65歳以上世帯員の単独世帯数,SSDSE-A-2026 official municipal dataset,SSDSE-A-2026,A8301,See preserved e-Stat metadata @unit,2020,raw,No panel transformation; model-time imputation/scaling is fit inside folds.,candidate socioeconomic predictor,0.5226213326021387,2026-09-03T17:13:26+09:00; 2026-09-03T17:14:41+09:00; 2026-09-03T17:15:49+09:00; 2026-09-03T17:17:42+09:00; 2026-09-03T17:17:59+09:00,Official metadata retained under data/raw/ssds_metadata and data/raw/ssds_core; no hand-translated raw label is used.,65歳以上世帯員の単独世帯数,SSDSE-A-2026,2026,A8301,2020,No panel transformation; model-time imputation/scaling is fit inside folds.,True,https://www.nstac.go.jp/files/SSDSE-A-2026.csv
A9101,Official e-Stat municipal indicator A9101,婚姻件数,SSDSE-A-2026 official municipal dataset,SSDSE-A-2026,A9101,See preserved e-Stat metadata @unit,2020,raw,No panel transformation; model-time imputation/scaling is fit inside folds.,candidate socioeconomic predictor,0.5226213326021387,2026-09-03T17:13:26+09:00; 2026-09-03T17:14:41+09:00; 2026-09-03T17:15:49+09:00; 2026-09-03T17:17:42+09:00; 2026-09-03T17:17:59+09:00,Official metadata retained under data/raw/ssds_metadata and data/raw/ssds_core; no hand-translated raw label is used.,婚姻件数,SSDSE-A-2026,2026,A9101,2023,No panel transformation; model-time imputation/scaling is fit inside folds.,False,https://www.nstac.go.jp/files/SSDSE-A-2026.csv
A9201,Official e-Stat municipal indicator A9201,離婚件数,SSDSE-A-2026 official municipal dataset,SSDSE-A-2026,A9201,See preserved e-Stat metadata @unit,2020,raw,No panel transformation; model-time imputation/scaling is fit inside folds.,candidate socioeconomic predictor,0.5226213326021387,2026-09-03T17:13:26+09:00; 2026-09-03T17:14:41+09:00; 2026-09-03T17:15:49+09:00; 2026-09-03T17:17:42+09:00; 2026-09-03T17:17:59+09:00,Official metadata retained under data/raw/ssds_metadata and data/raw/ssds_core; no hand-translated raw label is used.,離婚件数,SSDSE-A-2026,2026,A9201,2023,No panel transformation; model-time imputation/scaling is fit inside folds.,False,https://www.nstac.go.jp/files/SSDSE-A-2026.csv
C2108,Official e-Stat municipal indicator C2108,事業所数（民営）,SSDSE-A-2026 official municipal dataset,SSDSE-A-2026,C2108,See preserved e-Stat metadata @unit,2020,raw,No panel transformation; model-time imputation/scaling is fit inside folds.,candidate socioeconomic predictor,0.5226213326021387,2026-09-03T17:13:26+09:00; 2026-09-03T17:14:41+09:00; 2026-09-03T17:15:49+09:00; 2026-09-03T17:17:42+09:00; 2026-09-03T17:17:59+09:00,Official metadata retained under data/raw/ssds_metadata and data/raw/ssds_core; no hand-translated raw label is used.,事業所数（民営）,SSDSE-A-2026,2026,C2108,2021,No panel transformation; model-time imputation/scaling is fit inside folds.,False,https://www.nstac.go.jp/files/SSDSE-A-2026.csv
C210832,Official e-Stat municipal indicator C210832,事業所数（民営）（農業、林業）,SSDSE-A-2026 official municipal dataset,SSDSE-A-2026,C210832,See preserved e-Stat metadata @unit,2020,raw,No panel transformation; model-time imputation/scaling is fit inside folds.,candidate socioeconomic predictor,0.5226213326021387,2026-09-03T17:13:26+09:00; 2026-09-03T17:14:41+09:00; 2026-09-03T17:15:49+09:00; 2026-09-03T17:17:42+09:00; 2026-09-03T17:17:59+09:00,Official metadata retained under data/raw/ssds_metadata and data/raw/ssds_core; no hand-translated raw label is used.,事業所数（民営）（農業、林業）,SSDSE-A-2026,2026,C210832,2021,No panel transformation; model-time imputation/scaling is fit inside folds.,False,https://www.nstac.go.jp/files/SSDSE-A-2026.csv
C210833,Official e-Stat municipal indicator C210833,事業所数（民営）（漁業）,SSDSE-A-2026 official municipal dataset,SSDSE-A-2026,C210833,See preserved e-Stat metadata @unit,2020,raw,No panel transformation; model-time imputation/scaling is fit inside folds.,candidate socioeconomic predictor,0.5226213326021387,2026-09-03T17:13:26+09:00; 2026-09-03T17:14:41+09:00; 2026-09-03T17:15:49+09:00; 2026-09-03T17:17:42+09:00; 2026-09-03T17:17:59+09:00,Official metadata retained under data/raw/ssds_metadata and data/raw/ssds_core; no hand-translated raw label is used.,事業所数（民営）（漁業）,SSDSE-A-2026,2026,C210833,2021,No panel transformation; model-time imputation/scaling is fit inside folds.,False,https://www.nstac.go.jp/files/SSDSE-A-2026.csv
C210835,Official e-Stat municipal indicator C210835,事業所数（民営）（鉱業、採石業、砂利採取業）,SSDSE-A-2026 official municipal dataset,SSDSE-A-2026,C210835,See preserved e-Stat metadata @unit,2020,raw,No panel transformation; model-time imputation/scaling is fit inside folds.,candidate socioeconomic predictor,0.5226213326021387,2026-09-03T17:13:26+09:00; 2026-09-03T17:14:41+09:00; 2026-09-03T17:15:49+09:00; 2026-09-03T17:17:42+09:00; 2026-09-03T17:17:59+09:00,Official metadata retained under data/raw/ssds_metadata and data/raw/ssds_core; no hand-translated raw label is used.,事業所数（民営）（鉱業、採石業、砂利採取業）,SSDSE-A-2026,2026,C210835,2021,No panel transformation; model-time imputation/scaling is fit inside folds.,False,https://www.nstac.go.jp/files/SSDSE-A-2026.csv
C210836,Official e-Stat municipal indicator C210836,事業所数（民営）（建設業）,SSDSE-A-2026 official municipal dataset,SSDSE-A-2026,C210836,See preserved e-Stat metadata @unit,2020,raw,No panel transformation; model-time imputation/scaling is fit inside folds.,candidate socioeconomic predictor,0.5226213326021387,2026-09-03T17:13:26+09:00; 2026-09-03T17:14:41+09:00; 2026-09-03T17:15:49+09:00; 2026-09-03T17:17:42+09:00; 2026-09-03T17:17:59+09:00,Official metadata retained under data/raw/ssds_metadata and data/raw/ssds_core; no hand-translated raw label is used.,事業所数（民営）（建設業）,SSDSE-A-2026,2026,C210836,2021,No panel transformation; model-time imputation/scaling is fit inside folds.,False,https://www.nstac.go.jp/files/SSDSE-A-2026.csv
C210837,Official e-Stat municipal indicator C210837,事業所数（民営）（製造業）,SSDSE-A-2026 official municipal dataset,SSDSE-A-2026,C210837,See preserved e-Stat metadata @unit,2020,raw,No panel transformation; model-time imputation/scaling is fit inside folds.,candidate socioeconomic predictor,0.5226213326021387,2026-09-03T17:13:26+09:00; 2026-09-03T17:14:41+09:00; 2026-09-03T17:15:49+09:00; 2026-09-03T17:17:42+09:00; 2026-09-03T17:17:59+09:00,Official metadata retained under data/raw/ssds_metadata and data/raw/ssds_core; no hand-translated raw label is used.,事業所数（民営）（製造業）,SSDSE-A-2026,2026,C210837,2021,No panel transformation; model-time imputation/scaling is fit inside folds.,False,https://www.nstac.go.jp/files/SSDSE-A-2026.csv
C210838,Official e-Stat municipal indicator C210838,事業所数（民営）（電気・ガス・熱供給・水道業）,SSDSE-A-2026 official municipal dataset,SSDSE-A-2026,C210838,See preserved e-Stat metadata @unit,2020,raw,No panel transformation; model-time imputation/scaling is fit inside folds.,candidate socioeconomic predictor,0.5226213326021387,2026-09-03T17:13:26+09:00; 2026-09-03T17:14:41+09:00; 2026-09-03T17:15:49+09:00; 2026-09-03T17:17:42+09:00; 2026-09-03T17:17:59+09:00,Official metadata retained under data/raw/ssds_metadata and data/raw/ssds_core; no hand-translated raw label is used.,事業所数（民営）（電気・ガス・熱供給・水道業）,SSDSE-A-2026,2026,C210838,2021,No panel transformation; model-time imputation/scaling is fit inside folds.,False,https://www.nstac.go.jp/files/SSDSE-A-2026.csv
C210839,Official e-Stat municipal indicator C210839,事業所数（民営）（情報通信業）,SSDSE-A-2026 official municipal dataset,SSDSE-A-2026,C210839,See preserved e-Stat metadata @unit,2020,raw,No panel transformation; model-time imputation/scaling is fit inside folds.,candidate socioeconomic predictor,0.5226213326021387,2026-09-03T17:13:26+09:00; 2026-09-03T17:14:41+09:00; 2026-09-03T17:15:49+09:00; 2026-09-03T17:17:42+09:00; 2026-09-03T17:17:59+09:00,Official metadata retained under data/raw/ssds_metadata and data/raw/ssds_core; no hand-translated raw label is used.,事業所数（民営）（情報通信業）,SSDSE-A-2026,2026,C210839,2021,No panel transformation; model-time imputation/scaling is fit inside folds.,False,https://www.nstac.go.jp/files/SSDSE-A-2026.csv
C210840,Official e-Stat municipal indicator C210840,事業所数（民営）（運輸業、郵便業）,SSDSE-A-2026 official municipal dataset,SSDSE-A-2026,C210840,See preserved e-Stat metadata @unit,2020,raw,No panel transformation; model-time imputation/scaling is fit inside folds.,candidate socioeconomic predictor,0.5226213326021387,2026-09-03T17:13:26+09:00; 2026-09-03T17:14:41+09:00; 2026-09-03T17:15:49+09:00; 2026-09-03T17:17:42+09:00; 2026-09-03T17:17:59+09:00,Official metadata retained under data/raw/ssds_metadata and data/raw/ssds_core; no hand-translated raw label is used.,事業所数（民営）（運輸業、郵便業）,SSDSE-A-2026,2026,C210840,2021,No panel transformation; model-time imputation/scaling is fit inside folds.,False,https://www.nstac.go.jp/files/SSDSE-A-2026.csv
C210841,Official e-Stat municipal indicator C210841,事業所数（民営）（卸売業、小売業）,SSDSE-A-2026 official municipal dataset,SSDSE-A-2026,C210841,See preserved e-Stat metadata @unit,2020,raw,No panel transformation; model-time imputation/scaling is fit inside folds.,candidate socioeconomic predictor,0.5226213326021387,2026-09-03T17:13:26+09:00; 2026-09-03T17:14:41+09:00; 2026-09-03T17:15:49+09:00; 2026-09-03T17:17:42+09:00; 2026-09-03T17:17:59+09:00,Official metadata retained under data/raw/ssds_metadata and data/raw/ssds_core; no hand-translated raw label is used.,事業所数（民営）（卸売業、小売業）,SSDSE-A-2026,2026,C210841,2021,No panel transformation; model-time imputation/scaling is fit inside folds.,False,https://www.nstac.go.jp/files/SSDSE-A-2026.csv
C210844,Official e-Stat municipal indicator C210844,事業所数（民営）（金融業、保険業）,SSDSE-A-2026 official municipal dataset,SSDSE-A-2026,C210844,See preserved e-Stat metadata @unit,2020,raw,No panel transformation; model-time imputation/scaling is fit inside folds.,candidate socioeconomic predictor,0.5226213326021387,2026-09-03T17:13:26+09:00; 2026-09-03T17:14:41+09:00; 2026-09-03T17:15:49+09:00; 2026-09-03T17:17:42+09:00; 2026-09-03T17:17:59+09:00,Official metadata retained under data/raw/ssds_metadata and data/raw/ssds_core; no hand-translated raw label is used.,事業所数（民営）（金融業、保険業）,SSDSE-A-2026,2026,C210844,2021,No panel transformation; model-time imputation/scaling is fit inside folds.,False,https://www.nstac.go.jp/files/SSDSE-A-2026.csv
C210845,Official e-Stat municipal indicator C210845,事業所数（民営）（不動産業、物品賃貸業）,SSDSE-A-2026 official municipal dataset,SSDSE-A-2026,C210845,See preserved e-Stat metadata @unit,2020,raw,No panel transformation; model-time imputation/scaling is fit inside folds.,candidate socioeconomic predictor,0.5226213326021387,2026-09-03T17:13:26+09:00; 2026-09-03T17:14:41+09:00; 2026-09-03T17:15:49+09:00; 2026-09-03T17:17:42+09:00; 2026-09-03T17:17:59+09:00,Official metadata retained under data/raw/ssds_metadata and data/raw/ssds_core; no hand-translated raw label is used.,事業所数（民営）（不動産業、物品賃貸業）,SSDSE-A-2026,2026,C210845,2021,No panel transformation; model-time imputation/scaling is fit inside folds.,False,https://www.nstac.go.jp/files/SSDSE-A-2026.csv
C210846,Official e-Stat municipal indicator C210846,事業所数（民営）（学術研究、専門・技術サービス業）,SSDSE-A-2026 official municipal dataset,SSDSE-A-2026,C210846,See preserved e-Stat metadata @unit,2020,raw,No panel transformation; model-time imputation/scaling is fit inside folds.,candidate socioeconomic predictor,0.5226213326021387,2026-09-03T17:13:26+09:00; 2026-09-03T17:14:41+09:00; 2026-09-03T17:15:49+09:00; 2026-09-03T17:17:42+09:00; 2026-09-03T17:17:59+09:00,Official metadata retained under data/raw/ssds_metadata and data/raw/ssds_core; no hand-translated raw label is used.,事業所数（民営）（学術研究、専門・技術サービス業）,SSDSE-A-2026,2026,C210846,2021,No panel transformation; model-time imputation/scaling is fit inside folds.,False,https://www.nstac.go.jp/files/SSDSE-A-2026.csv
C210847,Official e-Stat municipal indicator C210847,事業所数（民営）（宿泊業、飲食サービス業）,SSDSE-A-2026 official municipal dataset,SSDSE-A-2026,C210847,See preserved e-Stat metadata @unit,2020,raw,No panel transformation; model-time imputation/scaling is fit inside folds.,candidate socioeconomic predictor,0.5226213326021387,2026-09-03T17:13:26+09:00; 2026-09-03T17:14:41+09:00; 2026-09-03T17:15:49+09:00; 2026-09-03T17:17:42+09:00; 2026-09-03T17:17:59+09:00,Official metadata retained under data/raw/ssds_metadata and data/raw/ssds_core; no hand-translated raw label is used.,事業所数（民営）（宿泊業、飲食サービス業）,SSDSE-A-2026,2026,C210847,2021,No panel transformation; model-time imputation/scaling is fit inside folds.,False,https://www.nstac.go.jp/files/SSDSE-A-2026.csv
C210848,Official e-Stat municipal indicator C210848,事業所数（民営）（生活関連サービス業、娯楽業）,SSDSE-A-2026 official municipal dataset,SSDSE-A-2026,C210848,See preserved e-Stat metadata @unit,2020,raw,No panel transformation; model-time imputation/scaling is fit inside folds.,candidate socioeconomic predictor,0.5226213326021387,2026-09-03T17:13:26+09:00; 2026-09-03T17:14:41+09:00; 2026-09-03T17:15:49+09:00; 2026-09-03T17:17:42+09:00; 2026-09-03T17:17:59+09:00,Official metadata retained under data/raw/ssds_metadata and data/raw/ssds_core; no hand-translated raw label is used.,事業所数（民営）（生活関連サービス業、娯楽業）,SSDSE-A-2026,2026,C210848,2021,No panel transformation; model-time imputation/scaling is fit inside folds.,False,https://www.nstac.go.jp/files/SSDSE-A-2026.csv
C210849,Official e-Stat municipal indicator C210849,事業所数（民営）（教育、学習支援業）,SSDSE-A-2026 official municipal dataset,SSDSE-A-2026,C210849,See preserved e-Stat metadata @unit,2020,raw,No panel transformation; model-time imputation/scaling is fit inside folds.,candidate socioeconomic predictor,0.5226213326021387,2026-09-03T17:13:26+09:00; 2026-09-03T17:14:41+09:00; 2026-09-03T17:15:49+09:00; 2026-09-03T17:17:42+09:00; 2026-09-03T17:17:59+09:00,Official metadata retained under data/raw/ssds_metadata and data/raw/ssds_core; no hand-translated raw label is used.,事業所数（民営）（教育、学習支援業）,SSDSE-A-2026,2026,C210849,2021,No panel transformation; model-time imputation/scaling is fit inside folds.,False,https://www.nstac.go.jp/files/SSDSE-A-2026.csv
C210850,Official e-Stat municipal indicator C210850,事業所数（民営）（医療、福祉）,SSDSE-A-2026 official municipal dataset,SSDSE-A-2026,C210850,See preserved e-Stat metadata @unit,2020,raw,No panel transformation; model-time imputation/scaling is fit inside folds.,candidate socioeconomic predictor,0.5226213326021387,2026-09-03T17:13:26+09:00; 2026-09-03T17:14:41+09:00; 2026-09-03T17:15:49+09:00; 2026-09-03T17:17:42+09:00; 2026-09-03T17:17:59+09:00,Official metadata retained under data/raw/ssds_metadata and data/raw/ssds_core; no hand-translated raw label is used.,事業所数（民営）（医療、福祉）,SSDSE-A-2026,2026,C210850,2021,No panel transformation; model-time imputation/scaling is fit inside folds.,False,https://www.nstac.go.jp/files/SSDSE-A-2026.csv
C210851,Official e-Stat municipal indicator C210851,事業所数（民営）（複合サービス事業）,SSDSE-A-2026 official municipal dataset,SSDSE-A-2026,C210851,See preserved e-Stat metadata @unit,2020,raw,No panel transformation; model-time imputation/scaling is fit inside folds.,candidate socioeconomic predictor,0.5226213326021387,2026-09-03T17:13:26+09:00; 2026-09-03T17:14:41+09:00; 2026-09-03T17:15:49+09:00; 2026-09-03T17:17:42+09:00; 2026-09-03T17:17:59+09:00,Official metadata retained under data/raw/ssds_metadata and data/raw/ssds_core; no hand-translated raw label is used.,事業所数（民営）（複合サービス事業）,SSDSE-A-2026,2026,C210851,2021,No panel transformation; model-time imputation/scaling is fit inside folds.,False,https://www.nstac.go.jp/files/SSDSE-A-2026.csv
C210852,Official e-Stat municipal indicator C210852,事業所数（民営）（サービス業（他に分類されないもの））,SSDSE-A-2026 official municipal dataset,SSDSE-A-2026,C210852,See preserved e-Stat metadata @unit,2020,raw,No panel transformation; model-time imputation/scaling is fit inside folds.,candidate socioeconomic predictor,0.5226213326021387,2026-09-03T17:13:26+09:00; 2026-09-03T17:14:41+09:00; 2026-09-03T17:15:49+09:00; 2026-09-03T17:17:42+09:00; 2026-09-03T17:17:59+09:00,Official metadata retained under data/raw/ssds_metadata and data/raw/ssds_core; no hand-translated raw label is used.,事業所数（民営）（サービス業（他に分類されないもの））,SSDSE-A-2026,2026,C210852,2021,No panel transformation; model-time imputation/scaling is fit inside folds.,False,https://www.nstac.go.jp/files/SSDSE-A-2026.csv
C2208,Official e-Stat municipal indicator C2208,従業者数（民営）,SSDSE-A-2026 official municipal dataset,SSDSE-A-2026,C2208,See preserved e-Stat metadata @unit,2020,raw,No panel transformation; model-time imputation/scaling is fit inside folds.,candidate socioeconomic predictor,0.5226213326021387,2026-09-03T17:13:26+09:00; 2026-09-03T17:14:41+09:00; 2026-09-03T17:15:49+09:00; 2026-09-03T17:17:42+09:00; 2026-09-03T17:17:59+09:00,Official metadata retained under data/raw/ssds_metadata and data/raw/ssds_core; no hand-translated raw label is used.,従業者数（民営）,SSDSE-A-2026,2026,C2208,2021,No panel transformation; model-time imputation/scaling is fit inside folds.,False,https://www.nstac.go.jp/files/SSDSE-A-2026.csv
C220832,Official e-Stat municipal indicator C220832,従業者数（民営）（農業、林業）,SSDSE-A-2026 official municipal dataset,SSDSE-A-2026,C220832,See preserved e-Stat metadata @unit,2020,raw,No panel transformation; model-time imputation/scaling is fit inside folds.,candidate socioeconomic predictor,0.5226213326021387,2026-09-03T17:13:26+09:00; 2026-09-03T17:14:41+09:00; 2026-09-03T17:15:49+09:00; 2026-09-03T17:17:42+09:00; 2026-09-03T17:17:59+09:00,Official metadata retained under data/raw/ssds_metadata and data/raw/ssds_core; no hand-translated raw label is used.,従業者数（民営）（農業、林業）,SSDSE-A-2026,2026,C220832,2021,No panel transformation; model-time imputation/scaling is fit inside folds.,False,https://www.nstac.go.jp/files/SSDSE-A-2026.csv
C220833,Official e-Stat municipal indicator C220833,従業者数（民営）（漁業）,SSDSE-A-2026 official municipal dataset,SSDSE-A-2026,C220833,See preserved e-Stat metadata @unit,2020,raw,No panel transformation; model-time imputation/scaling is fit inside folds.,candidate socioeconomic predictor,0.5226213326021387,2026-09-03T17:13:26+09:00; 2026-09-03T17:14:41+09:00; 2026-09-03T17:15:49+09:00; 2026-09-03T17:17:42+09:00; 2026-09-03T17:17:59+09:00,Official metadata retained under data/raw/ssds_metadata and data/raw/ssds_core; no hand-translated raw label is used.,従業者数（民営）（漁業）,SSDSE-A-2026,2026,C220833,2021,No panel transformation; model-time imputation/scaling is fit inside folds.,False,https://www.nstac.go.jp/files/SSDSE-A-2026.csv
C220835,Official e-Stat municipal indicator C220835,従業者数（民営）（鉱業、採石業、砂利採取業）,SSDSE-A-2026 official municipal dataset,SSDSE-A-2026,C220835,See preserved e-Stat metadata @unit,2020,raw,No panel transformation; model-time imputation/scaling is fit inside folds.,candidate socioeconomic predictor,0.5226213326021387,2026-09-03T17:13:26+09:00; 2026-09-03T17:14:41+09:00; 2026-09-03T17:15:49+09:00; 2026-09-03T17:17:42+09:00; 2026-09-03T17:17:59+09:00,Official metadata retained under data/raw/ssds_metadata and data/raw/ssds_core; no hand-translated raw label is used.,従業者数（民営）（鉱業、採石業、砂利採取業）,SSDSE-A-2026,2026,C220835,2021,No panel transformation; model-time imputation/scaling is fit inside folds.,False,https://www.nstac.go.jp/files/SSDSE-A-2026.csv
C220836,Official e-Stat municipal indicator C220836,従業者数（民営）（建設業）,SSDSE-A-2026 official municipal dataset,SSDSE-A-2026,C220836,See preserved e-Stat metadata @unit,2020,raw,No panel transformation; model-time imputation/scaling is fit inside folds.,candidate socioeconomic predictor,0.5226213326021387,2026-09-03T17:13:26+09:00; 2026-09-03T17:14:41+09:00; 2026-09-03T17:15:49+09:00; 2026-09-03T17:17:42+09:00; 2026-09-03T17:17:59+09:00,Official metadata retained under data/raw/ssds_metadata and data/raw/ssds_core; no hand-translated raw label is used.,従業者数（民営）（建設業）,SSDSE-A-2026,2026,C220836,2021,No panel transformation; model-time imputation/scaling is fit inside folds.,False,https://www.nstac.go.jp/files/SSDSE-A-2026.csv
C220837,Official e-Stat municipal indicator C220837,従業者数（民営）（製造業）,SSDSE-A-2026 official municipal dataset,SSDSE-A-2026,C220837,See preserved e-Stat metadata @unit,2020,raw,No panel transformation; model-time imputation/scaling is fit inside folds.,candidate socioeconomic predictor,0.5226213326021387,2026-09-03T17:13:26+09:00; 2026-09-03T17:14:41+09:00; 2026-09-03T17:15:49+09:00; 2026-09-03T17:17:42+09:00; 2026-09-03T17:17:59+09:00,Official metadata retained under data/raw/ssds_metadata and data/raw/ssds_core; no hand-translated raw label is used.,従業者数（民営）（製造業）,SSDSE-A-2026,2026,C220837,2021,No panel transformation; model-time imputation/scaling is fit inside folds.,False,https://www.nstac.go.jp/files/SSDSE-A-2026.csv
C220838,Official e-Stat municipal indicator C220838,従業者数（民営）（電気・ガス・熱供給・水道業）,SSDSE-A-2026 official municipal dataset,SSDSE-A-2026,C220838,See preserved e-Stat metadata @unit,2020,raw,No panel transformation; model-time imputation/scaling is fit inside folds.,candidate socioeconomic predictor,0.5226213326021387,2026-09-03T17:13:26+09:00; 2026-09-03T17:14:41+09:00; 2026-09-03T17:15:49+09:00; 2026-09-03T17:17:42+09:00; 2026-09-03T17:17:59+09:00,Official metadata retained under data/raw/ssds_metadata and data/raw/ssds_core; no hand-translated raw label is used.,従業者数（民営）（電気・ガス・熱供給・水道業）,SSDSE-A-2026,2026,C220838,2021,No panel transformation; model-time imputation/scaling is fit inside folds.,False,https://www.nstac.go.jp/files/SSDSE-A-2026.csv
C220839,Official e-Stat municipal indicator C220839,従業者数（民営）（情報通信業）,SSDSE-A-2026 official municipal dataset,SSDSE-A-2026,C220839,See preserved e-Stat metadata @unit,2020,raw,No panel transformation; model-time imputation/scaling is fit inside folds.,candidate socioeconomic predictor,0.5226213326021387,2026-09-03T17:13:26+09:00; 2026-09-03T17:14:41+09:00; 2026-09-03T17:15:49+09:00; 2026-09-03T17:17:42+09:00; 2026-09-03T17:17:59+09:00,Official metadata retained under data/raw/ssds_metadata and data/raw/ssds_core; no hand-translated raw label is used.,従業者数（民営）（情報通信業）,SSDSE-A-2026,2026,C220839,2021,No panel transformation; model-time imputation/scaling is fit inside folds.,False,https://www.nstac.go.jp/files/SSDSE-A-2026.csv
C220840,Official e-Stat municipal indicator C220840,従業者数（民営）（運輸業、郵便業）,SSDSE-A-2026 official municipal dataset,SSDSE-A-2026,C220840,See preserved e-Stat metadata @unit,2020,raw,No panel transformation; model-time imputation/scaling is fit inside folds.,candidate socioeconomic predictor,0.5226213326021387,2026-09-03T17:13:26+09:00; 2026-09-03T17:14:41+09:00; 2026-09-03T17:15:49+09:00; 2026-09-03T17:17:42+09:00; 2026-09-03T17:17:59+09:00,Official metadata retained under data/raw/ssds_metadata and data/raw/ssds_core; no hand-translated raw label is used.,従業者数（民営）（運輸業、郵便業）,SSDSE-A-2026,2026,C220840,2021,No panel transformation; model-time imputation/scaling is fit inside folds.,False,https://www.nstac.go.jp/files/SSDSE-A-2026.csv
C220841,Official e-Stat municipal indicator C220841,従業者数（民営）（卸売業、小売業）,SSDSE-A-2026 official municipal dataset,SSDSE-A-2026,C220841,See preserved e-Stat metadata @unit,2020,raw,No panel transformation; model-time imputation/scaling is fit inside folds.,candidate socioeconomic predictor,0.5226213326021387,2026-09-03T17:13:26+09:00; 2026-09-03T17:14:41+09:00; 2026-09-03T17:15:49+09:00; 2026-09-03T17:17:42+09:00; 2026-09-03T17:17:59+09:00,Official metadata retained under data/raw/ssds_metadata and data/raw/ssds_core; no hand-translated raw label is used.,従業者数（民営）（卸売業、小売業）,SSDSE-A-2026,2026,C220841,2021,No panel transformation; model-time imputation/scaling is fit inside folds.,False,https://www.nstac.go.jp/files/SSDSE-A-2026.csv
C220844,Official e-Stat municipal indicator C220844,従業者数（民営）（金融業、保険業）,SSDSE-A-2026 official municipal dataset,SSDSE-A-2026,C220844,See preserved e-Stat metadata @unit,2020,raw,No panel transformation; model-time imputation/scaling is fit inside folds.,candidate socioeconomic predictor,0.5226213326021387,2026-09-03T17:13:26+09:00; 2026-09-03T17:14:41+09:00; 2026-09-03T17:15:49+09:00; 2026-09-03T17:17:42+09:00; 2026-09-03T17:17:59+09:00,Official metadata retained under data/raw/ssds_metadata and data/raw/ssds_core; no hand-translated raw label is used.,従業者数（民営）（金融業、保険業）,SSDSE-A-2026,2026,C220844,2021,No panel transformation; model-time imputation/scaling is fit inside folds.,False,https://www.nstac.go.jp/files/SSDSE-A-2026.csv
C220845,Official e-Stat municipal indicator C220845,従業者数（民営）（不動産業、物品賃貸業）,SSDSE-A-2026 official municipal dataset,SSDSE-A-2026,C220845,See preserved e-Stat metadata @unit,2020,raw,No panel transformation; model-time imputation/scaling is fit inside folds.,candidate socioeconomic predictor,0.5226213326021387,2026-09-03T17:13:26+09:00; 2026-09-03T17:14:41+09:00; 2026-09-03T17:15:49+09:00; 2026-09-03T17:17:42+09:00; 2026-09-03T17:17:59+09:00,Official metadata retained under data/raw/ssds_metadata and data/raw/ssds_core; no hand-translated raw label is used.,従業者数（民営）（不動産業、物品賃貸業）,SSDSE-A-2026,2026,C220845,2021,No panel transformation; model-time imputation/scaling is fit inside folds.,False,https://www.nstac.go.jp/files/SSDSE-A-2026.csv
C220846,Official e-Stat municipal indicator C220846,従業者数（民営）（学術研究、専門・技術サービス業）,SSDSE-A-2026 official municipal dataset,SSDSE-A-2026,C220846,See preserved e-Stat metadata @unit,2020,raw,No panel transformation; model-time imputation/scaling is fit inside folds.,candidate socioeconomic predictor,0.5226213326021387,2026-09-03T17:13:26+09:00; 2026-09-03T17:14:41+09:00; 2026-09-03T17:15:49+09:00; 2026-09-03T17:17:42+09:00; 2026-09-03T17:17:59+09:00,Official metadata retained under data/raw/ssds_metadata and data/raw/ssds_core; no hand-translated raw label is used.,従業者数（民営）（学術研究、専門・技術サービス業）,SSDSE-A-2026,2026,C220846,2021,No panel transformation; model-time imputation/scaling is fit inside folds.,False,https://www.nstac.go.jp/files/SSDSE-A-2026.csv
C220847,Official e-Stat municipal indicator C220847,従業者数（民営）（宿泊業、飲食サービス業）,SSDSE-A-2026 official municipal dataset,SSDSE-A-2026,C220847,See preserved e-Stat metadata @unit,2020,raw,No panel transformation; model-time imputation/scaling is fit inside folds.,candidate socioeconomic predictor,0.5226213326021387,2026-09-03T17:13:26+09:00; 2026-09-03T17:14:41+09:00; 2026-09-03T17:15:49+09:00; 2026-09-03T17:17:42+09:00; 2026-09-03T17:17:59+09:00,Official metadata retained under data/raw/ssds_metadata and data/raw/ssds_core; no hand-translated raw label is used.,従業者数（民営）（宿泊業、飲食サービス業）,SSDSE-A-2026,2026,C220847,2021,No panel transformation; model-time imputation/scaling is fit inside folds.,False,https://www.nstac.go.jp/files/SSDSE-A-2026.csv
C220848,Official e-Stat municipal indicator C220848,従業者数（民営）（生活関連サービス業、娯楽業）,SSDSE-A-2026 official municipal dataset,SSDSE-A-2026,C220848,See preserved e-Stat metadata @unit,2020,raw,No panel transformation; model-time imputation/scaling is fit inside folds.,candidate socioeconomic predictor,0.5226213326021387,2026-09-03T17:13:26+09:00; 2026-09-03T17:14:41+09:00; 2026-09-03T17:15:49+09:00; 2026-09-03T17:17:42+09:00; 2026-09-03T17:17:59+09:00,Official metadata retained under data/raw/ssds_metadata and data/raw/ssds_core; no hand-translated raw label is used.,従業者数（民営）（生活関連サービス業、娯楽業）,SSDSE-A-2026,2026,C220848,2021,No panel transformation; model-time imputation/scaling is fit inside folds.,False,https://www.nstac.go.jp/files/SSDSE-A-2026.csv
C220849,Official e-Stat municipal indicator C220849,従業者数（民営）（教育、学習支援業）,SSDSE-A-2026 official municipal dataset,SSDSE-A-2026,C220849,See preserved e-Stat metadata @unit,2020,raw,No panel transformation; model-time imputation/scaling is fit inside folds.,candidate socioeconomic predictor,0.5226213326021387,2026-09-03T17:13:26+09:00; 2026-09-03T17:14:41+09:00; 2026-09-03T17:15:49+09:00; 2026-09-03T17:17:42+09:00; 2026-09-03T17:17:59+09:00,Official metadata retained under data/raw/ssds_metadata and data/raw/ssds_core; no hand-translated raw label is used.,従業者数（民営）（教育、学習支援業）,SSDSE-A-2026,2026,C220849,2021,No panel transformation; model-time imputation/scaling is fit inside folds.,False,https://www.nstac.go.jp/files/SSDSE-A-2026.csv
C220850,Official e-Stat municipal indicator C220850,従業者数（民営）（医療、福祉）,SSDSE-A-2026 official municipal dataset,SSDSE-A-2026,C220850,See preserved e-Stat metadata @unit,2020,raw,No panel transformation; model-time imputation/scaling is fit inside folds.,candidate socioeconomic predictor,0.5226213326021387,2026-09-03T17:13:26+09:00; 2026-09-03T17:14:41+09:00; 2026-09-03T17:15:49+09:00; 2026-09-03T17:17:42+09:00; 2026-09-03T17:17:59+09:00,Official metadata retained under data/raw/ssds_metadata and data/raw/ssds_core; no hand-translated raw label is used.,従業者数（民営）（医療、福祉）,SSDSE-A-2026,2026,C220850,2021,No panel transformation; model-time imputation/scaling is fit inside folds.,False,https://www.nstac.go.jp/files/SSDSE-A-2026.csv
C220851,Official e-Stat municipal indicator C220851,従業者数（民営）（複合サービス事業）,SSDSE-A-2026 official municipal dataset,SSDSE-A-2026,C220851,See preserved e-Stat metadata @unit,2020,raw,No panel transformation; model-time imputation/scaling is fit inside folds.,candidate socioeconomic predictor,0.5226213326021387,2026-09-03T17:13:26+09:00; 2026-09-03T17:14:41+09:00; 2026-09-03T17:15:49+09:00; 2026-09-03T17:17:42+09:00; 2026-09-03T17:17:59+09:00,Official metadata retained under data/raw/ssds_metadata and data/raw/ssds_core; no hand-translated raw label is used.,従業者数（民営）（複合サービス事業）,SSDSE-A-2026,2026,C220851,2021,No panel transformation; model-time imputation/scaling is fit inside folds.,False,https://www.nstac.go.jp/files/SSDSE-A-2026.csv
C220852,Official e-Stat municipal indicator C220852,従業者数（民営）（サービス業（他に分類されないもの））,SSDSE-A-2026 official municipal dataset,SSDSE-A-2026,C220852,See preserved e-Stat metadata @unit,2020,raw,No panel transformation; model-time imputation/scaling is fit inside folds.,candidate socioeconomic predictor,0.5226213326021387,2026-09-03T17:13:26+09:00; 2026-09-03T17:14:41+09:00; 2026-09-03T17:15:49+09:00; 2026-09-03T17:17:42+09:00; 2026-09-03T17:17:59+09:00,Official metadata retained under data/raw/ssds_metadata and data/raw/ssds_core; no hand-translated raw label is used.,従業者数（民営）（サービス業（他に分類されないもの））,SSDSE-A-2026,2026,C220852,2021,No panel transformation; model-time imputation/scaling is fit inside folds.,False,https://www.nstac.go.jp/files/SSDSE-A-2026.csv
C310201,Official e-Stat municipal indicator C310201,農家数（販売農家）,SSDSE-A-2026 official municipal dataset,SSDSE-A-2026,C310201,See preserved e-Stat metadata @unit,2020,raw,No panel transformation; model-time imputation/scaling is fit inside folds.,candidate socioeconomic predictor,0.5226213326021387,2026-09-03T17:13:26+09:00; 2026-09-03T17:14:41+09:00; 2026-09-03T17:15:49+09:00; 2026-09-03T17:17:42+09:00; 2026-09-03T17:17:59+09:00,Official metadata retained under data/raw/ssds_metadata and data/raw/ssds_core; no hand-translated raw label is used.,農家数（販売農家）,SSDSE-A-2026,2026,C310201,2019,No panel transformation; model-time imputation/scaling is fit inside folds.,True,https://www.nstac.go.jp/files/SSDSE-A-2026.csv
C310202,Official e-Stat municipal indicator C310202,農家数（自給的農家）,SSDSE-A-2026 official municipal dataset,SSDSE-A-2026,C310202,See preserved e-Stat metadata @unit,2020,raw,No panel transformation; model-time imputation/scaling is fit inside folds.,candidate socioeconomic predictor,0.5226213326021387,2026-09-03T17:13:26+09:00; 2026-09-03T17:14:41+09:00; 2026-09-03T17:15:49+09:00; 2026-09-03T17:17:42+09:00; 2026-09-03T17:17:59+09:00,Official metadata retained under data/raw/ssds_metadata and data/raw/ssds_core; no hand-translated raw label is used.,農家数（自給的農家）,SSDSE-A-2026,2026,C310202,2019,No panel transformation; model-time imputation/scaling is fit inside folds.,True,https://www.nstac.go.jp/files/SSDSE-A-2026.csv
D1202,Official e-Stat municipal indicator D1202,一般行政部門職員数（市区町村）,SSDSE-A-2026 official municipal dataset,SSDSE-A-2026,D1202,See preserved e-Stat metadata @unit,2020,raw,No panel transformation; model-time imputation/scaling is fit inside folds.,candidate socioeconomic predictor,0.5226213326021387,2026-09-03T17:13:26+09:00; 2026-09-03T17:14:41+09:00; 2026-09-03T17:15:49+09:00; 2026-09-03T17:17:42+09:00; 2026-09-03T17:17:59+09:00,Official metadata retained under data/raw/ssds_metadata and data/raw/ssds_core; no hand-translated raw label is used.,一般行政部門職員数（市区町村）,SSDSE-A-2026,2026,D1202,2024,No panel transformation; model-time imputation/scaling is fit inside folds.,False,https://www.nstac.go.jp/files/SSDSE-A-2026.csv
D3203,Official e-Stat municipal indicator D3203,歳出決算総額（市町村財政）,SSDSE-A-2026 official municipal dataset,SSDSE-A-2026,D3203,See preserved e-Stat metadata @unit,2020,raw,No panel transformation; model-time imputation/scaling is fit inside folds.,candidate socioeconomic predictor,0.5226213326021387,2026-09-03T17:13:26+09:00; 2026-09-03T17:14:41+09:00; 2026-09-03T17:15:49+09:00; 2026-09-03T17:17:42+09:00; 2026-09-03T17:17:59+09:00,Official metadata retained under data/raw/ssds_metadata and data/raw/ssds_core; no hand-translated raw label is used.,歳出決算総額（市町村財政）,SSDSE-A-2026,2026,D3203,2022,No panel transformation; model-time imputation/scaling is fit inside folds.,False,https://www.nstac.go.jp/files/SSDSE-A-2026.csv
D320303,Official e-Stat municipal indicator D320303,民生費（市町村財政）,SSDSE-A-2026 official municipal dataset,SSDSE-A-2026,D320303,See preserved e-Stat metadata @unit,2020,raw,No panel transformation; model-time imputation/scaling is fit inside folds.,candidate socioeconomic predictor,0.5226213326021387,2026-09-03T17:13:26+09:00; 2026-09-03T17:14:41+09:00; 2026-09-03T17:15:49+09:00; 2026-09-03T17:17:42+09:00; 2026-09-03T17:17:59+09:00,Official metadata retained under data/raw/ssds_metadata and data/raw/ssds_core; no hand-translated raw label is used.,民生費（市町村財政）,SSDSE-A-2026,2026,D320303,2022,No panel transformation; model-time imputation/scaling is fit inside folds.,False,https://www.nstac.go.jp/files/SSDSE-A-2026.csv
D320308,Official e-Stat municipal indicator D320308,土木費（市町村財政）,SSDSE-A-2026 official municipal dataset,SSDSE-A-2026,D320308,See preserved e-Stat metadata @unit,2020,raw,No panel transformation; model-time imputation/scaling is fit inside folds.,candidate socioeconomic predictor,0.5226213326021387,2026-09-03T17:13:26+09:00; 2026-09-03T17:14:41+09:00; 2026-09-03T17:15:49+09:00; 2026-09-03T17:17:42+09:00; 2026-09-03T17:17:59+09:00,Official metadata retained under data/raw/ssds_metadata and data/raw/ssds_core; no hand-translated raw label is used.,土木費（市町村財政）,SSDSE-A-2026,2026,D320308,2022,No panel transformation; model-time imputation/scaling is fit inside folds.,False,https://www.nstac.go.jp/files/SSDSE-A-2026.csv
D320310,Official e-Stat municipal indicator D320310,教育費（市町村財政）,SSDSE-A-2026 official municipal dataset,SSDSE-A-2026,D320310,See preserved e-Stat metadata @unit,2020,raw,No panel transformation; model-time imputation/scaling is fit inside folds.,candidate socioeconomic predictor,0.5226213326021387,2026-09-03T17:13:26+09:00; 2026-09-03T17:14:41+09:00; 2026-09-03T17:15:49+09:00; 2026-09-03T17:17:42+09:00; 2026-09-03T17:17:59+09:00,Official metadata retained under data/raw/ssds_metadata and data/raw/ssds_core; no hand-translated raw label is used.,教育費（市町村財政）,SSDSE-A-2026,2026,D320310,2022,No panel transformation; model-time imputation/scaling is fit inside folds.,False,https://www.nstac.go.jp/files/SSDSE-A-2026.csv
D320311,Official e-Stat municipal indicator D320311,災害復旧費（市町村財政）,SSDSE-A-2026 official municipal dataset,SSDSE-A-2026,D320311,See preserved e-Stat metadata @unit,2020,raw,No panel transformation; model-time imputation/scaling is fit inside folds.,candidate socioeconomic predictor,0.5226213326021387,2026-09-03T17:13:26+09:00; 2026-09-03T17:14:41+09:00; 2026-09-03T17:15:49+09:00; 2026-09-03T17:17:42+09:00; 2026-09-03T17:17:59+09:00,Official metadata retained under data/raw/ssds_metadata and data/raw/ssds_core; no hand-translated raw label is used.,災害復旧費（市町村財政）,SSDSE-A-2026,2026,D320311,2022,No panel transformation; model-time imputation/scaling is fit inside folds.,False,https://www.nstac.go.jp/files/SSDSE-A-2026.csv
E1101,Official e-Stat municipal indicator E1101,幼稚園数,SSDSE-A-2026 official municipal dataset,SSDSE-A-2026,E1101,See preserved e-Stat metadata @unit,2020,raw,No panel transformation; model-time imputation/scaling is fit inside folds.,candidate socioeconomic predictor,0.5226213326021387,2026-09-03T17:13:26+09:00; 2026-09-03T17:14:41+09:00; 2026-09-03T17:15:49+09:00; 2026-09-03T17:17:42+09:00; 2026-09-03T17:17:59+09:00,Official metadata retained under data/raw/ssds_metadata and data/raw/ssds_core; no hand-translated raw label is used.,幼稚園数,SSDSE-A-2026,2026,E1101,2024,No panel transformation; model-time imputation/scaling is fit inside folds.,False,https://www.nstac.go.jp/files/SSDSE-A-2026.csv
E1501,Official e-Stat municipal indicator E1501,幼稚園在園者数,SSDSE-A-2026 official municipal dataset,SSDSE-A-2026,E1501,See preserved e-Stat metadata @unit,2020,raw,No panel transformation; model-time imputation/scaling is fit inside folds.,candidate socioeconomic predictor,0.5226213326021387,2026-09-03T17:13:26+09:00; 2026-09-03T17:14:41+09:00; 2026-09-03T17:15:49+09:00; 2026-09-03T17:17:42+09:00; 2026-09-03T17:17:59+09:00,Official metadata retained under data/raw/ssds_metadata and data/raw/ssds_core; no hand-translated raw label is used.,幼稚園在園者数,SSDSE-A-2026,2026,E1501,2024,No panel transformation; model-time imputation/scaling is fit inside folds.,False,https://www.nstac.go.jp/files/SSDSE-A-2026.csv
E2401,Official e-Stat municipal indicator E2401,小学校教員数,SSDSE-A-2026 official municipal dataset,SSDSE-A-2026,E2401,See preserved e-Stat metadata @unit,2020,raw,No panel transformation; model-time imputation/scaling is fit inside folds.,candidate socioeconomic predictor,0.5226213326021387,2026-09-03T17:13:26+09:00; 2026-09-03T17:14:41+09:00; 2026-09-03T17:15:49+09:00; 2026-09-03T17:17:42+09:00; 2026-09-03T17:17:59+09:00,Official metadata retained under data/raw/ssds_metadata and data/raw/ssds_core; no hand-translated raw label is used.,小学校教員数,SSDSE-A-2026,2026,E2401,2024,No panel transformation; model-time imputation/scaling is fit inside folds.,False,https://www.nstac.go.jp/files/SSDSE-A-2026.csv
E3401,Official e-Stat municipal indicator E3401,中学校教員数,SSDSE-A-2026 official municipal dataset,SSDSE-A-2026,E3401,See preserved e-Stat metadata @unit,2020,raw,No panel transformation; model-time imputation/scaling is fit inside folds.,candidate socioeconomic predictor,0.5226213326021387,2026-09-03T17:13:26+09:00; 2026-09-03T17:14:41+09:00; 2026-09-03T17:15:49+09:00; 2026-09-03T17:17:42+09:00; 2026-09-03T17:17:59+09:00,Official metadata retained under data/raw/ssds_metadata and data/raw/ssds_core; no hand-translated raw label is used.,中学校教員数,SSDSE-A-2026,2026,E3401,2024,No panel transformation; model-time imputation/scaling is fit inside folds.,False,https://www.nstac.go.jp/files/SSDSE-A-2026.csv
E3901,Official e-Stat municipal indicator E3901,義務教育学校数,SSDSE-A-2026 official municipal dataset,SSDSE-A-2026,E3901,See preserved e-Stat metadata @unit,2020,raw,No panel transformation; model-time imputation/scaling is fit inside folds.,candidate socioeconomic predictor,0.5226213326021387,2026-09-03T17:13:26+09:00; 2026-09-03T17:14:41+09:00; 2026-09-03T17:15:49+09:00; 2026-09-03T17:17:42+09:00; 2026-09-03T17:17:59+09:00,Official metadata retained under data/raw/ssds_metadata and data/raw/ssds_core; no hand-translated raw label is used.,義務教育学校数,SSDSE-A-2026,2026,E3901,2024,No panel transformation; model-time imputation/scaling is fit inside folds.,False,https://www.nstac.go.jp/files/SSDSE-A-2026.csv
E3904,Official e-Stat municipal indicator E3904,義務教育学校教員数,SSDSE-A-2026 official municipal dataset,SSDSE-A-2026,E3904,See preserved e-Stat metadata @unit,2020,raw,No panel transformation; model-time imputation/scaling is fit inside folds.,candidate socioeconomic predictor,0.5226213326021387,2026-09-03T17:13:26+09:00; 2026-09-03T17:14:41+09:00; 2026-09-03T17:15:49+09:00; 2026-09-03T17:17:42+09:00; 2026-09-03T17:17:59+09:00,Official metadata retained under data/raw/ssds_metadata and data/raw/ssds_core; no hand-translated raw label is used.,義務教育学校教員数,SSDSE-A-2026,2026,E3904,2024,No panel transformation; model-time imputation/scaling is fit inside folds.,False,https://www.nstac.go.jp/files/SSDSE-A-2026.csv
E3905,Official e-Stat municipal indicator E3905,義務教育学校前期課程児童数,SSDSE-A-2026 official municipal dataset,SSDSE-A-2026,E3905,See preserved e-Stat metadata @unit,2020,raw,No panel transformation; model-time imputation/scaling is fit inside folds.,candidate socioeconomic predictor,0.5226213326021387,2026-09-03T17:13:26+09:00; 2026-09-03T17:14:41+09:00; 2026-09-03T17:15:49+09:00; 2026-09-03T17:17:42+09:00; 2026-09-03T17:17:59+09:00,Official metadata retained under data/raw/ssds_metadata and data/raw/ssds_core; no hand-translated raw label is used.,義務教育学校前期課程児童数,SSDSE-A-2026,2026,E3905,2024,No panel transformation; model-time imputation/scaling is fit inside folds.,False,https://www.nstac.go.jp/files/SSDSE-A-2026.csv
E3906,Official e-Stat municipal indicator E3906,義務教育学校後期課程生徒数,SSDSE-A-2026 official municipal dataset,SSDSE-A-2026,E3906,See preserved e-Stat metadata @unit,2020,raw,No panel transformation; model-time imputation/scaling is fit inside folds.,candidate socioeconomic predictor,0.5226213326021387,2026-09-03T17:13:26+09:00; 2026-09-03T17:14:41+09:00; 2026-09-03T17:15:49+09:00; 2026-09-03T17:17:42+09:00; 2026-09-03T17:17:59+09:00,Official metadata retained under data/raw/ssds_metadata and data/raw/ssds_core; no hand-translated raw label is used.,義務教育学校後期課程生徒数,SSDSE-A-2026,2026,E3906,2024,No panel transformation; model-time imputation/scaling is fit inside folds.,False,https://www.nstac.go.jp/files/SSDSE-A-2026.csv
F110201,Official e-Stat municipal indicator F110201,就業者数（男）,SSDSE-A-2026 official municipal dataset,SSDSE-A-2026,F110201,See preserved e-Stat metadata @unit,2020,raw,No panel transformation; model-time imputation/scaling is fit inside folds.,candidate socioeconomic predictor,0.5226213326021387,2026-09-03T17:13:26+09:00; 2026-09-03T17:14:41+09:00; 2026-09-03T17:15:49+09:00; 2026-09-03T17:17:42+09:00; 2026-09-03T17:17:59+09:00,Official metadata retained under data/raw/ssds_metadata and data/raw/ssds_core; no hand-translated raw label is used.,就業者数（男）,SSDSE-A-2026,2026,F110201,2020,No panel transformation; model-time imputation/scaling is fit inside folds.,True,https://www.nstac.go.jp/files/SSDSE-A-2026.csv
F110202,Official e-Stat municipal indicator F110202,就業者数（女）,SSDSE-A-2026 official municipal dataset,SSDSE-A-2026,F110202,See preserved e-Stat metadata @unit,2020,raw,No panel transformation; model-time imputation/scaling is fit inside folds.,candidate socioeconomic predictor,0.5226213326021387,2026-09-03T17:13:26+09:00; 2026-09-03T17:14:41+09:00; 2026-09-03T17:15:49+09:00; 2026-09-03T17:17:42+09:00; 2026-09-03T17:17:59+09:00,Official metadata retained under data/raw/ssds_metadata and data/raw/ssds_core; no hand-translated raw label is used.,就業者数（女）,SSDSE-A-2026,2026,F110202,2020,No panel transformation; model-time imputation/scaling is fit inside folds.,True,https://www.nstac.go.jp/files/SSDSE-A-2026.csv
F110701,Official e-Stat municipal indicator F110701,完全失業者数（男）,SSDSE-A-2026 official municipal dataset,SSDSE-A-2026,F110701,See preserved e-Stat metadata @unit,2020,raw,No panel transformation; model-time imputation/scaling is fit inside folds.,candidate socioeconomic predictor,0.5226213326021387,2026-09-03T17:13:26+09:00; 2026-09-03T17:14:41+09:00; 2026-09-03T17:15:49+09:00; 2026-09-03T17:17:42+09:00; 2026-09-03T17:17:59+09:00,Official metadata retained under data/raw/ssds_metadata and data/raw/ssds_core; no hand-translated raw label is used.,完全失業者数（男）,SSDSE-A-2026,2026,F110701,2020,No panel transformation; model-time imputation/scaling is fit inside folds.,True,https://www.nstac.go.jp/files/SSDSE-A-2026.csv
F110702,Official e-Stat municipal indicator F110702,完全失業者数（女）,SSDSE-A-2026 official municipal dataset,SSDSE-A-2026,F110702,See preserved e-Stat metadata @unit,2020,raw,No panel transformation; model-time imputation/scaling is fit inside folds.,candidate socioeconomic predictor,0.5226213326021387,2026-09-03T17:13:26+09:00; 2026-09-03T17:14:41+09:00; 2026-09-03T17:15:49+09:00; 2026-09-03T17:17:42+09:00; 2026-09-03T17:17:59+09:00,Official metadata retained under data/raw/ssds_metadata and data/raw/ssds_core; no hand-translated raw label is used.,完全失業者数（女）,SSDSE-A-2026,2026,F110702,2020,No panel transformation; model-time imputation/scaling is fit inside folds.,True,https://www.nstac.go.jp/files/SSDSE-A-2026.csv
F110801,Official e-Stat municipal indicator F110801,非労働力人口（男）,SSDSE-A-2026 official municipal dataset,SSDSE-A-2026,F110801,See preserved e-Stat metadata @unit,2020,raw,No panel transformation; model-time imputation/scaling is fit inside folds.,candidate socioeconomic predictor,0.5226213326021387,2026-09-03T17:13:26+09:00; 2026-09-03T17:14:41+09:00; 2026-09-03T17:15:49+09:00; 2026-09-03T17:17:42+09:00; 2026-09-03T17:17:59+09:00,Official metadata retained under data/raw/ssds_metadata and data/raw/ssds_core; no hand-translated raw label is used.,非労働力人口（男）,SSDSE-A-2026,2026,F110801,2020,No panel transformation; model-time imputation/scaling is fit inside folds.,True,https://www.nstac.go.jp/files/SSDSE-A-2026.csv
F110802,Official e-Stat municipal indicator F110802,非労働力人口（女）,SSDSE-A-2026 official municipal dataset,SSDSE-A-2026,F110802,See preserved e-Stat metadata @unit,2020,raw,No panel transformation; model-time imputation/scaling is fit inside folds.,candidate socioeconomic predictor,0.5226213326021387,2026-09-03T17:13:26+09:00; 2026-09-03T17:14:41+09:00; 2026-09-03T17:15:49+09:00; 2026-09-03T17:17:42+09:00; 2026-09-03T17:17:59+09:00,Official metadata retained under data/raw/ssds_metadata and data/raw/ssds_core; no hand-translated raw label is used.,非労働力人口（女）,SSDSE-A-2026,2026,F110802,2020,No panel transformation; model-time imputation/scaling is fit inside folds.,True,https://www.nstac.go.jp/files/SSDSE-A-2026.csv
F2201,Official e-Stat municipal indicator F2201,第1次産業就業者数,SSDSE-A-2026 official municipal dataset,SSDSE-A-2026,F2201,See preserved e-Stat metadata @unit,2020,raw,No panel transformation; model-time imputation/scaling is fit inside folds.,candidate socioeconomic predictor,0.5226213326021387,2026-09-03T17:13:26+09:00; 2026-09-03T17:14:41+09:00; 2026-09-03T17:15:49+09:00; 2026-09-03T17:17:42+09:00; 2026-09-03T17:17:59+09:00,Official metadata retained under data/raw/ssds_metadata and data/raw/ssds_core; no hand-translated raw label is used.,第1次産業就業者数,SSDSE-A-2026,2026,F2201,2020,No panel transformation; model-time imputation/scaling is fit inside folds.,True,https://www.nstac.go.jp/files/SSDSE-A-2026.csv
F2211,Official e-Stat municipal indicator F2211,第2次産業就業者数,SSDSE-A-2026 official municipal dataset,SSDSE-A-2026,F2211,See preserved e-Stat metadata @unit,2020,raw,No panel transformation; model-time imputation/scaling is fit inside folds.,candidate socioeconomic predictor,0.5226213326021387,2026-09-03T17:13:26+09:00; 2026-09-03T17:14:41+09:00; 2026-09-03T17:15:49+09:00; 2026-09-03T17:17:42+09:00; 2026-09-03T17:17:59+09:00,Official metadata retained under data/raw/ssds_metadata and data/raw/ssds_core; no hand-translated raw label is used.,第2次産業就業者数,SSDSE-A-2026,2026,F2211,2020,No panel transformation; model-time imputation/scaling is fit inside folds.,True,https://www.nstac.go.jp/files/SSDSE-A-2026.csv
F2221,Official e-Stat municipal indicator F2221,第3次産業就業者数,SSDSE-A-2026 official municipal dataset,SSDSE-A-2026,F2221,See preserved e-Stat metadata @unit,2020,raw,No panel transformation; model-time imputation/scaling is fit inside folds.,candidate socioeconomic predictor,0.5226213326021387,2026-09-03T17:13:26+09:00; 2026-09-03T17:14:41+09:00; 2026-09-03T17:15:49+09:00; 2026-09-03T17:17:42+09:00; 2026-09-03T17:17:59+09:00,Official metadata retained under data/raw/ssds_metadata and data/raw/ssds_core; no hand-translated raw label is used.,第3次産業就業者数,SSDSE-A-2026,2026,F2221,2020,No panel transformation; model-time imputation/scaling is fit inside folds.,True,https://www.nstac.go.jp/files/SSDSE-A-2026.csv
G1201,Official e-Stat municipal indicator G1201,公民館数,SSDSE-A-2026 official municipal dataset,SSDSE-A-2026,G1201,See preserved e-Stat metadata @unit,2020,raw,No panel transformation; model-time imputation/scaling is fit inside folds.,candidate socioeconomic predictor,0.5226213326021387,2026-09-03T17:13:26+09:00; 2026-09-03T17:14:41+09:00; 2026-09-03T17:15:49+09:00; 2026-09-03T17:17:42+09:00; 2026-09-03T17:17:59+09:00,Official metadata retained under data/raw/ssds_metadata and data/raw/ssds_core; no hand-translated raw label is used.,公民館数,SSDSE-A-2026,2026,G1201,2021,No panel transformation; model-time imputation/scaling is fit inside folds.,False,https://www.nstac.go.jp/files/SSDSE-A-2026.csv
G1401,Official e-Stat municipal indicator G1401,図書館数,SSDSE-A-2026 official municipal dataset,SSDSE-A-2026,G1401,See preserved e-Stat metadata @unit,2020,raw,No panel transformation; model-time imputation/scaling is fit inside folds.,candidate socioeconomic predictor,0.5226213326021387,2026-09-03T17:13:26+09:00; 2026-09-03T17:14:41+09:00; 2026-09-03T17:15:49+09:00; 2026-09-03T17:17:42+09:00; 2026-09-03T17:17:59+09:00,Official metadata retained under data/raw/ssds_metadata and data/raw/ssds_core; no hand-translated raw label is used.,図書館数,SSDSE-A-2026,2026,G1401,2021,No panel transformation; model-time imputation/scaling is fit inside folds.,False,https://www.nstac.go.jp/files/SSDSE-A-2026.csv
H5507,Official e-Stat municipal indicator H5507,総人口（非水洗化人口＋水洗化人口）,SSDSE-A-2026 official municipal dataset,SSDSE-A-2026,H5507,See preserved e-Stat metadata @unit,2020,raw,No panel transformation; model-time imputation/scaling is fit inside folds.,candidate socioeconomic predictor,0.5226213326021387,2026-09-03T17:13:26+09:00; 2026-09-03T17:14:41+09:00; 2026-09-03T17:15:49+09:00; 2026-09-03T17:17:42+09:00; 2026-09-03T17:17:59+09:00,Official metadata retained under data/raw/ssds_metadata and data/raw/ssds_core; no hand-translated raw label is used.,総人口（非水洗化人口＋水洗化人口）,SSDSE-A-2026,2026,H5507,2023,No panel transformation; model-time imputation/scaling is fit inside folds.,False,https://www.nstac.go.jp/files/SSDSE-A-2026.csv
H550701,Official e-Stat municipal indicator H550701,非水洗化人口,SSDSE-A-2026 official municipal dataset,SSDSE-A-2026,H550701,See preserved e-Stat metadata @unit,2020,raw,No panel transformation; model-time imputation/scaling is fit inside folds.,candidate socioeconomic predictor,0.5226213326021387,2026-09-03T17:13:26+09:00; 2026-09-03T17:14:41+09:00; 2026-09-03T17:15:49+09:00; 2026-09-03T17:17:42+09:00; 2026-09-03T17:17:59+09:00,Official metadata retained under data/raw/ssds_metadata and data/raw/ssds_core; no hand-translated raw label is used.,非水洗化人口,SSDSE-A-2026,2026,H550701,2023,No panel transformation; model-time imputation/scaling is fit inside folds.,False,https://www.nstac.go.jp/files/SSDSE-A-2026.csv
H6130,Official e-Stat municipal indicator H6130,小売店数,SSDSE-A-2026 official municipal dataset,SSDSE-A-2026,H6130,See preserved e-Stat metadata @unit,2020,raw,No panel transformation; model-time imputation/scaling is fit inside folds.,candidate socioeconomic predictor,0.5226213326021387,2026-09-03T17:13:26+09:00; 2026-09-03T17:14:41+09:00; 2026-09-03T17:15:49+09:00; 2026-09-03T17:17:42+09:00; 2026-09-03T17:17:59+09:00,Official metadata retained under data/raw/ssds_metadata and data/raw/ssds_core; no hand-translated raw label is used.,小売店数,SSDSE-A-2026,2026,H6130,2021,No panel transformation; model-time imputation/scaling is fit inside folds.,False,https://www.nstac.go.jp/files/SSDSE-A-2026.csv
H6131,Official e-Stat municipal indicator H6131,飲食店数,SSDSE-A-2026 official municipal dataset,SSDSE-A-2026,H6131,See preserved e-Stat metadata @unit,2020,raw,No panel transformation; model-time imputation/scaling is fit inside folds.,candidate socioeconomic predictor,0.5226213326021387,2026-09-03T17:13:26+09:00; 2026-09-03T17:14:41+09:00; 2026-09-03T17:15:49+09:00; 2026-09-03T17:17:42+09:00; 2026-09-03T17:17:59+09:00,Official metadata retained under data/raw/ssds_metadata and data/raw/ssds_core; no hand-translated raw label is used.,飲食店数,SSDSE-A-2026,2026,H6131,2021,No panel transformation; model-time imputation/scaling is fit inside folds.,False,https://www.nstac.go.jp/files/SSDSE-A-2026.csv
H6132,Official e-Stat municipal indicator H6132,大型小売店数,SSDSE-A-2026 official municipal dataset,SSDSE-A-2026,H6132,See preserved e-Stat metadata @unit,2020,raw,No panel transformation; model-time imputation/scaling is fit inside folds.,candidate socioeconomic predictor,0.5226213326021387,2026-09-03T17:13:26+09:00; 2026-09-03T17:14:41+09:00; 2026-09-03T17:15:49+09:00; 2026-09-03T17:17:42+09:00; 2026-09-03T17:17:59+09:00,Official metadata retained under data/raw/ssds_metadata and data/raw/ssds_core; no hand-translated raw label is used.,大型小売店数,SSDSE-A-2026,2026,H6132,2021,No panel transformation; model-time imputation/scaling is fit inside folds.,False,https://www.nstac.go.jp/files/SSDSE-A-2026.csv
I510120,Official e-Stat municipal indicator I510120,一般病院数,SSDSE-A-2026 official municipal dataset,SSDSE-A-2026,I510120,See preserved e-Stat metadata @unit,2020,raw,No panel transformation; model-time imputation/scaling is fit inside folds.,candidate socioeconomic predictor,0.5226213326021387,2026-09-03T17:13:26+09:00; 2026-09-03T17:14:41+09:00; 2026-09-03T17:15:49+09:00; 2026-09-03T17:17:42+09:00; 2026-09-03T17:17:59+09:00,Official metadata retained under data/raw/ssds_metadata and data/raw/ssds_core; no hand-translated raw label is used.,一般病院数,SSDSE-A-2026,2026,I510120,2023,No panel transformation; model-time imputation/scaling is fit inside folds.,False,https://www.nstac.go.jp/files/SSDSE-A-2026.csv
I6200,Official e-Stat municipal indicator I6200,歯科医師数,SSDSE-A-2026 official municipal dataset,SSDSE-A-2026,I6200,See preserved e-Stat metadata @unit,2020,raw,No panel transformation; model-time imputation/scaling is fit inside folds.,candidate socioeconomic predictor,0.5226213326021387,2026-09-03T17:13:26+09:00; 2026-09-03T17:14:41+09:00; 2026-09-03T17:15:49+09:00; 2026-09-03T17:17:42+09:00; 2026-09-03T17:17:59+09:00,Official metadata retained under data/raw/ssds_metadata and data/raw/ssds_core; no hand-translated raw label is used.,歯科医師数,SSDSE-A-2026,2026,I6200,2022,No panel transformation; model-time imputation/scaling is fit inside folds.,False,https://www.nstac.go.jp/files/SSDSE-A-2026.csv
I6300,Official e-Stat municipal indicator I6300,薬剤師数,SSDSE-A-2026 official municipal dataset,SSDSE-A-2026,I6300,See preserved e-Stat metadata @unit,2020,raw,No panel transformation; model-time imputation/scaling is fit inside folds.,candidate socioeconomic predictor,0.5226213326021387,2026-09-03T17:13:26+09:00; 2026-09-03T17:14:41+09:00; 2026-09-03T17:15:49+09:00; 2026-09-03T17:17:42+09:00; 2026-09-03T17:17:59+09:00,Official metadata retained under data/raw/ssds_metadata and data/raw/ssds_core; no hand-translated raw label is used.,薬剤師数,SSDSE-A-2026,2026,I6300,2022,No panel transformation; model-time imputation/scaling is fit inside folds.,False,https://www.nstac.go.jp/files/SSDSE-A-2026.csv
J250302,Official e-Stat municipal indicator J250302,保育所等数（基本票）,SSDSE-A-2026 official municipal dataset,SSDSE-A-2026,J250302,See preserved e-Stat metadata @unit,2020,raw,No panel transformation; model-time imputation/scaling is fit inside folds.,candidate socioeconomic predictor,0.5226213326021387,2026-09-03T17:13:26+09:00; 2026-09-03T17:14:41+09:00; 2026-09-03T17:15:49+09:00; 2026-09-03T17:17:42+09:00; 2026-09-03T17:17:59+09:00,Official metadata retained under data/raw/ssds_metadata and data/raw/ssds_core; no hand-translated raw label is used.,保育所等数（基本票）,SSDSE-A-2026,2026,J250302,2023,No panel transformation; model-time imputation/scaling is fit inside folds.,False,https://www.nstac.go.jp/files/SSDSE-A-2026.csv
log_population,log population,,derived from e-Stat inputs,,,count / transformed count,2020,derived,log1p(A1101),derived predictor,0.5226213326021387,2026-09-03T17:13:26+09:00; 2026-09-03T17:14:41+09:00; 2026-09-03T17:15:49+09:00; 2026-09-03T17:17:42+09:00; 2026-09-03T17:17:59+09:00,Formula is defined here; source components are separately listed.,,SSDSE-A-2026 derived,2026,,,log1p(A1101),True,https://www.nstac.go.jp/files/SSDSE-A-2026.csv
share_75plus,age 75+ share,,derived from e-Stat inputs,,,proportion,2020,derived,A1419 / A1101; denominator > 0,derived predictor,0.5228955305730738,2026-09-03T17:13:26+09:00; 2026-09-03T17:14:41+09:00; 2026-09-03T17:15:49+09:00; 2026-09-03T17:17:42+09:00; 2026-09-03T17:17:59+09:00,Formula is defined here; source components are separately listed.,,SSDSE-A-2026 derived,2026,,,A1419 / A1101; denominator > 0,True,https://www.nstac.go.jp/files/SSDSE-A-2026.csv
foreign_population_share,foreign population share,,derived from e-Stat inputs,,,proportion,2020,derived,A1700 / A1101; denominator > 0,derived predictor,0.5228955305730738,2026-09-03T17:13:26+09:00; 2026-09-03T17:14:41+09:00; 2026-09-03T17:15:49+09:00; 2026-09-03T17:17:42+09:00; 2026-09-03T17:17:59+09:00,Formula is defined here; source components are separately listed.,,SSDSE-A-2026 derived,2026,,,A1700 / A1101; denominator > 0,True,https://www.nstac.go.jp/files/SSDSE-A-2026.csv
single_household_share,single-person household share,,derived from e-Stat inputs,,,proportion,2020,derived,A810105 / A710101; denominator > 0,derived predictor,0.5228955305730738,2026-09-03T17:13:26+09:00; 2026-09-03T17:14:41+09:00; 2026-09-03T17:15:49+09:00; 2026-09-03T17:17:42+09:00; 2026-09-03T17:17:59+09:00,Formula is defined here; source components are separately listed.,,SSDSE-A-2026 derived,2026,,,A810105 / A710101; denominator > 0,True,https://www.nstac.go.jp/files/SSDSE-A-2026.csv
elderly_single_household_share,elderly single-person household share,,derived from e-Stat inputs,,,proportion,2020,derived,A8301 / A710101; denominator > 0,derived predictor,0.5228955305730738,2026-09-03T17:13:26+09:00; 2026-09-03T17:14:41+09:00; 2026-09-03T17:15:49+09:00; 2026-09-03T17:17:42+09:00; 2026-09-03T17:17:59+09:00,Formula is defined here; source components are separately listed.,,SSDSE-A-2026 derived,2026,,,A8301 / A710101; denominator > 0,True,https://www.nstac.go.jp/files/SSDSE-A-2026.csv
unemployment_rate,unemployment rate,,derived from e-Stat inputs,,,count / transformed count,2020,derived,F1107 / (F1102 + F1107); denominator > 0,derived predictor,0.5228955305730738,2026-09-03T17:13:26+09:00; 2026-09-03T17:14:41+09:00; 2026-09-03T17:15:49+09:00; 2026-09-03T17:17:42+09:00; 2026-09-03T17:17:59+09:00,Formula is defined here; source components are separately listed.,,SSDSE-A-2026 derived,2026,,,F1107 / (F1102 + F1107); denominator > 0,True,https://www.nstac.go.jp/files/SSDSE-A-2026.csv
non_labor_force_share,non-labor-force share,,derived from e-Stat inputs,,,proportion,2020,derived,F1108 / (F1102 + F1107 + F1108); denominator > 0,derived predictor,0.5228955305730738,2026-09-03T17:13:26+09:00; 2026-09-03T17:14:41+09:00; 2026-09-03T17:15:49+09:00; 2026-09-03T17:17:42+09:00; 2026-09-03T17:17:59+09:00,Formula is defined here; source components are separately listed.,,SSDSE-A-2026 derived,2026,,,F1108 / (F1102 + F1107 + F1108); denominator > 0,True,https://www.nstac.go.jp/files/SSDSE-A-2026.csv
primary_industry_share,primary industry employment share,,derived from e-Stat inputs,,,proportion,2020,derived,F2201 / (F2201 + F2211 + F2221); denominator > 0,derived predictor,0.5228955305730738,2026-09-03T17:13:26+09:00; 2026-09-03T17:14:41+09:00; 2026-09-03T17:15:49+09:00; 2026-09-03T17:17:42+09:00; 2026-09-03T17:17:59+09:00,Formula is defined here; source components are separately listed.,,SSDSE-A-2026 derived,2026,,,F2201 / (F2201 + F2211 + F2221); denominator > 0,True,https://www.nstac.go.jp/files/SSDSE-A-2026.csv
secondary_industry_share,secondary industry employment share,,derived from e-Stat inputs,,,proportion,2020,derived,F2211 / (F2201 + F2211 + F2221); denominator > 0,derived predictor,0.5228955305730738,2026-09-03T17:13:26+09:00; 2026-09-03T17:14:41+09:00; 2026-09-03T17:15:49+09:00; 2026-09-03T17:17:42+09:00; 2026-09-03T17:17:59+09:00,Formula is defined here; source components are separately listed.,,SSDSE-A-2026 derived,2026,,,F2211 / (F2201 + F2211 + F2221); denominator > 0,True,https://www.nstac.go.jp/files/SSDSE-A-2026.csv
tertiary_industry_share,tertiary industry employment share,,derived from e-Stat inputs,,,proportion,2020,derived,F2221 / (F2201 + F2211 + F2221); denominator > 0,derived predictor,0.5228955305730738,2026-09-03T17:13:26+09:00; 2026-09-03T17:14:41+09:00; 2026-09-03T17:15:49+09:00; 2026-09-03T17:17:42+09:00; 2026-09-03T17:17:59+09:00,Formula is defined here; source components are separately listed.,,SSDSE-A-2026 derived,2026,,,F2221 / (F2201 + F2211 + F2221); denominator > 0,True,https://www.nstac.go.jp/files/SSDSE-A-2026.csv
population_total_2000,Official e-Stat Census item (2000 temporal input),"cat02=T01, cat01=000, cat03=000",e-Stat 2000 Census,0000033332,cat01=000;cat02=T01;cat03=000,persons,2000,raw,Direct Census value; temporal training input only.,temporal socioeconomic predictor,,2026-09-03T17:13:26+09:00; 2026-09-03T17:14:41+09:00; 2026-09-03T17:15:49+09:00; 2026-09-03T17:17:42+09:00; 2026-09-03T17:17:59+09:00,Raw request manifest under data/raw/census_2000_ses_age.,"cat02=T01, cat01=000, cat03=000",e-Stat 2000 Census,,,,Direct Census value; temporal training input only.,,
aging_share_65plus_2000,age 65+ share (2000 temporal input),cat02=565 / cat02=T01,e-Stat 2000 Census,0000033332,"cat01=000;cat02=565,T01;cat03=000",proportion,2000,derived,population age 65+ / total population.,temporal socioeconomic predictor,,2026-09-03T17:13:26+09:00; 2026-09-03T17:14:41+09:00; 2026-09-03T17:15:49+09:00; 2026-09-03T17:17:42+09:00; 2026-09-03T17:17:59+09:00,Raw request manifest under data/raw/census_2000_ses_age.,,e-Stat 2000 Census,,,,population age 65+ / total population.,,
working_age_share_15_64_2000,age 15-64 share (2000 temporal input),(cat02=415 - cat02=565) / cat02=T01,e-Stat 2000 Census,0000033332,"cat01=000;cat02=415,565,T01;cat03=000",proportion,2000,derived,(population age 15+ - population age 65+) / total population.,temporal socioeconomic predictor,,2026-09-03T17:13:26+09:00; 2026-09-03T17:14:41+09:00; 2026-09-03T17:15:49+09:00; 2026-09-03T17:17:42+09:00; 2026-09-03T17:17:59+09:00,Raw request manifest under data/raw/census_2000_ses_age.,,e-Stat 2000 Census,,,,(population age 15+ - population age 65+) / total population.,,
