code,prefecture_group,observed,extra_trees_prediction,extra_trees_residual,hist_gbdt_prediction,hist_gbdt_residual,elastic_net_prediction,elastic_net_residual,xgboost_prediction,xgboost_residual,catboost_prediction,catboost_residual,consensus_residual,model_disagreement_sd,residual_sign_agreement
47205,47,0.0009473684210526315,0.26359790417034046,-0.2626505357492878,0.25290370718332983,-0.2519563387622772,0.20658900661498686,-0.20564163819393422,0.16617105901241302,-0.16522369059136038,0.29531112267980153,-0.2943637542587489,-0.2519563387622772,0.04539183701210388,1.0
47208,47,0.01381544571010555,0.265163981171167,-0.25134853546106145,0.2888940552690397,-0.27507860955893415,0.24779455715030957,-0.23397911144020403,0.21389898657798767,-0.20008354086788213,0.2538195087489601,-0.24000406303885455,-0.24000406303885455,0.024449229645493998,1.0
47201,47,0.05555640162648676,0.31308870123893695,-0.25753229961245017,0.2666773671081733,-0.21112096548168655,0.2954533783009387,-0.23989697667445195,0.19922247529029846,-0.1436660736638117,0.34074203941748477,-0.28518563779099804,-0.23989697667445195,0.048331469897143764,1.0
14301,14,0.09517794784159299,0.2732619452182739,-0.1780839973766809,0.32543711391246916,-0.23025916607087615,0.16202249573771577,-0.06684454789612278,0.37082406878471375,-0.27564612094312074,0.31453233910452816,-0.21935439126293516,-0.21935439126293516,0.07077497071585978,1.0
47211,47,0.0006980802792321117,0.19816314546602495,-0.19746506518679285,0.21714889488929012,-0.21645081461005802,0.1442494798582368,-0.1435513995790047,0.15364588797092438,-0.15294780769169228,0.21681174641248568,-0.21611366613325358,-0.19746506518679285,0.031168746851155518,1.0
40343,40,0.05437505799387585,0.21436033047959308,-0.15998527248571723,0.3060068046813488,-0.2516317466874729,0.2037445218934224,-0.14936946389954656,0.27426353096961975,-0.2198884729757439,0.2212898530409329,-0.16691479504705706,-0.16691479504705706,0.03943467255046741,1.0
47327,47,0.00030079711234772146,0.16638908401964872,-0.16608828690730099,0.15699597183495542,-0.1566951747226077,0.13774534757573476,-0.13744455046338702,0.18028002977371216,-0.17997923266136442,0.19587327984911346,-0.19557248273676572,-0.16608828690730099,0.019825594050623986,1.0
47326,47,0.0008586147681740126,0.17877250241308648,-0.17791388764491248,0.18869195097316074,-0.18783333620498674,0.14131176460121286,-0.14045314983303886,0.13546299934387207,-0.13460438457569807,0.1613173309326906,-0.1604587161645166,-0.1604587161645166,0.02060344512977886,1.0
47325,47,0.0007501875468867217,0.15483839055040957,-0.15408820300352286,0.19264692253426025,-0.19189673498737353,0.10411461468643113,-0.10336442713954441,0.1380913406610489,-0.13734115311416217,0.15276987058927177,-0.15201968304238506,-0.15201968304238506,0.028585870899791744,1.0
17212,17,0.024613381084160835,0.16327459712137435,-0.1386612160372135,0.2073704064882594,-0.18275702540409858,0.15990548620370515,-0.13529210511954431,0.17801110446453094,-0.1533977233803701,0.17092363180445963,-0.1463102507202988,-0.1463102507202988,0.016940086852125495,1.0
47350,47,0.0013713658804168952,0.1448662435539722,-0.14349487767355532,0.14373689031215459,-0.1423655244317377,0.1755823814276813,-0.1742110155472644,0.11933092027902603,-0.11795955439860914,0.13525557091443546,-0.13388420503401857,-0.1423655244317377,0.01834662564040025,1.0
47329,47,0.00752162467092892,0.15898646755314086,-0.15146484288221193,0.13268481608673685,-0.12516319141580792,0.14122151300509878,-0.13369988833416985,0.1226130798459053,-0.11509145517497639,0.13986888457251095,-0.13234725990158203,-0.13234725990158203,0.011945991599771097,1.0
34302,34,0.06842186415850744,0.1961265128921656,-0.12770464873365817,0.180129847593951,-0.11170798343544357,0.19835636317828167,-0.12993449901977422,0.20767700672149658,-0.13925514256298915,0.21138853307216895,-0.1429666689136615,-0.12993449901977422,0.010891929564338373,1.0
47212,47,0.002171552660152009,0.16247755520998886,-0.16030600254983685,0.10466084597628543,-0.10248929331613342,0.1643316795546444,-0.16216012689449238,0.08682715892791748,-0.08465560626776547,0.1309082796640538,-0.1287367270039018,-0.1287367270039018,0.030790003177575475,1.0
11348,11,0.04399441340782123,0.13946727792293498,-0.09547286451511375,0.1799338600547989,-0.13593944664697766,0.09129820251811203,-0.0473037891102908,0.19078122079372406,-0.14678680738590283,0.16839087227766114,-0.12439645886983991,-0.12439645886983991,0.03570779359717961,1.0
13223,13,0.08601437258153675,0.23011791412178395,-0.14410354154024718,0.1975598672519989,-0.11154549467046214,0.1995836407417816,-0.11356926816024483,0.2101469486951828,-0.12413257611364605,0.2096260787085756,-0.12361170612703885,-0.12361170612703885,0.01154461281045097,1.0
36402,36,0.008071249652101308,0.1183513410165181,-0.1102800913644168,0.12619248829676472,-0.11812123864466341,0.1272005583002289,-0.11912930864812758,0.09008695185184479,-0.08201570219974348,0.1264626651756382,-0.1183914155235369,-0.11812123864466341,0.014156718919309138,1.0
42308,42,0.004445043103448276,0.10464339998810224,-0.10019835688465396,0.1362936384606503,-0.131848595357202,0.10689778954310397,-0.1024527464396557,0.12145360559225082,-0.11700856248880255,0.13545481429318162,-0.13100977118973334,-0.11700856248880255,0.013486588234524461,1.0
40218,40,0.16734542761940022,0.27549859414434485,-0.10815316652494464,0.29394597431471703,-0.1266005466953168,0.29348892740205745,-0.12614349978265724,0.282964825630188,-0.11561939801078777,0.26203700920699036,-0.09469158158759014,-0.11561939801078777,0.011963020950503677,1.0
43100,43,0.028082898279225724,0.13959757820018945,-0.11151467992096373,0.18231522351374965,-0.15423232523452393,0.056519303000696845,-0.02843640472147112,0.14830970764160156,-0.12022680936237584,0.14315800395083186,-0.11507510567160614,-0.11507510567160614,0.0416115053180866,1.0
47324,47,0.0004350257908147412,0.12497649606774706,-0.12454147027693233,0.13165692141066898,-0.13122189561985423,0.11295369035321956,-0.11251866456240482,0.09612240642309189,-0.09568738063227715,0.09368839149846309,-0.09325336570764835,-0.11251866456240482,0.015119748774645165,1.0
04404,04,0.016408386508659983,0.12741575573194636,-0.11100736922328637,0.13096901396076507,-0.11456062745210509,0.10979457253756326,-0.09338618602890328,0.12372428178787231,-0.10731589527921233,0.1322632671643616,-0.11585488065570161,-0.11100736922328637,0.00808595968989404,1.0
22341,22,0.018052947234506574,0.12749405959445975,-0.10944111235995319,0.13847598085964,-0.12042303362513343,0.15768989299835834,-0.13963694576385177,0.12411230057477951,-0.10605935334027294,0.12189654422794095,-0.10384359699343437,-0.10944111235995319,0.01317430070607787,1.0
47348,47,0.0012907768129547055,0.16038806456218416,-0.15909728774922946,0.07717979968377507,-0.07588902287082036,0.16456868018788384,-0.16327790337492915,0.07178326696157455,-0.07049249014861984,0.10493307386523507,-0.10364229705228035,-0.10364229705228035,0.039783308267614156,1.0
47213,47,0.0005437614699685072,0.11701197864640525,-0.11646821717643674,0.08616488832841043,-0.08562112685844192,0.1017148124445543,-0.10117105097458579,0.0929134339094162,-0.09236967243944769,0.10919801223872208,-0.10865425076875357,-0.10117105097458579,0.011034241330586676,1.0
28207,28,0.17478605520311366,0.2707383541045681,-0.09595229890145443,0.2452221740416925,-0.07043611883857884,0.31811686976381987,-0.1433308145607062,0.27681684494018555,-0.10203078973707189,0.2759097610370044,-0.10112370583389071,-0.10112370583389071,0.023410282748820007,1.0
12227,12,0.33071051917564204,0.44473159850959076,-0.11402107933394873,0.43709068948724966,-0.10638017031160762,0.3886811853278385,-0.05797066615219648,0.4229816794395447,-0.09227116026390264,0.4303053636258701,-0.09959484445022804,-0.09959484445022804,0.019424237345020894,1.0
04216,04,0.013692022263450836,0.10130252797274754,-0.08761050570929671,0.1244617939661962,-0.11076977170274535,0.10998539099111408,-0.09629336872766325,0.11189614236354828,-0.09820412010009744,0.11935150949265283,-0.10565948722920199,-0.09820412010009744,0.00797563441397956,1.0
13222,13,0.2586985005095356,0.31957469478200845,-0.06087619427247287,0.3853160689528917,-0.12661756844335614,0.3555477422639666,-0.09684924175443105,0.3784288167953491,-0.11973031628581354,0.3506493657826055,-0.09195086527306995,-0.09684924175443105,0.023237929913003837,1.0
47328,47,0.001563314226159458,0.11394318009791886,-0.1123798658717594,0.06138387211285982,-0.05982055788670036,0.09824058598418087,-0.0966772717580214,0.060170307755470276,-0.05860699352931082,0.10766796479269329,-0.10610465056653383,-0.0966772717580214,0.023009831599146442,1.0
14203,14,0.10375628040513597,0.2064322219189729,-0.10267594151383692,0.19739605579411726,-0.09363977538898129,0.18825690861976618,-0.08450062821463021,0.19661010801792145,-0.09285382761278548,0.19111914333510616,-0.08736286292997018,-0.09285382761278548,0.006243777654143761,1.0
21201,21,0.045139031714038914,0.13537214964903269,-0.09023311793499378,0.15454320396937513,-0.10940417225533622,0.11060957341845098,-0.06547054170441208,0.13094264268875122,-0.08580361097471231,0.14497001340311486,-0.09983098168907595,-0.09023311793499378,0.014781192185604263,1.0
40100,40,0.07662295463583546,0.1652571915923433,-0.08863423695650785,0.1790868919787169,-0.10246393734288145,0.11692557398731585,-0.040302619351480384,0.18176999688148499,-0.10514704224564952,0.14792849147717582,-0.07130553684134036,-0.08863423695650785,0.02387757479213209,1.0
33423,33,0.05278745644599303,0.14157363370487844,-0.08878617725888541,0.1458257309103839,-0.09303827446439086,0.11178182791481495,-0.058994371468821916,0.14009420573711395,-0.08730674929112092,0.11748053695543503,-0.064693080509442,-0.08730674929112092,0.013898244222555178,1.0
23100,23,0.2355519268021422,0.3267126675157896,-0.09116074071364738,0.2967535282244017,-0.0612016014222595,0.34026923199697184,-0.10471730519482964,0.30036646127700806,-0.06481453447486585,0.32113050695795364,-0.08557858015581143,-0.08557858015581143,0.01636726968044869,1.0
19425,19,0.01437847866419295,0.0390848334395645,-0.02470635477537155,0.12450064916502682,-0.11012217050083387,0.0993933253477772,-0.08501484668358425,0.10369668900966644,-0.08931821034547349,0.07701051775341276,-0.06263203908921981,-0.08501484668358425,0.029049048853969597,1.0
23342,23,0.018570338336301194,0.09364693415691762,-0.07507659582061643,0.11712933270364412,-0.09855899436734292,0.11273260270340461,-0.09416226436710343,0.09598052501678467,-0.07741018668048347,0.10262968574897581,-0.08405934741267462,-0.08405934741267462,0.009177312672388327,1.0
21421,21,0.01617496297983825,0.10389940042594159,-0.08772443744610334,0.0962558243377012,-0.08008086135786295,0.14249956505970918,-0.12632460207987092,0.08536408841609955,-0.0691891254362613,0.10006052898250756,-0.0838855660026693,-0.0838855660026693,0.019452301431957045,1.0
30201,30,0.05130465444287729,0.1332537029757982,-0.0819490485329209,0.11319704428967158,-0.061892389846794287,0.10652167578231062,-0.05521702133943333,0.13353046774864197,-0.08222581330576467,0.13210287982687352,-0.08079822538399623,-0.08079822538399623,0.011523232100309064,1.0
47215,47,0.0005257347142631828,0.09190640411075227,-0.09138066939648909,0.07284383972996236,-0.07231810501569919,0.08047393101646341,-0.07994819630220024,0.10722611099481583,-0.10670037628055265,0.06751624165103882,-0.06699050693677565,-0.07994819630220024,0.01421668454724087,1.0
23226,23,0.17307219737553448,0.2528672126720889,-0.07979501529655442,0.2624608553256103,-0.08938865795007583,0.19703071518428805,-0.023958517808753577,0.24574100971221924,-0.07266881233668476,0.26024427185218973,-0.08717207447665526,-0.07979501529655442,0.024049546417916897,1.0
44202,44,0.03223433295258746,0.12025849138882357,-0.08802415843623611,0.11987411320097795,-0.08763978024839049,0.09488203405328509,-0.06264770110069763,0.10962602496147156,-0.0773916920088841,0.11148344483160501,-0.07924911187901755,-0.07924911187901755,0.009231762307561942,1.0
47210,47,0.0005212793685072793,0.09367907343155961,-0.09315779406305233,0.056721779409224495,-0.056200500040717215,0.08955129822352903,-0.08903001885502175,0.06744787096977234,-0.06692659160126506,0.07943518213896231,-0.07891390277045503,-0.07891390277045503,0.013736320425413473,1.0
01205,01,0.011764383261119947,0.10520658719774119,-0.09344220393662124,0.11324194916504444,-0.1014775659039245,0.08874993493562468,-0.07698555167450473,0.08531386405229568,-0.07354948079117574,0.08626639032303818,-0.07450200706191823,-0.07698555167450473,0.011342379458628012,1.0
40341,40,0.05046457607433217,0.0906926823812451,-0.04022810630691293,0.15415161589804788,-0.10368703982371572,0.09926761047140059,-0.04880303439706842,0.16434243321418762,-0.11387785713985546,0.1247221705717087,-0.07425759449737654,-0.07425759449737654,0.029063715493600803,1.0
11230,11,0.22281831674405306,0.2944317898165763,-0.07161347307252325,0.3049114420214822,-0.08209312527742912,0.2718370854132251,-0.04901876866917204,0.29141998291015625,-0.06860166616610319,0.2974746124011679,-0.07465629565711485,-0.07161347307252325,0.011040550165719145,1.0
14401,14,0.009567174869538524,0.07186250565344396,-0.06229533078390544,0.07975175854796708,-0.07018458367842856,0.08269001399683354,-0.07312283912729502,0.06364794075489044,-0.05408076588535192,0.08104691330926943,-0.0714797384397309,-0.07018458367842856,0.007124537784982284,1.0
11465,11,0.03740684465668186,0.1068624834747566,-0.06945563881807473,0.09295683475438228,-0.05554999009770042,0.12286807389067066,-0.0854612292339888,0.09543460607528687,-0.058027761418605,0.1210488506027782,-0.08364200594609633,-0.06945563881807473,0.012463342359610047,1.0
40381,40,0.015495550782448604,0.11289816572324136,-0.09740261494079276,0.08713902966864051,-0.07164347888619191,0.07175233940106965,-0.056256788618621045,0.06500015407800674,-0.04950460329555814,0.08493357169495794,-0.06943802091250934,-0.06943802091250934,0.016469574708222554,1.0
36403,36,0.012328148195959466,0.0991780498077143,-0.08684990161175483,0.0657657804678239,-0.05343763227186443,0.1144089506884281,-0.10208080249246863,0.07675275951623917,-0.0644246113202797,0.08158158353338085,-0.06925343533742138,-0.06925343533742138,0.017224219004328647,1.0
23217,23,0.11328174022171093,0.1823300815045911,-0.06904834128288016,0.21823941699225446,-0.10495767677054353,0.15772053043632228,-0.04443879021461135,0.1703457534313202,-0.05706401320960926,0.19756770623761313,-0.0842859660159022,-0.06904834128288016,0.02111189840843427,1.0
36401,36,0.0017145306472353193,0.0705657310357266,-0.06885120038849128,0.08563675025600273,-0.08392221960876742,0.08767329984976344,-0.08595876920252812,0.057297155261039734,-0.055582624613804414,0.05936699123067209,-0.057652460583436774,-0.06885120038849128,0.012723039438759366,1.0
14402,14,0.009259259259259259,0.04955523078254408,-0.04029597152328482,0.09805891689650668,-0.08879965763724743,0.08272773210885256,-0.0734684728495933,0.07694833725690842,-0.06768907799764916,0.06318769269192363,-0.053928433432664374,-0.06768907799764916,0.01660183444353698,1.0
34307,34,0.008411214953271028,0.07086110727737704,-0.06244989232410601,0.09659440876473638,-0.08818319381146535,0.05424968228204303,-0.045838467328772003,0.07761199027299881,-0.06920077531972778,0.07561630028075002,-0.06720508532747899,-0.06720508532747899,0.013573695463951471,1.0
13204,13,0.2827995428126748,0.3482178602355339,-0.06541831742285914,0.33042133301380683,-0.04762179020113205,0.45012902383277964,-0.16732948102010486,0.38350141048431396,-0.10070186767163919,0.33745486534154007,-0.05465532252886529,-0.06541831742285914,0.04405235895542612,1.0
42307,42,0.07387914230019493,0.14054771807158029,-0.06666857577138535,0.12753932335450666,-0.05366018105431172,0.12141724516344782,-0.047538102863252885,0.1383344978094101,-0.06445535550921516,0.15984302698381142,-0.08596388468361649,-0.06445535550921516,0.013168593684444908,1.0
10524,10,0.02141641452344932,0.08891018007326756,-0.06749376554981824,0.0671747186710047,-0.045758304147555384,0.07947052938125213,-0.058054114857802805,0.08558160811662674,-0.06416519359317742,0.09239916934970283,-0.0709827548262535,-0.06416519359317742,0.008858978119481532,1.0
14212,14,0.0896372214088173,0.17002962239536432,-0.08039240098654701,0.13621371762519688,-0.046576496216379576,0.15536915879348004,-0.06573193738466274,0.14862167835235596,-0.058984456943538655,0.15366332598862298,-0.06402610457980568,-0.06402610457980568,0.010924896615005715,1.0
38401,38,0.06265736277965614,0.13050064884899684,-0.0678432860693407,0.1443822439005714,-0.08172488112091525,0.10355039946252499,-0.04089303668286885,0.12630826234817505,-0.06365089956851891,0.10072635525149123,-0.038068992471835095,-0.06365089956851891,0.01661706803213252,1.0
40130,40,0.16684870426049783,0.2898322142567434,-0.12298350999624555,0.22922617495034103,-0.0623774706898432,0.225093387214768,-0.058244682954270155,0.227101668715477,-0.06025296445497916,0.26280455741722586,-0.09595585315672803,-0.0623774706898432,0.025596707874174434,1.0
29424,29,0.10785890425645973,0.17824249257716143,-0.0703835883207017,0.16033419537647386,-0.05247529112001413,0.17015646505791598,-0.06229756080145625,0.16986806690692902,-0.06200916265046928,0.17403218462132788,-0.06617328036486815,-0.06229756080145625,0.005937674620363651,1.0
40202,40,0.03751297167207613,0.1425453283415831,-0.10503235666950697,0.10433368727133799,-0.06682071559926187,0.07469698816869488,-0.03718401649661875,0.09977875649929047,-0.062265784827214336,0.09109815174744265,-0.05358518007536652,-0.062265784827214336,0.02243838258072556,1.0
31204,31,0.019577377252952145,0.10732722959885047,-0.08774985234589833,0.08122023544065672,-0.061642858187704576,0.0811864563271866,-0.061609079074234456,0.07012984156608582,-0.05055246431313367,0.07556169774637181,-0.05598432049341966,-0.061609079074234456,0.012800029044244893,1.0
36201,36,0.008899726229984419,0.08382537576046796,-0.07492564953048354,0.0544266820632137,-0.045526955833229285,0.06312697292396688,-0.05422724669398246,0.07025472074747086,-0.06135499451748644,0.07123962463884294,-0.06233989840885852,-0.06135499451748644,0.0097195837979316,1.0
17201,17,0.01563895162561059,0.08519946971127877,-0.06956051808566818,0.05880627073774181,-0.043167319112131224,0.0888832609649965,-0.07324430933938592,0.06306774169206619,-0.0474287900664556,0.07687144720440559,-0.061232495578794996,-0.061232495578794996,0.011865485547026282,1.0
08221,08,0.05551007260867814,0.097336421332271,-0.04182634872359285,0.1402697836082389,-0.08475971099956077,0.10572894036176597,-0.05021886775308783,0.11589840799570084,-0.06038833538702269,0.12034510129574617,-0.06483502868706803,-0.06038833538702269,0.014571897275130414,1.0
14218,14,0.11620702889412797,0.17631786562452426,-0.060110836730396286,0.18665754302764123,-0.07045051413351326,0.17240626203763437,-0.0561992331435064,0.17987796664237976,-0.06367093774825179,0.1728979109100095,-0.05669088201588153,-0.060110836730396286,0.005252650337122126,1.0
10464,10,0.011614956245027844,0.06910799253667971,-0.05749303629165187,0.051976977649237366,-0.040362021404209525,0.08565412495500654,-0.0740391687099787,0.07271434366703033,-0.061099387422002494,0.0716904731255035,-0.06007551688047566,-0.06007551688047566,0.01077627295595433,1.0
22206,22,0.08554707671122841,0.16346483239354034,-0.07791775568231193,0.147312960127311,-0.06176588341608258,0.11277171407321018,-0.027224637361981774,0.14465418457984924,-0.059107107868620834,0.1206569620944019,-0.035109885383173486,-0.059107107868620834,0.018528112909795006,1.0
13202,13,0.2958390070179114,0.3542199440494005,-0.05838093703148911,0.3811434130084115,-0.0853044059905001,0.31306552974948254,-0.01722652273157116,0.38232213258743286,-0.08648312556952148,0.34494187461264514,-0.04910286759473376,-0.05838093703148911,0.02565211539510105,1.0
30209,30,0.03784958582793406,0.09682738433117988,-0.05897779850324582,0.07338115367951081,-0.035531567851576754,0.10373497940108027,-0.06588539357314621,0.09595269709825516,-0.0581031112703211,0.09040987396857242,-0.05256028814063836,-0.0581031112703211,0.01025483687286858,1.0
23206,23,0.12924804556322703,0.18717858255676748,-0.05793053699354045,0.22048121142126337,-0.09123316585803634,0.16784010005958427,-0.03859205449635725,0.13483867049217224,-0.005590624928945215,0.1981550974127491,-0.06890705184952206,-0.05793053699354045,0.028958067886378253,1.0
31384,31,0.01340033500837521,0.05677508032612443,-0.04337474531774922,0.0846474756984763,-0.0712471406901011,0.07118173273676723,-0.05778139772839202,0.07087663561105728,-0.05747630060268207,0.05120481022113094,-0.037804475212755734,-0.05747630060268207,0.011814955275493344,1.0
14207,14,0.22482600569179761,0.2822342414751667,-0.057408235783369066,0.32558885053025083,-0.10076284483845321,0.2947263010932493,-0.0699002954014517,0.2739257514476776,-0.04909974575588,0.28210988733312453,-0.05728388164132692,-0.057408235783369066,0.018193988015265554,1.0
36405,36,0.005951115834218916,0.04730982166531925,-0.04135870583110034,0.06691839987713852,-0.0609672840429196,0.06638724394925596,-0.06043612811503705,0.06122654303908348,-0.055275427204864565,0.0588454561444213,-0.05289434031020238,-0.055275427204864565,0.007105555940227925,1.0
23208,23,0.10751433524469929,0.17205999253472537,-0.06454565729002608,0.16060239387841543,-0.05308805863371614,0.13837219807007972,-0.03085786282538043,0.1818576455116272,-0.0743433102669279,0.16205854563987832,-0.054544210395179024,-0.054544210395179024,0.01449729115172681,1.0
40642,40,0.035922330097087375,0.09367292666140978,-0.0577505965643224,0.09036264994004753,-0.054440319842960154,0.0456770405830227,-0.009754710485935326,0.09126396477222443,-0.05534163467513705,0.07194347484564066,-0.03602114474855329,-0.054440319842960154,0.018188778745281728,1.0
35207,35,0.022136942031912746,0.07637321598299494,-0.0542362739510822,0.07934398103738018,-0.05720703900546743,0.0663762132484618,-0.04423927121654905,0.06827569752931595,-0.046138755497403205,0.07865257088048513,-0.05651562884857239,-0.0542362739510822,0.005413594811490835,1.0
30381,30,0.021305841924398626,0.07540967806928253,-0.054103836144883906,0.10915035764379641,-0.08784451571939778,0.07538182631926989,-0.05407598439487126,0.07971670478582382,-0.058410862861425196,0.0626946142013808,-0.04138877227698217,-0.054103836144883906,0.01543107952133954,1.0
36341,36,0.028491620111731845,0.07371464555259799,-0.04522302544086615,0.10462476023965919,-0.07613314012792735,0.08233708449106908,-0.05384546437933724,0.08824823051691055,-0.05975661040517871,0.0818586875329095,-0.05336706742117765,-0.05384546437933724,0.010327737812247322,1.0
22212,22,0.0453891733302652,0.1061031886832035,-0.06071401535293829,0.08868921210229819,-0.043300038772032985,0.09918168714032265,-0.053792513810057445,0.09577488899230957,-0.05038571566204437,0.09863832406066576,-0.05324915073040056,-0.05324915073040056,0.005631824563772658,1.0
35344,35,0.008737092930897538,0.06831656232342176,-0.05957946939252422,0.07107237587416337,-0.06233528294326583,0.05687044872836679,-0.048133355797469246,0.06173844635486603,-0.053001353423968486,0.04444252826714085,-0.03570543533624332,-0.053001353423968486,0.009438462343945665,1.0
19201,19,0.019498041163785805,0.06930721567378305,-0.049809174509997244,0.07229976457723052,-0.05280172341344471,0.08562467428740872,-0.06612663312362291,0.08005134016275406,-0.060553298998968254,0.07200314900535121,-0.0525051078415654,-0.05280172341344471,0.00605649595370298,1.0
04203,04,0.13772506186534686,0.21545912347307744,-0.07773406160773058,0.16076182340862918,-0.023036761543282325,0.14815772836725255,-0.01043266650190569,0.1902945339679718,-0.05256947210262494,0.21276207745927067,-0.07503701559392381,-0.05256947210262494,0.027093096156907928,1.0
08222,08,0.016419635572477564,0.06832785351605389,-0.05190821794357632,0.0738934471058408,-0.05747381153336323,0.06668760776056296,-0.05026797218808539,0.08276310563087463,-0.06634347005839707,0.06860216270311287,-0.0521825271306353,-0.0521825271306353,0.005876495887702466,1.0
23219,23,0.06419639496466062,0.11633684170446737,-0.05214044673980675,0.10693558837875387,-0.042739193414093254,0.13253842101209312,-0.0683420260474325,0.11194783449172974,-0.04775143952706912,0.12041541472191256,-0.05621901975725194,-0.05214044673980675,0.008698840603749603,1.0
11347,11,0.0313777483151033,0.06556636686981146,-0.03418861855470816,0.0871283922488204,-0.05575064393371709,0.0834309151753155,-0.052053166860212205,0.09837577491998672,-0.06699802660488342,0.07489750310577936,-0.04351975479067606,-0.052053166860212205,0.011108118093124723,1.0
40215,40,0.0922845125243267,0.15990867822886679,-0.06762416570454008,0.1334606374753481,-0.04117612495102138,0.10465165727486012,-0.01236714475053341,0.1483336091041565,-0.05604909657982979,0.1442754926417112,-0.05199098011738448,-0.05199098011738448,0.01875523309671997,1.0
42205,42,0.02755485961592832,0.1124326645073767,-0.08487780489144837,0.056450844848180096,-0.028895985232251776,0.07514855946955563,-0.04759369985362731,0.07805011421442032,-0.050495254598491995,0.09606567483268684,-0.06851081521675852,-0.050495254598491995,0.01911029002380316,1.0
01453,01,0.002802932298404485,0.026271753491457172,-0.023468821193052686,0.05787666071810382,-0.05507372841969934,0.06740114585520424,-0.06459821355679975,0.03953734040260315,-0.03673440810419867,0.053152153095352206,-0.05034922079694772,-0.05034922079694772,0.014426620933047937,1.0
01235,01,0.010278938838181352,0.047175381585699255,-0.0368964427475179,0.05842180343320635,-0.048142864595024995,0.0709935375061628,-0.06071459866798145,0.06019526720046997,-0.04991632836228862,0.07733251796342774,-0.0670535791252464,-0.04991632836228862,0.010472891340357879,1.0
47362,47,0.0004320276497695853,0.07814654537539727,-0.07771451772562768,0.028918181400512107,-0.02848615375074252,0.0943666495527095,-0.09393462190293991,0.05033399164676666,-0.049901963996997076,0.029803068951287162,-0.029371041301517575,-0.049901963996997076,0.02612961927304666,1.0
22424,22,0.0042489214276376,0.05879822714168082,-0.05454930571404322,0.06092478215325958,-0.05667586072562198,0.054140040148210875,-0.04989111872057327,0.04677959159016609,-0.04253067016252849,0.04468851734666,-0.0404395959190224,-0.04989111872057327,0.006410516253938627,1.0
28464,28,0.056278953299111055,0.09858440304067607,-0.04230544974156502,0.10609372119422958,-0.049814767895118524,0.092732991402302,-0.03645403810319094,0.11698692291975021,-0.06070796962063916,0.11600709380338203,-0.05972814050427098,-0.049814767895118524,0.009506155418938988,1.0
08223,08,0.02134947821237951,0.06184312161158515,-0.04049364339920564,0.08218827034472286,-0.06083879213234335,0.05542497916702723,-0.03407550095464772,0.07682455331087112,-0.055475075098491616,0.07064269290181391,-0.0492932146894344,-0.0492932146894344,0.009722289723320812,1.0
02203,02,0.010445274025526686,0.054921847431916054,-0.04447657340638937,0.07651125385561895,-0.06606597983009227,0.06936726023264554,-0.05892198620711886,0.05435143783688545,-0.04390616381135877,0.05923036533290866,-0.04878509130738197,-0.04878509130738197,0.008686586918381456,1.0
21383,21,0.01675436167266685,0.07295294929781046,-0.05619858762514361,0.06663427962949102,-0.04987991795682417,0.06509248678366042,-0.04833812511099357,0.06443823873996735,-0.0476838770673005,0.058161192858064106,-0.04140683118539726,-0.04833812511099357,0.0047323309815082365,1.0
01661,01,0.0029653284671532845,0.0309038132661959,-0.027938484799042616,0.05146814475125962,-0.04850281628410633,0.07729757051365044,-0.07433224204649716,0.04336358234286308,-0.0403982538757098,0.05109917055513548,-0.048133842087982194,-0.048133842087982194,0.015190867111511812,1.0
05201,05,0.016316727570521158,0.043702438533978163,-0.027385710963457006,0.05921148466825523,-0.042894757097734076,0.09233626690548374,-0.07601953933496258,0.06386696547269821,-0.04755023790217705,0.08119058666744478,-0.06487385909692361,-0.04755023790217705,0.017034776146479778,1.0
01206,01,0.002286890400777543,0.04973435072566752,-0.04744746032488998,0.03475150950602422,-0.03246461910524668,0.06999390708651165,-0.06770701668573412,0.04053689166903496,-0.038250001268257415,0.05278193527641896,-0.050495044875641416,-0.04744746032488998,0.012071981595317713,1.0
23302,23,0.05340851785632421,0.10016644702564714,-0.046757929169322934,0.10245535266726205,-0.04904683481093784,0.12342515700910432,-0.07001663915278011,0.09257834404706955,-0.03916982619074534,0.09651724355483866,-0.043108725698514455,-0.046757929169322934,0.010734483519712547,1.0
01452,01,0.001387443635102324,0.025106543069989665,-0.023719099434887342,0.05116051720532417,-0.04977307357022184,0.06813991434354083,-0.06675247070843851,0.04739396646618843,-0.046006522831086104,0.04766113065345946,-0.046273687018357136,-0.046273687018357136,0.013712327480714393,1.0
08442,08,0.008836737650296972,0.04953872119874795,-0.040701983548450976,0.0549456939089465,-0.046108956258649525,0.06587550157933736,-0.057038763929040386,0.04934908449649811,-0.040512346846201135,0.05997782347493271,-0.05114108582463574,-0.046108956258649525,0.006331245649920314,1.0
21204,21,0.07783018867924528,0.11931341006328211,-0.04148322138403683,0.15125266705147059,-0.0734224783722253,0.10979072759688399,-0.03196053891763871,0.12375732511281967,-0.04592713643357439,0.15041329915009377,-0.07258311047084849,-0.04592713643357439,0.01688708383146067,1.0
10428,10,0.009351256575102279,0.035733098372414174,-0.026381841797311893,0.05769845176093264,-0.04834719518583036,0.05549647397011813,-0.04614521739501585,0.054968174546957016,-0.045616917971854735,0.05037586878676839,-0.04102461221166611,-0.045616917971854735,0.007927115380857302,1.0
01234,01,0.09433820772403449,0.13626464302212238,-0.041926435298087886,0.17095057307078473,-0.07661236534675024,0.11346181641472425,-0.019123608690689756,0.13981522619724274,-0.045477018473208244,0.1681455414401885,-0.07380733371615401,-0.045477018473208244,0.021467868911737877,1.0
04406,04,0.06298090624109433,0.08935501517826047,-0.026374108937166144,0.11882773318598425,-0.05584682694488992,0.10823420965225876,-0.04525330341116443,0.11614884436130524,-0.05316793812021091,0.095501236089698,-0.032520329848603674,-0.04525330341116443,0.011481060653389337,1.0
30422,30,0.02782462057335582,0.0731174841782595,-0.045292863604903685,0.07653667120903437,-0.04871205063567856,0.07295213580978122,-0.0451275152364254,0.062380366027355194,-0.03455574545399938,0.041333198925669466,-0.013508578352313647,-0.0451275152364254,0.012875219198895508,1.0
08341,08,0.07811066126855601,0.1016186041554129,-0.023507942886856897,0.12275653944636244,-0.044645878177806436,0.11777835016790805,-0.039667688899352044,0.12880228459835052,-0.050691623329794516,0.12334552716716167,-0.04523486589860566,-0.044645878177806436,0.009301480455789038,1.0
23424,23,0.03672722519932035,0.0931568042778355,-0.05642957907851515,0.0812865785592661,-0.04455935335994576,0.186375716242986,-0.14964849104366565,0.05861528590321541,-0.02188806070389506,0.060939564194200845,-0.024212338994880497,-0.04455935335994576,0.046944992615258384,1.0
40212,40,0.012690019828155982,0.060815956795465635,-0.04812593696730966,0.03102128849964259,-0.018331268671486607,0.06395330989088083,-0.05126329006272484,0.04102487489581108,-0.0283348550676551,0.056787760698511255,-0.04409774087035527,-0.04409774087035527,0.012616665468358606,1.0
36404,36,0.01947819871336669,0.053176940260734204,-0.03369874154736752,0.060783602851350614,-0.04130540413798392,0.06322245385618151,-0.043744255142814825,0.06424318999052048,-0.04476499127715379,0.07352827206366164,-0.05405007335029495,-0.043744255142814825,0.00653978629440958,1.0
02201,02,0.01797040991835877,0.03138143283928003,-0.013411022920921258,0.08073408931944934,-0.06276367940109057,0.07399321057229732,-0.056022800653938554,0.061714451760053635,-0.043744041841694864,0.04333973631504258,-0.02536932639668381,-0.043744041841694864,0.01849118560565702,1.0
10345,10,0.02060907167172693,0.08017116106200481,-0.05956208939027788,0.05722414286825983,-0.0366150711965329,0.09944865040916934,-0.0788395787374424,0.04231296852231026,-0.021703896850583326,0.06427622797488561,-0.04366715630315868,-0.04366715630315868,0.019619411970681087,1.0
01227,01,0.012195121951219513,0.04334655873946183,-0.03115143678824232,0.06060603589671328,-0.048410913945493766,0.04278402997601393,-0.030588908024794418,0.05954998359084129,-0.047354861639621784,0.055794540734693115,-0.043599418783473606,-0.043599418783473606,0.007802750264068849,1.0
37202,37,0.02056251477192153,0.06410901897564668,-0.04354650420372515,0.07807905103574934,-0.057516536263827814,0.0659845242607347,-0.04542200948881317,0.06151546910405159,-0.04095295433213006,0.0449023221153214,-0.02433980734339987,-0.04354650420372515,0.010650927736863939,1.0
19210,19,0.03045822102425876,0.09205291897835007,-0.06159469795409131,0.07344131484224642,-0.042983093817987664,0.07698910690279029,-0.04653088587853153,0.07297229021787643,-0.04251406919361768,0.0713325180633646,-0.04087429703910585,-0.042983093817987664,0.007575724793033418,1.0
19202,19,0.020056032374260683,0.06224397571705052,-0.042187943342789844,0.06835177094020378,-0.0482957385659431,0.058519842314999876,-0.038463809940739196,0.050222281366586685,-0.030166248992326002,0.07170280370355081,-0.05164677132929013,-0.042187943342789844,0.007551933145424183,1.0
01230,01,0.018295946669261837,0.06033246444958556,-0.04203651778032372,0.04977243179043796,-0.03147648512117612,0.07505331996290471,-0.056757373293642874,0.04512450471520424,-0.0268285580459424,0.06050652103693824,-0.042210574367676404,-0.04203651778032372,0.010352636734411806,1.0
12426,12,0.027977044476327116,0.05058672876083505,-0.022609684284507936,0.07353149184881534,-0.045554447372488226,0.06238414849988941,-0.03440710402356229,0.08261702209711075,-0.05463997762078363,0.06988918334983851,-0.0419121388735114,-0.0419121388735114,0.010792469311777143,1.0
08232,08,0.009276968058211875,0.04711755155462505,-0.03784058349641317,0.049276010940235634,-0.03999904288202376,0.060983744360253306,-0.05170677630204143,0.05113007500767708,-0.0418531069494652,0.055304699313137494,-0.04602773125492562,-0.0418531069494652,0.004914010509023948,1.0
11219,11,0.21605208447313712,0.25787178195882215,-0.04181969748568504,0.22827695101544074,-0.01222486654230362,0.21976100947491323,-0.003708925001776109,0.27759334444999695,-0.06154125997685983,0.29414072627207777,-0.07808864179894065,-0.04181969748568504,0.028302694743795535,1.0
38205,38,0.004823601996746873,0.04857317560337999,-0.04374957360663312,0.025233275864759208,-0.020409673868012335,0.06019062367192563,-0.05536702167517876,0.036554791033267975,-0.0317311890365211,0.04630888674605666,-0.04148528474930979,-0.04148528474930979,0.011781606722949943,1.0
12427,12,0.019007731958762885,0.04913508062773916,-0.030127348668976272,0.06037545572933225,-0.04136772377056937,0.06600222327425379,-0.0469944913154909,0.05303502827882767,-0.03402729632006478,0.0614696622956659,-0.042461930336903014,-0.04136772377056937,0.006082016153641519,1.0
21505,21,0.008633396504527269,0.04990202276891715,-0.04126862626438988,0.0420349230215898,-0.03340152651706253,0.02368610585593496,-0.015052709351407692,0.05149395018815994,-0.042860553683632674,0.05159280908301885,-0.04295941257849158,-0.04126862626438988,0.010628516521248974,1.0
23209,23,0.053564672179882165,0.07440315419879331,-0.02083848201891115,0.0985804141827899,-0.045015742002907734,0.08391451555378296,-0.030349843373900794,0.09659500420093536,-0.0430303320210532,0.0942332384593566,-0.04066856627947444,-0.04066856627947444,0.009102732529896712,1.0
19424,19,0.006019417475728156,0.04588131563728804,-0.03986189816155988,0.07437321529506302,-0.06835379781933487,0.026606580842477134,-0.020587163366748977,0.048803508281707764,-0.042784090805979606,0.037010539124068306,-0.03099112164834015,-0.03986189816155988,0.01592731558659225,1.0
24324,24,0.026215776002481966,0.0663308184037448,-0.04011504240126283,0.0453959255322041,-0.01918014952972213,0.07960024117248507,-0.0533844651700031,0.037004292011260986,-0.01078851600877902,0.06603914540845592,-0.039823369405973946,-0.039823369405973946,0.015469086213524183,1.0
43443,43,0.004422110552763819,0.04637903759472678,-0.04195692704196296,0.0437544400804973,-0.03933232952773348,0.060471486754892126,-0.056049376202128305,0.02984832227230072,-0.0254262117195369,0.03721228258997251,-0.03279017203720869,-0.03933232952773348,0.010220402851836119,1.0
01402,01,0.0011252813203300824,0.04042638519027065,-0.03930110386994057,0.026504095247954818,-0.025378813927624734,0.03535347237898749,-0.03422819105865741,0.053997769951820374,-0.05287248863149029,0.04815929228586912,-0.04703401096553904,-0.03930110386994057,0.00961746910186193,1.0
21303,21,0.08225275788658797,0.10843501590893474,-0.026182258022346777,0.12520589416161518,-0.04295313627502721,0.12151528135450763,-0.03926252346791967,0.11143180727958679,-0.029179049392998826,0.14208972343086645,-0.05983696554427849,-0.03926252346791967,0.011911805103223738,1.0
47311,47,0.00042707666026051675,0.04047454231655204,-0.04004746565629152,0.03342589332692143,-0.032998816666660914,0.07417171152517929,-0.07374463486491878,0.029188081622123718,-0.0287610049618632,0.039502662732144644,-0.039075586071884126,-0.039075586071884126,0.01595052321678069,1.0
01423,01,0.007429420505200594,0.02939153143157786,-0.021962110926377267,0.046470271521651826,-0.03904085101645123,0.06622059292036593,-0.058791172415165335,0.047166816890239716,-0.03973739638503912,0.04143646938052556,-0.03400704887532496,-0.03904085101645123,0.011891408687898217,1.0
22306,22,0.001736111111111111,0.03984929971785667,-0.038113188606745556,0.04223665977793455,-0.04050054866682344,0.058023335948594684,-0.05628722483748357,0.040401190519332886,-0.038665079408221774,0.034199716347139066,-0.032463605236027954,-0.038665079408221774,0.008004901375211922,1.0
28381,28,0.035742538655160014,0.06978279584439052,-0.03404025718923051,0.09421027827102504,-0.05846773961586503,0.08350169940686743,-0.047759160751707413,0.07428252696990967,-0.038539988314749654,0.07409301584523895,-0.03835047719007893,-0.038539988314749654,0.00874935735076877,1.0
37403,37,0.04512095678173417,0.08799641100246783,-0.04287545422073366,0.08363145892329164,-0.038510502141557476,0.06391189770550885,-0.018790940923774688,0.08649972826242447,-0.0413787714806903,0.06858074930727093,-0.02345979252553676,-0.038510502141557476,0.009909661065048574,1.0
16211,16,0.02897513108298764,0.06718565655860326,-0.03821052547561562,0.056633714677021094,-0.027658583594033455,0.07460248366183755,-0.045627352578849915,0.07198434323072433,-0.043009212147736696,0.06742229236839309,-0.03844716128540545,-0.03844716128540545,0.006143517464317814,1.0
40348,40,0.023556581986143188,0.06175246733845156,-0.03819588535230837,0.06982028130019637,-0.04626369931405318,0.06173804338874343,-0.038181461402600245,0.062361519783735275,-0.03880493779759209,0.053239488907567994,-0.029682906921424806,-0.03819588535230837,0.00525218257333853,1.0
21403,21,0.009482064585383308,0.052201315491081826,-0.042719250905698516,0.047509845169390046,-0.038027780584006736,0.06960485166277186,-0.06012278707738855,0.042004529386758804,-0.032522464801375495,0.03992177293879926,-0.030439708353415952,-0.038027780584006736,0.01058854486299201,1.0
10201,10,0.026362430826511615,0.051010230758059764,-0.02464779993154815,0.08797075466080556,-0.061608323834293946,0.05590249563784146,-0.02954006481132984,0.07027033716440201,-0.04390790633789039,0.06430462625903781,-0.03794219543252619,-0.03794219543252619,0.012887344581245106,1.0
08564,08,0.06426944354051416,0.1224974100340703,-0.058227966493556146,0.09100489088751047,-0.026735447346996316,0.09348209705179876,-0.029212653511284603,0.11092507839202881,-0.04665563485151465,0.10215024344925035,-0.03788079990873619,-0.03788079990873619,0.01160199050149022,1.0
22305,22,0.0008861320336730173,0.03833023870996382,-0.0374441066762908,0.05315439701586466,-0.05226826498219164,0.06745239949629932,-0.0665662674626263,0.0353485569357872,-0.03446242490211418,0.03876356199719397,-0.03787742996352095,-0.03787742996352095,0.01211755656196308,1.0
08201,08,0.03610587931883367,0.07378905593817521,-0.03768317661934154,0.07330705097506271,-0.03720117165622904,0.0915393756441347,-0.05543349632530103,0.06970781087875366,-0.033601931559919994,0.09617924314543128,-0.06007336382659761,-0.03768317661934154,0.010771582811139279,1.0
23230,23,0.13851089722314416,0.16648125093741065,-0.027970353714266483,0.21986398010909328,-0.08135308288594911,0.14124472132692426,-0.0027338241037800914,0.17602570354938507,-0.03751480632624091,0.20637457427274528,-0.06786367704960111,-0.03751480632624091,0.02816138267861535,1.0
01204,01,0.005573106853211888,0.042971870440018545,-0.03739876358680666,0.007238311653177471,-0.0016652047999655833,0.06643257083976645,-0.06085946398655456,0.04313924163579941,-0.037566134782587524,0.032124260804776074,-0.026551153951564186,-0.03739876358680666,0.019181352423378813,1.0
18201,18,0.018521555065291278,0.05353864340910093,-0.03501708834380965,0.06487170904722496,-0.04635015398193368,0.0662077816127184,-0.047686226547427116,0.050012700259685516,-0.031491145194394235,0.05554505058649489,-0.03702349552120361,-0.03702349552120361,0.0063923284259613305,1.0
37204,37,0.023565034228541337,0.060565310444827936,-0.0370002762162866,0.044482663174657516,-0.02091762894611618,0.07035140180801176,-0.046786367579470425,0.057360269129276276,-0.03379523490073494,0.06059517334112327,-0.03703013911258193,-0.0370002762162866,0.008327659440477664,1.0
17211,17,0.0158311345646438,0.054535359857914814,-0.03870422529327101,0.04189375442642019,-0.02606261986177639,0.054729164073967405,-0.038898029509323605,0.04135042801499367,-0.025519293450349867,0.05274219889667178,-0.03691106433202798,-0.03691106433202798,0.00610687594994727,1.0
10344,10,0.007545671167593328,0.044176825502141276,-0.036631154334547944,0.05196920098389038,-0.04442352981629705,0.07185025299922451,-0.06430458183163118,0.04168777912855148,-0.03414210796095815,0.038151957824478604,-0.030606286656885275,-0.036631154334547944,0.01203123621341707,1.0
21216,21,0.06804993845612801,0.10315440927705188,-0.03510447082092387,0.11040752473711025,-0.04235758628098224,0.10460203687662495,-0.036552098420496934,0.09728329628705978,-0.02923335783093177,0.1249567300663558,-0.05690679161022778,-0.036552098420496934,0.009414540546000872,1.0
05327,05,0.0012658227848101266,0.02478861512892169,-0.023522792344111563,0.038585586103198954,-0.03731976331838883,0.032193273071547845,-0.03092745028673772,0.03743726387619972,-0.036171441091389596,0.043748593694696185,-0.04248277090988606,-0.036171441091389596,0.0064322598990443815,1.0
01213,01,0.017105871474803514,0.05723676814490324,-0.040130896670099725,0.022563374735437697,-0.005457503260634183,0.06849804614762373,-0.051392174672820215,0.034732237458229065,-0.01762636598342555,0.05294584679492206,-0.03583997532011854,-0.03583997532011854,0.016430255838084742,1.0
32201,32,0.008076387908608764,0.029907936500541698,-0.021831548591932932,0.025193899364611277,-0.017117511456002515,0.05737278764254357,-0.049296399733934806,0.04376567155122757,-0.03568928364261881,0.05909437347432226,-0.0510179855657135,-0.03568928364261881,0.013817590824590156,1.0
10204,10,0.02190530519110097,0.06561315556095906,-0.043707850369858095,0.05732339293294593,-0.03541808774184496,0.06776633195291824,-0.045861026761817275,0.05592343583703041,-0.03401813064592944,0.05652964949444766,-0.03462434430334669,-0.03541808774184496,0.005013129496697286,1.0
09201,09,0.026273119158416493,0.061740530804214065,-0.03546741164579757,0.06162901848305271,-0.03535589932463622,0.07711805523863728,-0.05084493608022079,0.05919714644551277,-0.03292402728709628,0.05276088541822955,-0.026487766259813056,-0.03535589932463622,0.008009763349573807,1.0
10426,10,0.010334137099552188,0.04550647178272378,-0.035172334683171595,0.038358376677388686,-0.0280242395778365,0.04875542221331675,-0.03842128511376457,0.03642027825117111,-0.026086141151618926,0.04606825770852783,-0.03573412060897564,-0.035172334683171595,0.004767735911340088,1.0
12403,12,0.029169413315754778,0.06384325707778638,-0.0346738437620316,0.05529678263933068,-0.026127369323575903,0.051189282473235426,-0.022019869157480648,0.06758739054203033,-0.03841797722627556,0.06924789566254284,-0.04007848234678807,-0.0346738437620316,0.007033425460984643,1.0
12205,12,0.023194748358862146,0.061057123691076375,-0.03786237533221423,0.05062287555512455,-0.027428127196262402,0.06628335083333686,-0.04308860247447471,0.04935956001281738,-0.026164811653955237,0.05781085031301653,-0.03461610195415439,-0.03461610195415439,0.006361427427607526,1.0
33445,33,0.060384615384615384,0.07759374526829037,-0.017209129883674984,0.1321118133623866,-0.0717271979777712,0.06731552148393252,-0.006930906099317138,0.1152893602848053,-0.054904744900189914,0.09463933645304158,-0.0342547210684262,-0.0342547210684262,0.0237904330819446,1.0
43442,43,0.003000230786983614,0.04341281619680847,-0.040412585409824855,0.016967159996581542,-0.013966929209597929,0.05383280606811189,-0.05083257528112827,0.027227934449911118,-0.024227703662927504,0.03709427872418638,-0.03409404793720276,-0.03409404793720276,0.012750883476001184,1.0
24215,24,0.03173803526448363,0.041919603564173055,-0.010181568299689428,0.08795795051268407,-0.05621991524820044,0.0656133983535563,-0.03387536308907267,0.07827900350093842,-0.04654096823645479,0.05629846695042152,-0.02456043168593789,-0.03387536308907267,0.016168236008959506,1.0
39205,39,0.004300430043004301,0.03315033909931226,-0.02884990905630796,0.03953621287123533,-0.035235782828231026,0.038212538585575134,-0.03391210854257083,0.03815862163901329,-0.03385819159600899,0.03510253979562821,-0.03080210975262391,-0.03385819159600899,0.0023462411890414685,1.0
12206,12,0.05561897513952308,0.07973520291296586,-0.02411622777344278,0.1050592699674162,-0.04944029482789312,0.08923621646877147,-0.03361724132924839,0.0881054550409317,-0.03248647990140862,0.09414438261461545,-0.03852540747509237,-0.03361724132924839,0.008313930964820275,1.0
37322,37,0.0010716199321307376,0.033876864991551646,-0.03280524505942091,0.034672445918727625,-0.03360082598659689,0.03899337125301523,-0.037921751320884496,0.03847400099039078,-0.03740238105826004,0.02793768074805967,-0.026866060815928933,-0.03360082598659689,0.003975980458084201,1.0
08302,08,0.00691292507506459,0.040223564697265936,-0.03331063962220135,0.04572913346055464,-0.03881620838549005,0.05211873319457152,-0.04520580811950693,0.0358014777302742,-0.02888855265520961,0.036233251664084115,-0.029320326589019525,-0.03331063962220135,0.0061826487995291605,1.0
08309,08,0.03950991189427313,0.0724684997769385,-0.032958587882665376,0.057094561338544646,-0.017584649444271516,0.07245203245684385,-0.032942120562570724,0.07789422571659088,-0.03838431382231775,0.0713503927282347,-0.031840480833961564,-0.032942120562570724,0.006963925425713144,1.0
01212,01,0.0016256638127235287,0.03439406742756451,-0.032768403614840985,0.016095215804178883,-0.014469551991455354,0.04517750589321589,-0.04355184208049236,0.03231889754533768,-0.030693233732614147,0.044778198435524816,-0.04315253462280129,-0.032768403614840985,0.010612644147734848,1.0
44322,44,0.0,0.0326892959416877,-0.0326892959416877,0.04033852324654798,-0.04033852324654798,0.030098951269034432,-0.030098951269034432,0.03716855123639107,-0.03716855123639107,0.02400636653887922,-0.02400636653887922,-0.0326892959416877,0.005666238233076828,1.0
09343,09,0.012228260869565218,0.03563278039876235,-0.023404519529197136,0.04486906482900119,-0.03264080395943597,0.036531177385172364,-0.024302916515607148,0.04523719847202301,-0.033008937602457794,0.048665294373570485,-0.03643703350400527,-0.03264080395943597,0.00516549328592799,1.0
22223,22,0.005923944200267533,0.03673988980723159,-0.03081594560696406,0.048405861758686074,-0.04248191755841854,0.037668579456321905,-0.03174463525605437,0.040342215448617935,-0.0344182712483504,0.038491604940803816,-0.03256766074053628,-0.03256766074053628,0.004208834484256791,1.0
18202,18,0.019080387863622147,0.05144265980751278,-0.03236227194389063,0.03767856334589341,-0.018598175482271263,0.064001932853849,-0.04492154499022685,0.029624443501234055,-0.010544055637611908,0.0580018541495127,-0.03892146628589055,-0.03236227194389063,0.012743874160744496,1.0
36203,36,0.024211997966446366,0.0571793950192415,-0.03296739705279513,0.050105664966852335,-0.02589366700040597,0.07167984127016368,-0.04746784330371731,0.04804268479347229,-0.023830686827025924,0.05633515422923087,-0.0321231562627845,-0.0321231562627845,0.008284781125543665,1.0
41203,41,0.08066646062206738,0.11241493126311543,-0.03174847064104805,0.119316409824914,-0.03864994920284662,0.09729860702123724,-0.016632146399169864,0.10720516741275787,-0.026538706790690494,0.11816319823020927,-0.037496737608141886,-0.03174847064104805,0.008056458656209619,1.0
27322,27,0.03617571059431524,0.037621567331718904,-0.0014458567374036613,0.07189158741956699,-0.03571587682525174,0.06776065220900786,-0.031584941614692615,0.07144588232040405,-0.03527017172608881,0.05577134386023783,-0.01959563326592259,-0.031584941614692615,0.013017585811981135,1.0
22214,22,0.040928640144870125,0.06488321358594135,-0.02395457344107122,0.07221241250541523,-0.0312837723605451,0.07978479937027258,-0.038856159225402455,0.08428285270929337,-0.04335421256442324,0.06439614899208984,-0.023467508847219716,-0.0312837723605451,0.007922151777436567,1.0
07203,07,0.014884536838246845,0.04602949534866077,-0.031144958510413927,0.05063560975323652,-0.035751072914989676,0.056676573608609254,-0.04179203677036241,0.0353265218436718,-0.020441985005424955,0.040695907988296164,-0.02581137115004932,-0.031144958510413927,0.007449223156987992,1.0
08443,08,0.04382718616158676,0.08373608466071036,-0.0399088984991236,0.07495464251516376,-0.031127456353577,0.07638506196325226,-0.0325578758016655,0.06817763298749924,-0.024350446825912475,0.06745739335009032,-0.02363020718850356,-0.031127456353577,0.005966503416510245,1.0
28216,28,0.13038181330864257,0.16148326830396792,-0.03110145499532535,0.16983398657005921,-0.039452173261416645,0.13365216405155345,-0.003270350742910877,0.15599030256271362,-0.025608489254071054,0.17292525047987367,-0.0425434371712311,-0.03110145499532535,0.013919604131066014,1.0
21604,21,0.001326259946949602,0.014392341190676596,-0.013066081243726994,0.059359738082534544,-0.05803347813558494,0.021684546613291812,-0.02035828666634221,0.04597615823149681,-0.044649898284547206,0.03240983385718742,-0.031083573910237815,-0.031083573910237815,0.0162621124361414,1.0
08226,08,0.041888804265041886,0.07991301949423334,-0.03802421522919145,0.07248920930229792,-0.030600405037256036,0.0807600201810241,-0.038871215915982214,0.07063113898038864,-0.028742334715346755,0.06924284959767299,-0.027354045332631104,-0.030600405037256036,0.004797501802819648,1.0
10205,10,0.022232173677778088,0.05732527786222573,-0.03509310418444764,0.04718321859895676,-0.02495104492117867,0.05642707629887442,-0.034194902621096326,0.05281173437833786,-0.030579560700559772,0.03985175919051829,-0.0176195855127402,-0.030579560700559772,0.006499280714436091,1.0
36202,36,0.01511508072827207,0.0422306800525914,-0.027115599324319332,0.053278226890235585,-0.038163146161963514,0.05941433285193957,-0.0442992521236675,0.045562341809272766,-0.030447261081000696,0.04528950386847817,-0.030174423140206103,-0.030447261081000696,0.0062936534780058786,1.0
22226,22,0.0029767529767529767,0.028731544068812367,-0.02575479109205939,0.033420879584491914,-0.030444126607738937,0.018614999504344282,-0.015638246527591305,0.03363171964883804,-0.030654966672085067,0.03517673784638419,-0.032199984869631215,-0.030444126607738937,0.006047836981282821,1.0
33204,33,0.020806503541532517,0.04789007891130505,-0.02708357536977253,0.03866960645746928,-0.017863102915936763,0.0647301088043771,-0.043923605262844584,0.05851322412490845,-0.03770672058337593,0.050841459414900106,-0.03003495587336759,-0.03003495587336759,0.008947935493838075,1.0
43204,43,0.025965801139962,0.06147176282394801,-0.03550596168398601,0.03772452802382129,-0.011758726883859292,0.06372378108419413,-0.037757979944232134,0.055802058428525925,-0.029836257288563924,0.03514586599749701,-0.009180064857535006,-0.029836257288563924,0.012016219218880906,1.0
47308,47,0.0005137866072957698,0.034434142910632605,-0.033920356303336834,0.030338026010997575,-0.029824239403701804,0.044348528605718834,-0.04383474199842306,0.0079161636531353,-0.00740237704583953,0.02057643816875975,-0.02006265156146398,-0.029824239403701804,0.01242150902962421,1.0
03216,03,0.028959092750101254,0.05868935766922949,-0.029730264919128235,0.05170937952292413,-0.022750286772822873,0.0725945284344301,-0.043635435684328844,0.0349610410630703,-0.006001948312969043,0.060353077255348574,-0.031393984505247316,-0.029730264919128235,0.012345319174742917,1.0
18207,18,0.02952807042863328,0.06319102543280718,-0.03366295500417389,0.05529646600586493,-0.025768395577231647,0.05925012786369127,-0.02972205743505799,0.058891888707876205,-0.029363818279242924,0.06712842558642171,-0.03760035515778842,-0.02972205743505799,0.004051817680032491,1.0
40211,40,0.03987887059626376,0.06957006902566429,-0.02969119842940053,0.05829437995919671,-0.01841550936293295,0.07518393963124416,-0.0353050690349804,0.06077482923865318,-0.020895958642389426,0.0727377109380817,-0.03285884034181795,-0.02969119842940053,0.006641637163486275,1.0
47209,47,0.00014994189751471306,0.050631549039446555,-0.05048160714193184,0.009881316899276571,-0.009731375001761858,0.05066954338276124,-0.05051960148524652,0.022057920694351196,-0.021907978796836484,0.029839621297173845,-0.029689679399659132,-0.029689679399659132,0.016040807765705985,1.0
06426,06,0.002044989775051125,0.033196799140046473,-0.03115180936499535,0.03157831926310068,-0.029533329488049556,0.03658828009582381,-0.034543290320772684,0.024956034496426582,-0.022911044721375458,0.02190338461925257,-0.019858394844201446,-0.029533329488049556,0.0054125990843205745,1.0
11346,11,0.023010752688172043,0.05215945385380014,-0.0291487011656281,0.044600133143052834,-0.02158938045488079,0.07287511361059804,-0.04986436092242599,0.05646180361509323,-0.03345105092692119,0.047977517426931085,-0.024966764738759042,-0.0291487011656281,0.009869409949533298,1.0
22216,22,0.027021137502723905,0.05593038080952728,-0.028909243306803376,0.05702344808824306,-0.030002310585519158,0.046782419775289304,-0.0197612822725654,0.05814187973737717,-0.031120742234653262,0.051427714986856984,-0.02440657748413308,-0.028909243306803376,0.004210380504945992,1.0
23210,23,0.10090979984403431,0.1278638485348454,-0.026954048690811083,0.15622012724476392,-0.05531032740072961,0.126261352110066,-0.025351552266031696,0.12967263162136078,-0.02876283177732647,0.15802632220196444,-0.05711652235793013,-0.02876283177732647,0.014352470233507733,1.0
21503,21,0.02565099106101827,0.05412829981703544,-0.02847730875601717,0.061143921658113616,-0.03549293059709535,0.029784256936138245,-0.004133265875119977,0.05639711394906044,-0.030746122888042172,0.04988800509937457,-0.024237014038356302,-0.02847730875601717,0.010867214453684314,1.0
30404,30,0.005799971707455086,0.03694561711960384,-0.031145645412148756,0.03405170545131731,-0.028251733743862226,0.051812648274553876,-0.04601267656709879,0.027955828234553337,-0.022155856527098252,0.026048119507634866,-0.02024814780017978,-0.028251733743862226,0.00912631678842221,1.0
27383,27,0.043652784746613146,0.05415412976807806,-0.010501345021464915,0.08385922539390805,-0.04020644064729491,0.05814144779722425,-0.014488663050611104,0.08276780694723129,-0.039115022200618146,0.07166034605579323,-0.028007561309180085,-0.028007561309180085,0.012243371006450699,1.0
07308,07,0.004174573055028463,0.03217685673691764,-0.02800228368188918,0.04133666117772909,-0.03716208812270063,0.02504442842196459,-0.020869855366936127,0.03219986706972122,-0.02802529401469276,0.02682142053230603,-0.02264684747727757,-0.02800228368188918,0.005679262394260252,1.0
24470,24,0.0064498790647675355,0.03433058921051594,-0.027880710145748402,0.05015359964817755,-0.043703720583410016,0.04166242927604096,-0.035212550211273425,0.03151338919997215,-0.025063510135204616,0.030939535859319203,-0.024489656794551666,-0.027880710145748402,0.007295504997626456,1.0
08203,08,0.061356859610832745,0.08989584618589834,-0.028538986575065595,0.10527400575855944,-0.043917146147726696,0.08920208819157785,-0.027845228580745104,0.07470204681158066,-0.013345187200747913,0.0774929189779119,-0.016136059367079153,-0.027845228580745104,0.010847189565495224,1.0
38402,38,0.002342419080068143,0.030005729960692167,-0.02766331088062402,0.024207353186963217,-0.02186493410689507,0.05524679492223991,-0.052904375842171766,0.03223351016640663,-0.029891091086338487,0.028464217434812485,-0.02612179835474434,-0.02766331088062402,0.010927367718267933,1.0
16205,16,0.01739696715973579,0.03794546171671691,-0.020548494556981118,0.037914340376045026,-0.020517373216309236,0.05218868936001367,-0.034791722200277875,0.04916530102491379,-0.031768333865177995,0.04496499329298989,-0.0275680261332541,-0.0275680261332541,0.005786353697515653,1.0
17210,17,0.030747326135227213,0.04721178971424022,-0.016464463579013006,0.048911700974735024,-0.01816437483950781,0.0604553683369862,-0.029708042201758985,0.06613436341285706,-0.035387037277629846,0.05821937806570575,-0.027472051930478535,-0.027472051930478535,0.007138402372501979,1.0
42323,42,0.007156147130385,0.03455502528665598,-0.02739887815627098,0.04477462377974307,-0.037618476649358065,0.036804566982910375,-0.029648419852525375,0.031054366379976273,-0.023898219249591273,0.02891408646694199,-0.02175793933655699,-0.02739887815627098,0.0055020164845849566,1.0
35206,35,0.016151234284665503,0.04465763286276467,-0.028506398578099165,0.027129907711747513,-0.01097867342708201,0.06179570380743571,-0.04564446952277021,0.04333340376615524,-0.02718216948148974,0.04050714868445113,-0.024355914399785624,-0.02718216948148974,0.011072818657395614,1.0
35202,35,0.01666580538473464,0.055048909222218355,-0.038383103837483716,0.03944007406243754,-0.0227742686777029,0.0703882974547437,-0.053722492070009065,0.04113057628273964,-0.024464770898005,0.04376426952991934,-0.0270984641451847,-0.0270984641451847,0.011577796159496436,1.0
06201,06,0.013750948486636877,0.03300413500259073,-0.019253186515953855,0.026139994303434024,-0.012389045816797147,0.07107445637290781,-0.057323507886270934,0.04079357534646988,-0.027042626859833004,0.05142786374010345,-0.03767691525346657,-0.027042626859833004,0.015730089720279162,1.0
30205,30,0.025155986926809943,0.047771780896641296,-0.022615793969831353,0.03189947935283587,-0.00674349242602593,0.054754419518372476,-0.029598432591562533,0.052112847566604614,-0.02695686063979467,0.05217088292290394,-0.027014895996094,-0.02695686063979467,0.008232614252896854,1.0
20350,20,0.0023752969121140144,0.023142906141791222,-0.020767609229677207,0.031831862679630604,-0.02945656576751659,0.015009073528424753,-0.012633776616310738,0.029326459392905235,-0.02695116248079122,0.029953682629940283,-0.027578385717826268,-0.02695116248079122,0.006157315437144126,1.0
22304,22,0.005313496280552604,0.031006129098447247,-0.025692632817894644,0.038516931743112874,-0.03320343546256027,0.06512668432077826,-0.05981318804022565,0.032257404178380966,-0.026943907897828363,0.026215637098365087,-0.020902140817812484,-0.026943907897828363,0.013819816985711936,1.0
21209,21,0.06617904277309589,0.10360824304669874,-0.03742920027360286,0.11816231142382626,-0.05198326865073037,0.09272466172691052,-0.02654561895381463,0.08808402717113495,-0.021904984398039062,0.08917238794046475,-0.022993345167368867,-0.02654561895381463,0.011326429228010087,1.0
19384,19,0.021918070444104133,0.048383726817482174,-0.02646565637337804,0.04342567343496521,-0.021507602990861074,0.10876630467944184,-0.08684823423533772,0.05798498913645744,-0.03606691869235331,0.048098902454984396,-0.026180832010880263,-0.02646565637337804,0.02418522243936951,1.0
03441,03,0.004074241738343142,0.026898059051328957,-0.022823817312985814,0.037589738914589096,-0.033515497176245954,0.011623458968523903,-0.007549217230180761,0.032794736325740814,-0.02872049458739767,0.030474593153807572,-0.02640035141546443,-0.02640035141546443,0.008836343537143696,1.0
21215,21,0.004346426271732131,0.033722401749361565,-0.029375975477629435,0.024728412026159663,-0.020381985754427533,0.030723292646979802,-0.026376866375247672,0.03572973608970642,-0.03138330981797429,0.0305743810853686,-0.02622795481363647,-0.026376866375247672,0.003723618383633553,1.0
09214,09,0.029747427502338636,0.04901475600971901,-0.019267328507380374,0.06831932244921614,-0.0385718949468775,0.06058994954680118,-0.030842522044462542,0.05607498437166214,-0.026327556869323504,0.04498639287544989,-0.015238965373111257,-0.026327556869323504,0.008279206001827018,1.0
14361,14,0.036438168982008655,0.04966866389215353,-0.013230494910144878,0.06260582618399983,-0.026167657201991178,0.08779543662801945,-0.05135726764601079,0.06759461015462875,-0.0311564411726201,0.055112385719598644,-0.01867421673758999,-0.026167657201991178,0.013144750811963249,1.0
08310,08,0.00530565167243368,0.027674073826141787,-0.022368422153708108,0.032130115899807514,-0.026824464227373834,0.058372071197938094,-0.053066419525504414,0.026720667257905006,-0.021415015585471327,0.03138794128379242,-0.026082289611358743,-0.026082289611358743,0.011742429748989642,1.0
21214,21,0.057585849451930925,0.0860267657070793,-0.028440916255148378,0.09541835170342758,-0.037832502251496654,0.08348878245890676,-0.025902933006975833,0.06552102416753769,-0.007935174715606765,0.07300891719063271,-0.015423067738701786,-0.025902933006975833,0.010414753170178034,1.0
40544,40,0.008117424663627266,0.035964094610124335,-0.02784666994649707,0.02023510507757456,-0.012117680413947295,0.04827527135904587,-0.04015784669541861,0.021909285336732864,-0.013791860673105599,0.033983498840038734,-0.025866074176411468,-0.025866074176411468,0.010244423568052788,1.0
21382,21,0.01315265045834994,0.03685937936069117,-0.02370672890234123,0.041140365476225585,-0.027987715017875645,0.03892114548124764,-0.025768495022897703,0.03884410485625267,-0.02569145439790273,0.03735302452114347,-0.024200374062793528,-0.02569145439790273,0.0014965360456013134,1.0
01236,01,0.022582228767795778,0.03816104058362905,-0.01557881181583327,0.04816196155081406,-0.02557973278301828,0.06025085516291552,-0.03766862639511974,0.05127030983567238,-0.0286880810678766,0.04031148025784174,-0.01772925149004596,-0.02557973278301828,0.00795038038210958,1.0
39201,39,0.019156203194333626,0.04064073916749829,-0.021484535973164662,0.03815507131279789,-0.018998868118464265,0.07473565713146378,-0.05557945393713015,0.044549889862537384,-0.02539368666820376,0.05115768000988431,-0.03200147681555068,-0.02539368666820376,0.013196052011012245,1.0
37324,37,0.0025592902235113462,0.030217635595441664,-0.027658345371930317,0.022063336473156902,-0.019504046249645555,0.030445814965651602,-0.027886524742140255,0.023983873426914215,-0.021424583203402868,0.027928807882282906,-0.02536951765877156,-0.02536951765877156,0.003362474486202518,1.0
09411,09,0.005143277002204262,0.02996414014982842,-0.024820863147624158,0.030424727573885833,-0.02528145057168157,0.023354292536034986,-0.018211015533830723,0.032827891409397125,-0.027684614407192863,0.03394281694645262,-0.028799539944248356,-0.02528145057168157,0.003683397079958392,1.0
08229,08,0.010805061023401634,0.036022291832366264,-0.02521723080896463,0.033453127971395276,-0.022648066947993643,0.04363875556601401,-0.032833694542612375,0.04045312851667404,-0.02964806749327241,0.032662183299149376,-0.021857122275747744,-0.02521723080896463,0.004196372539433884,1.0
44201,44,0.0237997412406462,0.05018361802925309,-0.026383876788606892,0.03523163354683769,-0.011431892306191491,0.07880468269085998,-0.055004941450213785,0.04897690564393997,-0.025177164403293772,0.044052952047862984,-0.020253210807216784,-0.025177164403293772,0.014654353025050694,1.0
08228,08,0.005554874811093412,0.02991588390648087,-0.024361009095387458,0.017493710009769986,-0.011938835198676574,0.03133259639669331,-0.025777721585599895,0.032720837742090225,-0.027165962930996813,0.030699468172632978,-0.025144593361539565,-0.025144593361539565,0.005546117536807885,1.0
13211,13,0.35233205173875126,0.36957401554376396,-0.017241963805012694,0.412270059671273,-0.05993800793252174,0.37743898994289293,-0.02510693820414167,0.4055550694465637,-0.05322301770781246,0.37077298308222045,-0.01844093134346919,-0.02510693820414167,0.018117316305800282,1.0
22215,22,0.04009767675384545,0.06519103884460621,-0.02509336209076076,0.06715449621936997,-0.027056819465524524,0.06937866884991369,-0.029280992096068235,0.06130468100309372,-0.02120700424924827,0.056923866891726,-0.016826190137880552,-0.02509336209076076,0.004418946849809159,1.0
01436,01,0.005611672278338945,0.02357537490766699,-0.017963702629328046,0.02981781663609314,-0.024206144357754197,0.05055361364422019,-0.04494194136588124,0.03070422075688839,-0.025092548478549446,0.030962684215033273,-0.02535101193669433,-0.025092548478549446,0.009126063017225062,1.0
42203,42,0.007476941548873001,0.03789965582935713,-0.03042271428048413,0.023485049521929924,-0.016008107973056924,0.0378056896672483,-0.030328748118375302,0.03249295800924301,-0.02501601646037001,0.024365334163647057,-0.016888392614774057,-0.02501601646037001,0.006267773265054466,1.0
12424,12,0.024793388429752067,0.049786863080317593,-0.024993474650565527,0.04483504651222745,-0.020041658082475385,0.05087429341652095,-0.026080904986768884,0.053101666271686554,-0.028308277841934487,0.04728911278821127,-0.0224957243584592,-0.024993474650565527,0.0028660921370852687,1.0
19368,19,0.013664042774394772,0.03863744155715016,-0.02497339878275539,0.037431159602355546,-0.023767116827960774,0.033837412863718844,-0.020173370089324072,0.04563550651073456,-0.031971463736339786,0.050551180942841605,-0.03688713816844683,-0.02497339878275539,0.006034817932217061,1.0
17203,17,0.017148248177883015,0.04460358046821285,-0.027455332290329832,0.025598102452804684,-0.008449854274921668,0.041887176332158105,-0.02473892815427509,0.04022182524204254,-0.023073577064159526,0.042593893796269995,-0.02544564561838698,-0.02473892815427509,0.006837453730486218,1.0
10367,10,0.0,0.024723485270526084,-0.024723485270526084,0.029065524237158316,-0.029065524237158316,0.020115104706982856,-0.020115104706982856,0.023199280723929405,-0.023199280723929405,0.026819043556099625,-0.026819043556099625,-0.024723485270526084,0.0030589681709012953,1.0
10444,10,0.015250544662309368,0.025412174054934494,-0.010161629392625125,0.04524754419454293,-0.029996999532233563,0.035040066868711355,-0.019789522206401986,0.03985369950532913,-0.024603154843019764,0.045500642809761974,-0.030250098147452605,-0.024603154843019764,0.0074728183505741695,1.0
22344,22,0.034851208308368284,0.035609830030019156,-0.000758621721650872,0.04339403793166603,-0.008542829623297749,0.0760089352865725,-0.04115772697820422,0.05940283089876175,-0.024551622590393465,0.06361601155407685,-0.02876480324570857,-0.024551622590393465,0.014448770250532927,1.0
22211,22,0.023190594326394132,0.054445849265282176,-0.03125525493888805,0.0477182630416065,-0.024527668715212367,0.04904219963615852,-0.02585160530976439,0.04499608278274536,-0.02180548845635123,0.03185008280245228,-0.008659488476058148,-0.024527668715212367,0.007536699729181469,1.0
41208,41,0.02449300861190851,0.0468879798797397,-0.02239497126783119,0.05819685950091571,-0.033703850889007195,0.060806456226234984,-0.03631344761432648,0.0436195507645607,-0.01912654215265219,0.04899395491589954,-0.024500946303991033,-0.024500946303991033,0.006646933146135688,1.0
21218,21,0.015879935234773945,0.03413097450872214,-0.018251039273948198,0.05017198269880488,-0.03429204746403093,0.05157592203377926,-0.03569598679900532,0.036371614784002304,-0.02049167954922836,0.04035023435018537,-0.024470299115411428,-0.024470299115411428,0.007119674647500628,1.0
03203,03,0.005257687840068472,0.029725853093572546,-0.024468165253504072,0.032729662068587934,-0.027471974228519463,0.03390092670783124,-0.028643238867762773,0.02831537462770939,-0.02305768678764092,0.02535318132165687,-0.0200954934815884,-0.024468165253504072,0.003071618537873215,1.0
36206,36,0.010943615016669083,0.0347381136276882,-0.023794498611019118,0.04587715789033692,-0.03493354287366783,0.03153867119346759,-0.02059505617679851,0.035353925079107285,-0.0244103100624382,0.04304934332256555,-0.03210572830589646,-0.0244103100624382,0.005419848202901694,1.0
23229,23,0.12485161443494777,0.15456543214449467,-0.029713817709546897,0.1884112000639351,-0.06355958562898734,0.13851499934303563,-0.013663384908087856,0.14925609529018402,-0.02440448085523625,0.14224602662660069,-0.017394412191652914,-0.02440448085523625,0.017793839713165033,1.0
01203,01,0.06267403314917128,0.08695406834852404,-0.024280035199352762,0.1091326356051768,-0.04645860245600553,0.0881811356206306,-0.02550710247145932,0.08097051084041595,-0.018296477691244678,0.07014715114831492,-0.007473117999143644,-0.024280035199352762,0.012740441762786167,1.0
43444,43,0.001845444059976932,0.02959185096063513,-0.0277464069006582,0.029639861077862904,-0.027794417017885972,0.02606872483655054,-0.024223280776573607,0.019906863570213318,-0.018061419510236387,0.018211251983773213,-0.016365807923796282,-0.024223280776573607,0.004801718898042951,1.0
41423,41,0.02868554829339143,0.05539125975597417,-0.02670571146258274,0.035148131108143375,-0.006462582814751944,0.05582267528093948,-0.02713712698754805,0.04147515445947647,-0.01278960616608504,0.05289110024094812,-0.024205551947556688,-0.024205551947556688,0.008335297043161412,1.0
40382,40,0.07335685566587347,0.14437252111613616,-0.0710156654502627,0.09289583719372954,-0.019538981527856075,0.09268781969091594,-0.019330964025042474,0.09754401445388794,-0.024187158788014473,0.10964487749021484,-0.03628802182434138,-0.024187158788014473,0.019472863286195977,1.0
06321,06,0.011077664057796508,0.039249751156408046,-0.028172087098611538,0.03518340330451215,-0.02410573924671564,0.04218366610073997,-0.03110600204294346,0.03069562464952469,-0.01961796059172818,0.03190482943495925,-0.020827165377162744,-0.02410573924671564,0.004341652386055111,1.0
43203,43,0.0024,0.02508433738400101,-0.02268433738400101,0.026376710451160586,-0.023976710451160586,0.04053657402219578,-0.03813657402219578,0.013736512511968613,-0.011336512511968613,0.028335779427689042,-0.025935779427689043,-0.023976710451160586,0.008541996070404387,1.0
01549,01,0.0,0.016011965700087182,-0.016011965700087182,0.02801314305030168,-0.02801314305030168,0.020256125185034425,-0.020256125185034425,0.026015497744083405,-0.026015497744083405,0.02367630607400783,-0.02367630607400783,-0.02367630607400783,0.00426222387677886,1.0
26202,26,0.018251655629139073,0.04170209541250425,-0.023450439783365175,0.03802333388178812,-0.01977167825264905,0.050634036529144416,-0.03238238090000534,0.025437835603952408,-0.007186179974813335,0.041827355260813784,-0.02357569963167471,-0.023450439783365175,0.008175016557980697,1.0
01211,01,0.004844419601267002,0.019166182127179153,-0.01432176252591215,0.019658307399650028,-0.014813887798383026,0.054465300837356026,-0.04962088123608902,0.028285127133131027,-0.023440707531864023,0.03506386275498053,-0.030219443153713527,-0.023440707531864023,0.012981848673490726,1.0
47314,47,0.0,0.0420272858573825,-0.0420272858573825,0.002977319114395443,-0.002977319114395443,0.0511678878651391,-0.0511678878651391,0.008839457295835018,-0.008839457295835018,0.02332677918729628,-0.02332677918729628,-0.02332677918729628,0.018554884413907728,1.0
28220,28,0.01773117254528122,0.03855534908142084,-0.02082417653613962,0.04713799359660147,-0.029406821051320253,0.040139962340999,-0.02240878979571778,0.044800277799367905,-0.027069105254086685,0.0409189222094157,-0.023187749664134484,-0.023187749664134484,0.003170254526473967,1.0
22210,22,0.04051710414973567,0.06465770053517383,-0.024140596385438168,0.06348383813809524,-0.022966733988359578,0.07940585561003194,-0.03888875146029627,0.05878913775086403,-0.018272033601128362,0.04868025733687195,-0.008163153187136285,-0.022966733988359578,0.009949075365562566,1.0
43348,43,0.0023124357656731757,0.023174535728379284,-0.020862099962706108,0.032616840410267564,-0.03030440464459439,0.0234585668169651,-0.021146131051291924,0.028589069843292236,-0.02627663407761906,0.025277845697232307,-0.02296540993155913,-0.02296540993155913,0.0035638893389792407,1.0
01458,01,0.004367934224049332,0.018542141798478788,-0.014174207574429457,0.024503297299775257,-0.020135363075725925,0.044776107469340715,-0.04040817324529138,0.032649971544742584,-0.028282037320693253,0.027215311357200622,-0.02284737713315129,-0.02284737713315129,0.008871711171256794,1.0
21202,21,0.05107589528470442,0.07389397150517696,-0.022818076220472536,0.08250422591129614,-0.03142833062659171,0.0792934615071979,-0.02821756622249348,0.05124925076961517,-0.00017335548491075048,0.0612115217449871,-0.010135626460282675,-0.022818076220472536,0.011713516562767855,1.0
01607,01,0.0014052344985069384,0.013075632270220293,-0.011670397771713354,0.034168039197601946,-0.03276280469909501,0.03373514010902044,-0.03232990561051351,0.024089667946100235,-0.022684433447593296,0.019251129349736787,-0.017845894851229848,-0.022684433447593296,0.008201607074135935,1.0
19208,19,0.009486771551470156,0.03217083759790252,-0.022684066046432364,0.03513580883308609,-0.025649037281615935,0.026827144903422376,-0.01734037335195222,0.03775642812252045,-0.02826965657105029,0.028889412097362968,-0.019402640545892812,-0.022684066046432364,0.003982752041751853,1.0
43441,43,0.0016431603450636724,0.026624279648577207,-0.024981119303513533,0.018600119190219165,-0.016956958845155492,0.03516059810346209,-0.03351743775839842,0.02427479438483715,-0.022631634039773477,0.02268132799769336,-0.021038167652629686,-0.022631634039773477,0.005507095562566985,1.0
34215,34,0.0033482142857142855,0.025970461729897424,-0.02262224744418314,0.020261168895035105,-0.01691295460932082,0.04286378513622982,-0.03951557085051553,0.02925649844110012,-0.025908284155385836,0.01815386862253996,-0.014805654336825675,-0.02262224744418314,0.00872953402809326,1.0
45382,45,0.0006249218847644045,0.02495046246646834,-0.024325540581703935,0.023234381071948213,-0.02260945918718381,0.0316889878860307,-0.031064066001266297,0.019526004791259766,-0.01890108290649536,0.01945394999594354,-0.018829028111179136,-0.02260945918718381,0.004495120210009405,1.0
01218,01,0.01474010861132661,0.03734753522384092,-0.02260742661251431,0.025624108912485684,-0.010884000301159075,0.04095938442578343,-0.02621927581445682,0.038362618535757065,-0.023622509924430456,0.03221635650660222,-0.01747624789527561,-0.02260742661251431,0.005439492131958654,1.0
10523,10,0.014835680751173709,0.037328121056756466,-0.022492440305582756,0.0336229166696498,-0.018787235918476086,0.05312327781662442,-0.03828759706545071,0.03743702173233032,-0.022601340981156612,0.03819644625784109,-0.02336076550666738,-0.022601340981156612,0.006779839749589869,1.0
02442,02,0.0028204766605556338,0.025322040203120986,-0.022501563542565352,0.03025887634262365,-0.027438399682068015,0.02428876337631001,-0.021468286715754376,0.025774165987968445,-0.02295368932741281,0.0219173370122523,-0.019096860351696665,-0.022501563542565352,0.0027223357726407133,1.0
07204,07,0.020549601095978726,0.03669443367208323,-0.016144832576104502,0.0555104160132194,-0.03496081491724067,0.0419077022184052,-0.021358101122426476,0.04706696793437004,-0.026517366838391315,0.042978758015187565,-0.02242915691920884,-0.02242915691920884,0.0062805996327873264,1.0
07545,07,0.010810810810810811,0.020323196333335947,-0.009512385522525136,0.042112234151122266,-0.031301423340311454,0.13029796202656002,-0.11948715121574921,0.027115706354379654,-0.016304895543568843,0.033158173499567706,-0.022347362688756894,-0.022347362688756894,0.04048758207077708,1.0
05464,05,0.004663557628247834,0.018785459278343446,-0.014121901650095612,0.03248700364954396,-0.027823446021296126,0.007794324726577456,-0.003130767098329622,0.0312826968729496,-0.026619139244701766,0.026928306446417534,-0.0222647488181697,-0.0222647488181697,0.009186676710800005,1.0
08233,08,0.0077480086893555395,0.034545950262674506,-0.026797941573318967,0.030438211212055876,-0.022690202522700337,0.013702201252940388,-0.005954192563584849,0.02971627376973629,-0.02196826508038075,0.029992225881420094,-0.022244217192064555,-0.022244217192064555,0.007205840048545718,1.0
24472,24,0.00560702096538274,0.019597286471529463,-0.013990265506146723,0.02791835505814551,-0.022311334092762772,0.03345195859472776,-0.027844937629345017,0.027835199609398842,-0.022228178644016102,0.017209334706503418,-0.011602313741120678,-0.022228178644016102,0.005961034358540331,1.0
05346,05,0.010342084327764518,0.03256374064147904,-0.02222165631371452,0.0310975550242439,-0.020755470696479383,0.04137731687551982,-0.031035232547755302,0.032896023243665695,-0.022553938915901177,0.026798676027068126,-0.016456591699303608,-0.02222165631371452,0.004742194909780428,1.0
09384,09,0.010963026655202063,0.03172232093542036,-0.020759294280218294,0.04672560022406818,-0.03576257356886611,0.03680780787056359,-0.025844781215361528,0.033156618475914,-0.022193591820711938,0.02872213109895025,-0.017759104443748185,-0.022193591820711938,0.0062193173831388135,1.0
35210,35,0.029498391408763425,0.05155210429586672,-0.022053712887103297,0.03849530607531882,-0.008996914666555396,0.06321186191856597,-0.03371347050980254,0.0510750412940979,-0.021576649885334476,0.061711657820650086,-0.03221326641188666,-0.022053712887103297,0.008901059582210474,1.0
42214,42,0.00394563787812363,0.025899621150521454,-0.021953983272397823,0.044522037243365856,-0.040576399365242224,0.008179727608391613,-0.004234089730267982,0.03367559239268303,-0.029729954514559398,0.0252491485160248,-0.021303510637901167,-0.021953983272397823,0.011906200291803596,1.0
15205,15,0.01653253798884118,0.031266824687148094,-0.014734286698306915,0.0384737459164853,-0.021941207927644122,0.04487856491976698,-0.0283460269309258,0.033948056399822235,-0.017415518410981056,0.03938937254621147,-0.022856834557370292,-0.021941207927644122,0.004698685296976286,1.0
03210,03,0.004671260072404531,0.025319259537790247,-0.020647999465385716,0.026596645626365538,-0.021925385553961008,0.027357775792953246,-0.022686515720548715,0.026008155196905136,-0.021336895124500606,0.02943555610117038,-0.02476429602876585,-0.021925385553961008,0.00141529523266003,1.0
31389,31,0.0035700119000396666,0.02381982553359173,-0.020249813633552063,0.030069284142836897,-0.02649927224279723,0.034815863459650265,-0.0312458515596106,0.0217057503759861,-0.018135738475946434,0.02546425735544538,-0.021894245455405713,-0.021894245455405713,0.004708634677996043,1.0
01364,01,0.00332667997338656,0.024951196684068158,-0.021624516710681597,0.031281428272062754,-0.027954748298676193,0.027171701911639035,-0.023845021938252473,0.01199182216078043,-0.00866514218739387,0.01770395386955425,-0.01437727389616769,-0.021624516710681597,0.0069036002451032434,1.0
17205,17,0.001172562048075044,0.025185119673903248,-0.024012557625828206,0.012132784418495657,-0.010960222370420613,0.02977662275409662,-0.02860406070602158,0.018110482022166252,-0.01693791997409121,0.022749692511423628,-0.021577130463348585,-0.021577130463348585,0.006047090735240421,1.0
02402,02,0.005949585094723657,0.030423249422324813,-0.024473664327601157,0.03893042103820744,-0.03298083594348378,0.027519057955102677,-0.02156947286037902,0.027220813557505608,-0.02127122846278195,0.020882947978744945,-0.014933362884021289,-0.02156947286037902,0.005863173502856785,1.0
03461,03,0.0075096407550233404,0.03855405044154491,-0.03104440968652157,0.031626295205819124,-0.024116654450795784,0.025403815590411487,-0.017894174835388146,0.029036695137619972,-0.021527054382596632,0.028963009064360327,-0.021453368309336987,-0.021527054382596632,0.004390353387606471,1.0
21205,21,0.007009182028457279,0.03834096505755425,-0.03133178302909697,0.02749356610718305,-0.02048438407872577,0.028403133761948002,-0.02139395173349072,0.025670126080513,-0.01866094405205572,0.028880315055874815,-0.021871133027417534,-0.02139395173349072,0.004429710055579601,1.0
43367,43,0.0035952747817154596,0.02732573275242115,-0.023730457970705693,0.024719967421845124,-0.021124692640129665,0.01477287265530243,-0.011177597873586971,0.027333121746778488,-0.02373784696506303,0.024902048613190612,-0.021306773831475154,-0.021306773831475154,0.004657532444405477,1.0
21207,21,0.007062600321027288,0.04089787965242389,-0.0338352793313966,0.02649125481529773,-0.019428654494270444,0.01854064815400311,-0.011478047832975822,0.0283216405659914,-0.021259040244964115,0.04495170703959438,-0.03788910671856709,-0.021259040244964115,0.009714141557663782,1.0
31364,31,0.005307855626326964,0.015116019297889003,-0.00980816367156204,0.018385606125781054,-0.013077750499454092,0.03712375346253716,-0.031815897836210194,0.03170305863022804,-0.02639520300390108,0.02654963306862055,-0.021241777442293587,-0.021241777442293587,0.008157856951656989,1.0
47302,47,0.0,0.02215427038535401,-0.02215427038535401,0.02113506292828113,-0.02113506292828113,0.035134982725221545,-0.035134982725221545,0.018891412764787674,-0.018891412764787674,0.016771546833176096,-0.016771546833176096,-0.02113506292828113,0.006433639084872977,1.0
17461,17,0.01371173469387755,0.033332756403236526,-0.019621021709358977,0.040847090733782836,-0.027135356039905287,0.045898936429543895,-0.032187201735666346,0.034830935299396515,-0.021119200605518966,0.026046667163651116,-0.012334932469773565,-0.021119200605518966,0.0067653533743620735,1.0
08212,08,0.019702434625789,0.033596147960615635,-0.013893713334826637,0.04080159474361896,-0.021099160117829963,0.060526813899358954,-0.04082437927356995,0.04176301881670952,-0.02206058419092052,0.033518707426982035,-0.013816272801193036,-0.021099160117829963,0.009872018140052348,1.0
16209,16,0.027125145557914926,0.038489675308197316,-0.01136452975028239,0.04810985674736812,-0.020984711189453192,0.05435095422833783,-0.027225808670422902,0.048090655356645584,-0.020965509798730658,0.040862044843092346,-0.01373689928517742,-0.020965509798730658,0.005680888265716624,1.0
26465,26,0.014195239135182355,0.03139802369034783,-0.017202784555165475,0.03521582289650236,-0.021020583761320003,0.03506268015178275,-0.020867441016600395,0.0423959419131279,-0.028200702777945542,0.03300721180331541,-0.018811972668133052,-0.020867441016600395,0.003763798322958864,1.0
12422,12,0.04422351731230716,0.04996673658385089,-0.005743219271543726,0.06624783294230721,-0.022024315630000048,0.057930143225080354,-0.01370662591277319,0.06504838913679123,-0.020824871824484066,0.06699528204887396,-0.0227717647365668,-0.020824871824484066,0.006492258204833826,1.0
22219,22,0.017043478260869566,0.04038984839522216,-0.023346370134352593,0.02920146391069735,-0.012157985649827785,0.07604074589051923,-0.05899726762964967,0.03778776526451111,-0.020744287003641542,0.031366778417393534,-0.014323300156523968,-0.020744287003641542,0.017037567350920543,1.0
04322,04,0.013628966639544346,0.03437228138199349,-0.020743314742449143,0.031569074523779765,-0.017940107884235418,0.034862808508322185,-0.021233841868777838,0.02467181719839573,-0.011042850558851383,0.03450585954853222,-0.020876892908987872,-0.020743314742449143,0.003846832920175832,1.0
06204,06,0.004479069372505732,0.025180943221528265,-0.020701873849022535,0.01978441918416143,-0.015305349811655699,0.030221756080688222,-0.025742686708182493,0.02754107676446438,-0.02306200739195865,0.02456327773802687,-0.02008420836552114,-0.020701873849022535,0.003466969513203861,1.0
09202,09,0.028570598151485205,0.04923166780571842,-0.020661069654233217,0.036134761637382225,-0.007564163485897019,0.0635598798770696,-0.034989281725584395,0.04348965361714363,-0.014919055465658426,0.050377032461923085,-0.02180643431043788,-0.020661069654233217,0.009042611259283075,1.0
21213,21,0.08775769247603624,0.11493843641321598,-0.027180743937179744,0.1078976303280726,-0.02013993785203637,0.10834755498019942,-0.020589862504163184,0.10184101015329361,-0.014083317677257373,0.10979432606291242,-0.022036633586876186,-0.020589862504163184,0.0041913394292329735,1.0
03501,03,0.0014112334180073384,0.02188525352921974,-0.020474020111212403,0.02638937250652127,-0.024978139088513932,0.008373553522765448,-0.0069623201047581094,0.022095199674367905,-0.020683966256360566,0.020995534509866354,-0.019584301091859015,-0.020474020111212403,0.006081444516125842,1.0
36342,36,0.0032552083333333335,0.02361496515571591,-0.02035975682238258,0.03156114068457909,-0.028305932351245757,0.014598828687736778,-0.011343620354403445,0.027395449578762054,-0.024140241245428722,0.02315863044844948,-0.019903422115116146,-0.02035975682238258,0.00561990129405331,1.0
01207,01,0.0025141764022682243,0.03533421060462714,-0.03282003420235891,0.009128074419348445,-0.006613898017080221,0.054788396453874844,-0.05227422005160662,0.02266065403819084,-0.020146477635922616,0.02282411751278924,-0.020309941110521014,-0.020309941110521014,0.015351689657026686,1.0
28227,28,0.0035354745925215724,0.02530035061326553,-0.021764876020743958,0.02362514718986107,-0.020089672597339497,0.02382306543692,-0.020287590844398427,0.023661645129323006,-0.020126170536801432,0.02951035530277906,-0.025974880710257487,-0.020287590844398427,0.002250805052797077,1.0
19365,19,0.028324850630670504,0.0435113709682116,-0.015186520337541098,0.07443438567641697,-0.04610953504574647,0.03639559322144363,-0.008070742590773127,0.048584260046482086,-0.020259409415811582,0.0611254659865446,-0.0328006153558741,-0.020259409415811582,0.01349455564397575,1.0
17384,17,0.00444652468991341,0.026459954931666887,-0.02201343024175348,0.017783477330705573,-0.013336952640792163,0.038816873715310556,-0.034370349025397144,0.023384634405374527,-0.018938109715461116,0.024493884756109828,-0.020047360066196417,-0.020047360066196417,0.006941574705230147,1.0
22208,22,0.07702257761053621,0.09701968343934567,-0.019997105828809453,0.0842318358953884,-0.00720925828485218,0.10299848099836056,-0.02597590338782435,0.08142318576574326,-0.004400608155207042,0.10643069846189268,-0.029408120851356467,-0.019997105828809453,0.009973178358084903,1.0
04205,04,0.009111867383906028,0.02737539533839527,-0.018263527954489243,0.02043863959817269,-0.011326772214266662,0.045727068042285976,-0.03661520065837995,0.031039966270327568,-0.02192809888642154,0.029038654843145426,-0.019926787459239398,-0.019926787459239398,0.008307033952297942,1.0
01304,01,0.015194681861348529,0.02557619805570358,-0.01038151619435505,0.0364995236241563,-0.021304841762807773,0.04782240162473609,-0.03262771976338756,0.03511716425418854,-0.01992248239284001,0.03364685204528266,-0.01845217018393413,-0.01992248239284001,0.007136288687611262,1.0
02446,02,0.012078362056267491,0.024272529454191567,-0.012194167397924076,0.021831177417637616,-0.009752815361370125,0.03240000459201015,-0.02032164253574266,0.032291997224092484,-0.02021363516782499,0.03198038053153021,-0.01990201847526272,-0.01990201847526272,0.004561398562036945,1.0
46214,46,0.0011955593509820667,0.02219591368690665,-0.021000354335924586,0.021060999379934834,-0.01986544002895277,0.017494927750837712,-0.016299368399855647,0.015003337524831295,-0.013807778173849228,0.022999614016721882,-0.021804054665739817,-0.01986544002895277,0.0030291040029829714,1.0
12441,12,0.019394261424017,0.03916761045434004,-0.019773349030323042,0.033789536842375845,-0.014395275418358843,0.0546400453414601,-0.035245783917443096,0.031442128121852875,-0.012047866697835873,0.041702269163069246,-0.022308007739052244,-0.019773349030323042,0.008119341757204808,1.0
01637,01,0.011742892459826947,0.023690331657233006,-0.01194743919740606,0.03147319292505385,-0.019730300465226905,0.03887330745684428,-0.027130414997017335,0.034061308950185776,-0.02231841649035883,0.022622358515425572,-0.010879466055598625,-0.019730300465226905,0.006189310100008545,1.0
35343,35,0.03611940298507463,0.05567948807568522,-0.019560085090610593,0.07506009267619294,-0.038940689691118316,0.05083231919639905,-0.014712916211324423,0.06430992484092712,-0.028190521855852496,0.04245207338922481,-0.006332670404150184,-0.019560085090610593,0.011214322807461187,1.0
07542,07,0.023687580025608196,0.030880899539275437,-0.007193319513667241,0.05238536720677681,-0.028697787181168617,0.0506905093199429,-0.027002929294334704,0.04318353906273842,-0.019495959037130223,0.02515804738320073,-0.001470467357592535,-0.019495959037130223,0.010772226213511472,1.0
06205,06,0.01245353159851301,0.03345732417649719,-0.021003792577984178,0.02378302395619288,-0.011329492357679868,0.03532133551815127,-0.022867803919638257,0.031810399144887924,-0.019356867546374914,0.028730506498149885,-0.016276974899636875,-0.019356867546374914,0.00404683679031299,1.0
04324,04,0.003668378576669112,0.02663892229427104,-0.02297054371760193,0.0072312006039710035,-0.0035628220273018914,0.03226033719468928,-0.028591958618020167,0.01994241029024124,-0.01627403171357213,0.022998384684844123,-0.01933000610817501,-0.01933000610817501,0.008366235580762176,1.0
27382,27,0.046453753629199505,0.06573932574113595,-0.01928557211193644,0.05842621375192872,-0.011972460122729213,0.06320410849186696,-0.016750354862667453,0.09280561655759811,-0.04635186292839861,0.08309026873608202,-0.03663651510688252,-0.01928557211193644,0.013073227774106546,1.0
46482,46,0.0,0.025906451067411528,-0.025906451067411528,0.030273162609522293,-0.030273162609522293,0.0066135548983080605,-0.0066135548983080605,0.019238781183958054,-0.019238781183958054,0.012476313752775199,-0.012476313752775199,-0.019238781183958054,0.00861132302931229,1.0
03211,03,0.003843197540353574,0.02829429683813622,-0.024451099297782646,0.016260965906995634,-0.01241776836664206,0.03314112700496688,-0.029297929464613306,0.017262637615203857,-0.013419440074850283,0.022953570368707182,-0.01911037282835361,-0.01911037282835361,0.006442196119041189,1.0
18206,18,0.012694324349185908,0.03147757362259386,-0.01878324927340795,0.03479311071058809,-0.02209878636140218,0.035247363568787896,-0.022553039219601986,0.03180462121963501,-0.0191102968704491,0.0292498069138135,-0.01655548256462759,-0.0191102968704491,0.002231500625044369,1.0
09344,09,0.014334348683031715,0.03159042272139075,-0.017256074038359038,0.03542843020950082,-0.02109408152646911,0.04537798178137703,-0.031043633098345316,0.0334445983171463,-0.019110249634114587,0.032072670532289294,-0.01773832184925758,-0.019110249634114587,0.005075458753880265,1.0
38356,38,0.0006818956699624957,0.02546569200255915,-0.024783796332596652,0.013085051922350153,-0.012403156252387658,0.03292507500380737,-0.03224317933384487,0.017073340713977814,-0.016391445044015317,0.01977353659575231,-0.019091640925789813,-0.019091640925789813,0.006921141893530437,1.0
15202,15,0.01950740298926391,0.035133630220582225,-0.015626227231318315,0.06199172402284253,-0.04248432103357862,0.0385833406544383,-0.019075937665174392,0.04465620592236519,-0.025148802933101278,0.030384323899136846,-0.010876920909872936,-0.019075937665174392,0.010957707041922272,1.0
28205,28,0.003980459562149448,0.026746467798834314,-0.022766008236684867,0.023051501675619847,-0.0190710421134704,0.039751288133067345,-0.035770828570917894,0.02174151875078678,-0.017761059188637334,0.012963625409135808,-0.00898316584698636,-0.0190710421134704,0.008715826146447024,1.0
20349,20,0.007730535615681944,0.02949937937243566,-0.021768843756753718,0.034334485060167,-0.026603949444485058,0.015759020827906575,-0.008028485212224632,0.022709626704454422,-0.014979091088772479,0.02675081359194602,-0.019020277976264075,-0.019020277976264075,0.006289642129521786,1.0
33205,33,0.028665229321834573,0.04877804629072768,-0.020112816968893103,0.03213117609190663,-0.003465946770072059,0.047681785446729644,-0.01901655612489507,0.041094690561294556,-0.012429461239459982,0.053813027159685944,-0.02514779783785137,-0.01901655612489507,0.007477196804544518,1.0
28213,28,0.017683939767429397,0.04240396504023726,-0.024720025272807863,0.036621948322659886,-0.01893800855523049,0.02993407529604655,-0.012250135528617152,0.024160616099834442,-0.006476676332405045,0.03678986045976131,-0.019105920692331916,-0.01893800855523049,0.006302827599209843,1.0
03506,03,0.0027906976744186047,0.021337321112372822,-0.018546623437954216,0.018383193742471136,-0.015592496068052531,0.006663808782658459,-0.0038731111082398544,0.024118572473526,-0.021327874799107395,0.025260021396063634,-0.022469323721645028,-0.018546623437954216,0.006682759566434694,1.0
08521,08,0.008601225674658639,0.03117038919738617,-0.02256916352272753,0.017917028622616706,-0.009315802947958068,0.03169696457120602,-0.023095738896547383,0.023701023310422897,-0.015099797635764259,0.027091871371288864,-0.018490645696630226,-0.018490645696630226,0.0051088682187609554,1.0
01430,01,0.012302284710017574,0.014185561872367908,-0.0018832771623503337,0.036377002973649784,-0.024074718263632208,0.08662692847284206,-0.0743246437628245,0.03071548603475094,-0.018413201324733362,0.026636413412491212,-0.014334128702473638,-0.018413201324733362,0.024949589774486372,1.0
43510,43,0.002325581395348837,0.021461074773581956,-0.01913549337823312,0.02071982791869186,-0.01839424652334302,0.011120189761566597,-0.00879460836621776,0.0191597118973732,-0.016834130502024362,0.026709283849662674,-0.024383702454313837,-0.01839424652334302,0.005041562153717994,1.0
09345,09,0.00940248710949348,0.027083102599628005,-0.017680615490134527,0.027762690356175786,-0.018360203246682305,0.05021817670623949,-0.04081568959674601,0.0240409504622221,-0.01463846335272862,0.029902542072464622,-0.020500054962971144,-0.018360203246682305,0.00939767427194194,1.0
46204,46,0.004428798546445605,0.02272758090851333,-0.018298782362067726,0.013772461658047427,-0.009343663111601822,0.03449969538424747,-0.030070896837801866,0.02365308813750744,-0.019224289591061833,0.020087510920258594,-0.01565871237381299,-0.018298782362067726,0.006728451556268151,1.0
01331,01,0.0029548332629801602,0.02517411163880537,-0.02221927837582521,0.020092549760352393,-0.017137716497372234,0.021244977041972937,-0.01829014377899278,0.0173020176589489,-0.014347184395968738,0.024057466333677106,-0.021102633070696947,-0.01829014377899278,0.002817133033142428,1.0
07564,07,0.0,0.018277261743456927,-0.018277261743456927,0.010553193483782758,-0.010553193483782758,0.007275719260850633,-0.007275719260850633,0.02334609441459179,-0.02334609441459179,0.021933590230846234,-0.021933590230846234,-0.018277261743456927,0.0063206830605070765,1.0
11221,11,0.31344106429513946,0.3379656547842431,-0.02452459048910366,0.36984345149048603,-0.05640238719534657,0.322762949973393,-0.009321885678253539,0.33171316981315613,-0.018272105518016668,0.32165736159893116,-0.008216297303791698,-0.018272105518016668,0.01758090948039696,1.0
02367,02,0.019302615193026153,0.0365996873431042,-0.017297072150078044,0.03755285207144603,-0.018250236878419875,0.042111780117557965,-0.022809164924531812,0.038610491901636124,-0.01930787670860997,0.026499155261295877,-0.0071965400682697245,-0.018250236878419875,0.005231213864722109,1.0
05463,05,0.0030312699425654116,0.02124933902949092,-0.01821806908692551,0.017434950832543778,-0.014403680889978367,0.02133506657344561,-0.0183037966308802,0.020405655726790428,-0.017374385784225017,0.02199070091397058,-0.01895943097140517,-0.01821806908692551,0.0016051816571232985,1.0
18442,18,0.016927362331262054,0.03458905196374173,-0.017661689632479674,0.03096588380945712,-0.014038521478195065,0.05808808761605709,-0.04116072528479504,0.03512710705399513,-0.01819974472273308,0.039586725755808294,-0.02265936342454624,-0.01819974472273308,0.009606752047966018,1.0
33207,33,0.01583011583011583,0.03221451021557512,-0.016384394385459293,0.036123957301659924,-0.020293841471544095,0.027902719982017557,-0.012072604151901728,0.04038536548614502,-0.02455524965602919,0.0340020698517259,-0.018171954021610072,-0.018171954021610072,0.004136903560609448,1.0
28222,28,0.012020663620107291,0.024136575436834777,-0.012115911816727486,0.03010939992885898,-0.018088736308751692,0.036081483861927666,-0.024060820241820373,0.030290108174085617,-0.018269444553978324,0.027143568554833585,-0.015122904934726294,-0.018088736308751692,0.003965274841113488,1.0
01397,01,0.003036437246963563,0.007618024601815132,-0.004581587354851569,0.025584057401442484,-0.02254762015447892,0.017854991137459544,-0.01481855389049598,0.025040796026587486,-0.022004358779623923,0.02100922212708979,-0.017972784880126227,-0.017972784880126227,0.006539884472556241,1.0
01668,01,0.00591016548463357,0.023864774904219156,-0.017954609419585585,0.018999705151838214,-0.013089539667204645,0.028312687677642334,-0.022402522193008763,0.018253300338983536,-0.012343134854349966,0.024679697359212723,-0.01876953187457915,-0.017954609419585585,0.0037461720367887824,1.0
19430,19,0.014204545454545454,0.04554750534788903,-0.031342959893343576,0.020725701390741754,-0.0065211559361963,0.050485398012691425,-0.03628085255814597,0.029928073287010193,-0.015723527832464737,0.03212800869334121,-0.017923463238795755,-0.017923463238795755,0.010824651764715474,1.0
08546,08,0.009326776326945905,0.02958352515633436,-0.02025674882938846,0.021372963122829606,-0.012046186795883701,0.045357699782184305,-0.0360309234552384,0.02453996241092682,-0.015213186083980914,0.02716942775728755,-0.017842651430341645,-0.017842651430341645,0.008336678718381112,1.0
47306,47,0.00026737967914438503,0.029120984715211868,-0.028853605036067483,0.01806853403780778,-0.017801154358663394,0.03811895107379638,-0.03785157139465199,0.012131761759519577,-0.011864382080375192,0.009613605852605345,-0.00934622617346096,-0.017801154358663394,0.010724312032236416,1.0
11381,11,0.026732673267326732,0.042902976471581415,-0.016170303204254683,0.04074796916565434,-0.014015295898327607,0.06324061105087586,-0.03650793778354913,0.044500648975372314,-0.017767975708045582,0.05056440659165972,-0.02383173332433299,-0.017767975708045582,0.008110533863231784,1.0
11365,11,0.00963020030816641,0.03052071273136727,-0.020890512423200863,0.019438719368437874,-0.009808519060271465,0.027255154221456364,-0.017624953913289956,0.022049088031053543,-0.012418887722887134,0.02801911323579597,-0.018388912927629564,-0.017624953913289956,0.004080993365159133,1.0
10209,10,0.027521466102780983,0.042052519135391674,-0.01453105303261069,0.04822721033570095,-0.02070574423291997,0.049974823164874935,-0.02245335706209395,0.04511294886469841,-0.017591482761917427,0.03728053781247009,-0.009759071709689104,-0.017591482761917427,0.004524332119022511,1.0
40205,40,0.03693630461484471,0.06945686573447249,-0.032520561119627776,0.05733641834916251,-0.0204001137343178,0.05437201634830458,-0.01743571173345987,0.05186077207326889,-0.014924467458424177,0.041473716960863403,-0.0045374123460186905,-0.01743571173345987,0.009029055584598171,1.0
22207,22,0.025337350556107568,0.04293993523496636,-0.01760258467885879,0.05312742756956713,-0.02779007701345956,0.04024597482725714,-0.014908624271149574,0.0426676906645298,-0.017330340108422233,0.04081726265226542,-0.015479912096157854,-0.017330340108422233,0.004699427714586278,1.0
37205,37,0.016133540992771853,0.03877643310514217,-0.02264289211237032,0.04683987336210652,-0.03070633236933467,0.029174967030832208,-0.013041426038060355,0.03344814479351044,-0.017314603800738584,0.033278985248228345,-0.017145444255456492,-0.017314603800738584,0.006086826541579163,1.0
32204,32,0.0036499855921621363,0.020931987967307372,-0.017282002375145235,0.018979700706076064,-0.015329715113913928,0.036741216436004226,-0.03309123084384209,0.019023070111870766,-0.015373084519708629,0.02327398112561538,-0.01962399553345324,-0.017282002375145235,0.006663799446037477,1.0
05303,05,0.004217432052483599,0.03281071821406418,-0.028593286161580578,0.021460933104455765,-0.017243501051972164,0.04098097176944005,-0.03676353971695645,0.015443270094692707,-0.011225838042209108,0.021487847770813376,-0.017270415718329775,-0.017270415718329775,0.009189873178156106,1.0
04302,04,0.0,0.010011103931607968,-0.010011103931607968,0.022071743811706974,-0.022071743811706974,0.027769948324471286,-0.027769948324471286,0.017216254025697708,-0.017216254025697708,0.014162986689531719,-0.014162986689531719,-0.017216254025697708,0.006178782959330876,1.0
40226,40,0.013370619592764135,0.036341573170950596,-0.02297095357818646,0.020185638155401885,-0.00681501856263775,0.03471512216503651,-0.021344502572272377,0.026630878448486328,-0.013260258855722193,0.030512921561974597,-0.01714230196921046,-0.01714230196921046,0.005828598138030866,1.0
01361,01,0.0011994002998500749,0.018309988421570323,-0.017110588121720248,0.009969805758617282,-0.008770405458767207,0.05551992092030601,-0.05432052062045594,0.009842115454375744,-0.008642715154525669,0.018469904309033724,-0.01727050400918365,-0.017110588121720248,0.016978284394030718,1.0
27210,27,0.25626828559050957,0.25900927418872394,-0.0027409885982143667,0.27334052926415314,-0.017072243673643572,0.2570216084341824,-0.0007533228436728545,0.29168468713760376,-0.03541640154709419,0.2956046040298755,-0.039336318439365914,-0.017072243673643572,0.01602533384094705,1.0
01631,01,0.0018668012108980828,0.025653326736131216,-0.023786525525233134,0.01805493823081534,-0.016188137019917257,0.053946072548759806,-0.05207927133786172,0.018931444734334946,-0.017064643523436864,0.018121914639511842,-0.01625511342861376,-0.017064643523436864,0.013797270601526265,1.0
01432,01,0.010865191146881288,0.017597672332762136,-0.006732481185880847,0.03779924369305463,-0.026934052546173343,0.04032540654996321,-0.02946021540308192,0.027352716773748398,-0.01648752562686711,0.027918823128836007,-0.01705363198195472,-0.01705363198195472,0.008153549010033487,1.0
21203,21,0.003910907616731053,0.020963670372408868,-0.017052762755677815,0.020232287280248312,-0.01632137966351726,0.014685468716853625,-0.010774561100122572,0.024769306182861328,-0.020858398566130275,0.03325062041365463,-0.02933971279692358,-0.017052762755677815,0.0061465854046322856,1.0
41346,41,0.027404526166902404,0.04803669845097916,-0.020632172284076756,0.04433763507983522,-0.01693310891293282,0.05856061701010126,-0.03115609084319886,0.04198585823178291,-0.01458133206488051,0.04444249875795611,-0.017037972591053708,-0.017037972591053708,0.005871561667539133,1.0
01400,01,0.007039337474120083,0.021038707735917584,-0.013999370261797501,0.018733787930126884,-0.0116944504560068,0.052167046358113284,-0.0451277088839932,0.02394474670290947,-0.016905409228789386,0.03194840847485359,-0.02490907100073351,-0.016905409228789386,0.012150170249683715,1.0
34431,34,0.001257071024512885,0.020838016249215024,-0.01958094522470214,0.014930860886659873,-0.013673789862146988,0.026208601340352633,-0.02495153031583975,0.01807221584022045,-0.016815144815707568,0.010076423160022135,-0.00881935213550925,-0.016815144815707568,0.005433970758767844,1.0
36301,36,0.0019704433497536944,0.02430325545396159,-0.022332812104207896,0.018998173304643623,-0.01702772995488993,0.018768571840583503,-0.01679812849082981,0.017855191603302956,-0.015884748253549262,0.017813169017595158,-0.015842725667841465,-0.01679812849082981,0.0024247684570436493,1.0
01222,01,0.0061468780329990294,0.027137696988095115,-0.020990818955096087,0.0073512429403737815,-0.001204364907374752,0.029712695008839787,-0.02356581697584076,0.02021397463977337,-0.01406709660677434,0.0229430969362292,-0.016796218903230173,-0.016796218903230173,0.007786548788709225,1.0
05207,05,0.008431340959132163,0.025572329433392067,-0.017140988474259905,0.019451914265011593,-0.01102057330587943,0.024446973284950144,-0.01601563232581798,0.025189215317368507,-0.016757874358236342,0.028321081382926487,-0.019889740423794322,-0.016757874358236342,0.002886699895630161,1.0
07202,07,0.009524338947875554,0.034643060103535975,-0.02511872115566042,0.025723040921605277,-0.016198701973729725,0.044940484938044034,-0.03541614599016848,0.018243474885821342,-0.008719135937945788,0.026266554804421464,-0.01674221585654591,-0.01674221585654591,0.009112806879246586,1.0
33213,33,0.017581973424948213,0.03051611120058683,-0.012934137775638618,0.034308993719414795,-0.016727020294466582,0.039250184353811196,-0.021668210928862983,0.03477521240711212,-0.01719323898216391,0.03092020947016212,-0.013338236045213909,-0.016727020294466582,0.003158257220141852,1.0
10207,10,0.050399891554832585,0.07181553251231118,-0.021415640957478596,0.06711992604256999,-0.0167200344877374,0.07551084092317452,-0.025110949368341934,0.06470373272895813,-0.014303841174125545,0.06294779150145018,-0.012547899946617591,-0.0167200344877374,0.004631534641323228,1.0
31372,31,0.013599274705349048,0.02550509497709259,-0.011905820271743542,0.0351528099774002,-0.021553535272051155,0.028407095193643657,-0.014807820488294609,0.033689506351947784,-0.020090231646598736,0.030225166433286182,-0.016625891727937134,-0.016625891727937134,0.0034980118477797154,1.0
01667,01,0.0,0.014608485346285841,-0.014608485346285841,0.014132405824254115,-0.014132405824254115,0.0426044583688372,-0.0426044583688372,0.016625329852104187,-0.016625329852104187,0.018374445621523114,-0.018374445621523114,-0.016625329852104187,0.010774389385754621,1.0
01399,01,0.0038255547054322878,0.019066618817688973,-0.015241064112256685,0.014564489152070547,-0.01073893444663826,0.0316324048730289,-0.027806850167596615,0.020434364676475525,-0.016608809971043238,0.022683029655731116,-0.01885747495029883,-0.016608809971043238,0.00564035852637123,1.0
01214,01,0.0013596633214632567,0.018090183801204435,-0.01673052047974118,0.0035488599624298417,-0.002189196640966585,0.0400860031926094,-0.03872633987114615,0.0177862960845232,-0.016426632763059945,0.015483362349891026,-0.01412369902842777,-0.016426632763059945,0.01181545459612078,1.0
33606,33,0.0037972280235428137,0.02021008356973339,-0.016412855546190576,0.018028362250149428,-0.014231134226606615,0.021129361955376125,-0.01733213393183331,0.020195916295051575,-0.01639868827150876,0.018000292586936834,-0.01420306456339402,-0.01639868827150876,0.0012694375851101604,1.0
33623,33,0.002260738507912585,0.018581413963030213,-0.016320675455117627,0.022435909555451185,-0.0201751710475386,0.029175455969421477,-0.02691471746150889,0.015557768754661083,-0.013297030246748498,0.013397120875918468,-0.011136382368005883,-0.016320675455117627,0.005573529788767538,1.0
36205,36,0.03191027944730157,0.042510526102335945,-0.010600246655034375,0.044977264005775,-0.013066984558473431,0.05352241929477662,-0.02161213984747505,0.05166067183017731,-0.019750392382875737,0.04822841141229977,-0.0163181319649982,-0.0163181319649982,0.00407576535144899,1.0
03207,03,0.006052021632758177,0.02485157304741812,-0.018799551414659943,0.022346294859560367,-0.01629427322680219,0.025232045818960998,-0.01918002418620282,0.020604915916919708,-0.014552894284161531,0.022236097990757313,-0.016184076357999136,-0.01629427322680219,0.0017402859182744578,1.0
09209,09,0.01350879548811602,0.03613959012933798,-0.022630794641221957,0.026919712489230606,-0.013410917001114585,0.02581926312499762,-0.012310467636881598,0.03463265672326088,-0.02112386123514486,0.02976585185015919,-0.01625705636204317,-0.01625705636204317,0.004099507028390336,1.0
40207,40,0.047543347258678696,0.06378922160814829,-0.016245874349469593,0.06688121267676918,-0.01933786541809048,0.05139452787081231,-0.0038511806121336103,0.06849942356348038,-0.02095607630480168,0.05667205788424866,-0.009128710625569962,-0.016245874349469593,0.0064591890403802536,1.0
23561,23,0.006218202374222725,0.019377544582288655,-0.01315934220806593,0.027547674102908582,-0.021329471728685857,0.027724604360289496,-0.02150640198606677,0.021817360073328018,-0.015599157699105293,0.022439652078675577,-0.016221449704452853,-0.016221449704452853,0.0033101469483350623,1.0
23563,23,0.0,0.010700964467066565,-0.010700964467066565,0.02171677573749789,-0.02171677573749789,0.02983616546811685,-0.02983616546811685,0.015903953462839127,-0.015903953462839127,0.01621766451075346,-0.01621766451075346,-0.01621766451075346,0.006495017229059073,1.0
04444,04,0.0038910505836575876,0.02170735811851176,-0.01781630753485417,0.014995209554613642,-0.011104158970956055,0.021418771890448746,-0.017527721306791158,0.020094506442546844,-0.016203455858889257,0.01810843955498541,-0.014217388971327821,-0.016203455858889257,0.0024843779858054844,1.0
17204,17,0.000968804495252858,0.020720383212142344,-0.019751578716889484,0.011705930667282392,-0.010737126172029534,0.0481213255141623,-0.047152521018909446,0.01716923713684082,-0.016200432641587964,0.016275059267183242,-0.015306254771930384,-0.016200432641587964,0.012983474381838502,1.0
06202,06,0.01004926591338023,0.0284927936686376,-0.01844352775525737,0.014386842440661072,-0.0043375765272808415,0.02620888954657645,-0.01615962363319622,0.026697859168052673,-0.016648593254672443,0.026130192520153216,-0.016080926606772985,-0.01615962363319622,0.005070674447427948,1.0
40206,40,0.035358160358160355,0.07304510013359601,-0.037686939775435656,0.05976019268744944,-0.024402032329289086,0.04983602354695687,-0.014477863188796514,0.051497314125299454,-0.0161391537671391,0.04445347859206194,-0.009095318233901584,-0.0161391537671391,0.009958604306522375,1.0
34207,34,0.026009697581210234,0.05258843242309063,-0.026578734841880395,0.0335312557650537,-0.007521558183843462,0.06000843720749034,-0.03399873962628011,0.03408164903521538,-0.008071951454005143,0.04210638236475145,-0.016096684783541215,-0.016096684783541215,0.010397234212209354,1.0
43369,43,0.004879301489470981,0.02402220800844221,-0.01914290651897123,0.02009383171364968,-0.0152145302241787,0.0195690802952464,-0.01468977880577542,0.02094625122845173,-0.01606694973898075,0.022281145413478157,-0.017401843924007177,-0.01606694973898075,0.0016071771475139156,1.0
26205,26,0.022101810922572365,0.027156220200833848,-0.005054409278261483,0.038126383716530196,-0.01602457279395783,0.05251786811603245,-0.030416057193460085,0.038155846297740936,-0.01605403537516857,0.031182159776740923,-0.009080348854168557,-0.01602457279395783,0.008639925921924448,1.0
39204,39,0.022545909047206998,0.041740767971821496,-0.019194858924614498,0.030230727376859605,-0.007684818329652607,0.0553796227573444,-0.0328337137101374,0.0314977765083313,-0.0089518674611243,0.0385376282399635,-0.0159917191927565,-0.0159917191927565,0.00903395859835347,1.0
05361,05,0.022663682148852827,0.03460664885175199,-0.011942966702899165,0.04117368454839195,-0.018510002399539125,0.03681478713388932,-0.014151104985036491,0.03863737732172012,-0.015973695172867296,0.04001273929504707,-0.017349057146194242,-0.015973695172867296,0.002329767429325733,1.0
12347,12,0.01552895503073439,0.030606036861731908,-0.015077081830997518,0.03147244398417573,-0.01594348895344134,0.04436007520392019,-0.0288311201731858,0.029146146029233932,-0.013617190998499543,0.03248069210561189,-0.0169517370748775,-0.01594348895344134,0.005483764005557983,1.0
03302,03,0.0014655593551538837,0.018358903240675697,-0.016893343885521814,0.015106206931490451,-0.013640647576336568,0.0059422321608271905,-0.004476672805673307,0.017340626567602158,-0.015875067212448274,0.01727330768557786,-0.015807748330423976,-0.015807748330423976,0.00455612883441611,1.0
01608,01,0.0,0.01756396772304825,-0.01756396772304825,0.013717148767558186,-0.013717148767558186,0.004034059649926133,-0.004034059649926133,0.017052307724952698,-0.017052307724952698,0.01567018527421441,-0.01567018527421441,-0.01567018527421441,0.004968657577833376,1.0
01694,01,0.0009037505648441031,0.016655472929225208,-0.015751722364381104,0.01655310402894423,-0.015649353464100128,0.015826426634585986,-0.014922676069741882,0.014794274233281612,-0.013890523668437509,0.018792308715587826,-0.017888558150743722,-0.015649353464100128,0.001314679879635588,1.0
01219,01,0.0005474652359575167,0.018868941676378054,-0.018321476440420537,0.013476173883734354,-0.012928708647776838,0.02717103650499044,-0.026623571269032923,0.016196291893720627,-0.01564882665776311,0.009693833513001585,-0.009146368277044068,-0.01564882665776311,0.005888179349378587,1.0
32528,32,0.0011589403973509935,0.01674538789078547,-0.015586447493434477,0.01743495118286098,-0.016276010785509987,0.03825032844008798,-0.037091388042736984,0.013303729705512524,-0.01214478930816153,0.0166655125931532,-0.015506572195802207,-0.015586447493434477,0.009000593228099584,1.0
18205,18,0.01013255161865919,0.02505520223798935,-0.01492265061933016,0.030433027220246267,-0.020300475601587077,0.03278229940336571,-0.02264974778470652,0.022779634222388268,-0.012647082603729078,0.025666884324001993,-0.015534332705342803,-0.015534332705342803,0.0036878702515789966,1.0
46525,46,0.0008854781582054309,0.016409266931346325,-0.015523788773140893,0.010333581167508592,-0.00944810300930316,0.03714074228906481,-0.03625526413085938,0.007756580598652363,-0.006871102440446932,0.019243148511320293,-0.018357670353114863,-0.015523788773140893,0.010334306298666718,1.0
42210,42,0.0015389350569405972,0.01698129885326276,-0.015442363796322165,0.020247580847317714,-0.018708645790377117,0.02233603745539748,-0.020797102398456883,0.011356738395988941,-0.009817803339048345,0.013417728618151596,-0.011878793561211,-0.015442363796322165,0.00408930835099865,1.0
46492,46,0.0005006675567423231,0.019434947180713723,-0.0189342796239714,0.011016371392781504,-0.01051570383603918,0.02264379492715509,-0.02214312737041277,0.012106673792004585,-0.011606006235262261,0.01592265091804497,-0.015421983361302646,-0.015421983361302646,0.004374620597205621,1.0
18209,18,0.017753744556634924,0.037308577433154716,-0.019554832876519792,0.029570926548859105,-0.01181718199222418,0.03311925817142651,-0.015365513614791586,0.028229009360074997,-0.010475264803440073,0.033495303366300765,-0.01574155880966584,-0.015365513614791586,0.0031998948796647616,1.0
01202,01,0.02057354882179744,0.05248443573756932,-0.03191088691577188,0.02407583725000675,-0.003502288428209311,0.06321807658019206,-0.04264452775839462,0.03587637469172478,-0.015302825869927338,0.02395990942558062,-0.003386360603783181,-0.015302825869927338,0.015638275256157394,1.0
04424,04,0.0025334781035106766,0.022021143351146827,-0.01948766524763615,0.014249390428055715,-0.011715912324545039,0.03133390426274513,-0.02880042615923445,0.010820197872817516,-0.00828671976930684,0.017788693099670655,-0.015255214996159979,-0.015255214996159979,0.007097926269030694,1.0
43506,43,0.004801097393689987,0.028827387358765715,-0.024026289965075727,0.030291733556534167,-0.02549063616284418,0.005739291478407127,-0.0009381940847171403,0.017153941094875336,-0.012352843701185348,0.020037547801317196,-0.015236450407627208,-0.015236450407627208,0.008882245175487745,1.0
01403,01,0.0026954177897574125,0.013399658986984206,-0.010704241197226794,0.015507966697427633,-0.01281254890767022,0.07772331405869266,-0.07502789626893525,0.01788332499563694,-0.015187907205879527,0.02689141451624214,-0.02419599672648473,-0.015187907205879527,0.0241627274361712,1.0
07367,07,0.0,0.015374565583926612,-0.015374565583926612,0.010493865641575843,-0.010493865641575843,0.009263342214701584,-0.009263342214701584,0.016049068421125412,-0.016049068421125412,0.015128463296328103,-0.015128463296328103,-0.015128463296328103,0.0028059294638540164,1.0
01463,01,0.0050062578222778474,0.00820886775761467,-0.003202609935336823,0.013811145111220793,-0.008804887288942947,0.04652811145815429,-0.04152185363587644,0.022977009415626526,-0.01797075159334868,0.02012885481731464,-0.015122596995036795,-0.015122596995036795,0.013136129724402968,1.0
18210,18,0.029528330647619876,0.048819332774556225,-0.01929100212693635,0.032645936968215265,-0.003117606320595389,0.052732486947700635,-0.02320415630008076,0.04164959117770195,-0.012121260530082074,0.044620801631982746,-0.01509247098436287,-0.01509247098436287,0.006844896310693451,1.0
07212,07,0.015799147471745337,0.0304347142762982,-0.014635566804552864,0.03088675799626837,-0.015087610524523034,0.03374178877781449,-0.01794264130606915,0.02151084691286087,-0.005711699441115534,0.0355785539557091,-0.019779406483963764,-0.015087610524523034,0.004842220424762237,1.0
01337,01,0.0272608125819135,0.044159916074609805,-0.016899103492696306,0.0423342473968123,-0.015073434814898798,0.05022167803942672,-0.02296086545751322,0.04184659942984581,-0.014585786847932311,0.029613810859823557,-0.002352998277910058,-0.015073434814898798,0.006710423983739791,1.0
08220,08,0.06276338428546492,0.07443087945436608,-0.011667495168901157,0.08004547910106877,-0.017282094815603846,0.06843981829225207,-0.005676434006787148,0.08923764526844025,-0.026474260982975326,0.07782301096921826,-0.015059626683753338,-0.015059626683753338,0.006850336772195379,1.0
21381,21,0.04462540716612378,0.05968269343618884,-0.015057286270065057,0.04685301981665901,-0.0022276126505352267,0.0697121248354114,-0.025086717669287613,0.057082079350948334,-0.012456672184824553,0.06643899659665244,-0.021813589430528656,-0.015057286270065057,0.007965342405151362,1.0
02208,02,0.002415953482658368,0.019722781751152493,-0.017306828268494126,0.0027720407414315545,-0.00035608725877318663,0.04741564676696257,-0.0449996932843042,0.003680106485262513,-0.0012641530026041453,0.017425796669189288,-0.01500984318653092,-0.01500984318653092,0.016157484036960625,1.0
10210,10,0.0239095459420808,0.04117527322830454,-0.01726572728622374,0.03888080865802013,-0.014971262715939328,0.03358947218203439,-0.00967992623995359,0.034496717154979706,-0.010587171212898906,0.03899488453615391,-0.015085338594073114,-0.014971262715939328,0.0028960162327890952,1.0
20324,20,0.010217113665389528,0.02501999180080686,-0.014802878135417332,0.02532973179555458,-0.015112618130165054,0.028887506927821355,-0.018670393262431827,0.024026285856962204,-0.013809172191572676,0.018667272027321415,-0.008450158361931887,-0.014802878135417332,0.0032981626306940962,1.0
34462,34,0.0042422469280280865,0.025007177377873318,-0.02076493044984523,0.021833764226629554,-0.017591517298601467,0.01004272706547489,-0.005800480137446804,0.01904202438890934,-0.014799777460881253,0.01831019762628628,-0.014067950698258194,-0.014799777460881253,0.004994195809536862,1.0
05202,05,0.012784156942959417,0.027010818177739936,-0.01422666123478052,0.030180614179553377,-0.01739645723659396,0.05327041749490417,-0.04048626055194475,0.027555638924241066,-0.01477148198128165,0.026763316085125305,-0.013979159142165888,-0.01477148198128165,0.010229728688463792,1.0
05434,05,0.008420303605313094,0.023101085025569647,-0.014680781420256554,0.018749683373803016,-0.010329379768489922,0.03702368761302899,-0.028603384007715893,0.020146450027823448,-0.011726146422510355,0.02617421615511542,-0.017753912549802325,-0.014680781420256554,0.006514131042597518,1.0
02425,02,0.0,0.01084617797642539,-0.01084617797642539,0.013499498145259355,-0.013499498145259355,0.015350299901167458,-0.015350299901167458,0.016704220324754715,-0.016704220324754715,0.01453598711087132,-0.01453598711087132,-0.01453598711087132,0.0019720652697274976,1.0
04421,04,0.005474836807749,0.03321129460039948,-0.027736457792650483,0.013471102792733745,-0.007996265984984745,0.040716361744140867,-0.03524152493639186,0.0196188036352396,-0.014143966827490601,0.019992660065495577,-0.014517823257746577,-0.014517823257746577,0.01000567223795641,1.0
43531,43,0.000718132854578097,0.030493851962298618,-0.029775719107720523,0.013691344060942225,-0.012973211206364127,0.044634920124551385,-0.043916787269973286,0.013539695180952549,-0.012821562326374452,0.0152234254098714,-0.014505292555293302,-0.014505292555293302,0.012324905830357486,1.0
26344,26,0.017210944395410415,0.03624409843087752,-0.0190331540354671,0.03169181640905265,-0.014480872013642235,0.047654755690367985,-0.03044381129495757,0.02661304734647274,-0.009402102951062325,0.025348775211708342,-0.008137830816297927,-0.014480872013642235,0.008062614266442858,1.0
38442,38,0.0012944983818770227,0.015769458956581373,-0.01447496057470435,0.0130590543425607,-0.011764555960683678,0.027735504041056534,-0.026441005659179513,0.01677817665040493,-0.015483678268527907,0.009991964939906492,-0.008697466558029469,-0.01447496057470435,0.006015032612681899,1.0
08210,08,0.020663377460798202,0.03602809894882532,-0.015364721488027117,0.032137674658441105,-0.011474297197642903,0.0443013909015671,-0.0236380134407689,0.035088714212179184,-0.014425336751380982,0.03147980706594533,-0.01081642960514713,-0.014425336751380982,0.0045805685905455275,1.0
01208,01,0.00448217457760152,0.024048716448121638,-0.019566541870520118,0.008456869293512723,-0.0039746947159112036,0.05112035605078643,-0.04663818147318491,0.016703909263014793,-0.012221734685413273,0.018901833005736418,-0.014419658428134897,-0.014419658428134897,0.014534174779739244,1.0
10443,10,0.00357355568790947,0.01748219387724908,-0.01390863818933961,0.01798155025704854,-0.014407994569139071,0.02607288706558626,-0.02249933137767679,0.023528557270765305,-0.019955001582855833,0.017139100036742516,-0.013565544348833046,-0.014407994569139071,0.0036594297860738155,1.0
20450,20,0.008252063015753939,0.027175359555813065,-0.01892329654005913,0.01928391348181307,-0.01103185046605913,0.03470197916950965,-0.026449916153755713,0.022650331258773804,-0.014398268243019865,0.017687163904773776,-0.009435100889019837,-0.014398268243019865,0.006133204627930566,1.0
33203,33,0.008666666666666666,0.026895245386242096,-0.01822857871957543,0.022736453390329585,-0.014069786723662919,0.02615598049033515,-0.017489313823668483,0.022998889908194542,-0.014332223241527876,0.022158054996586213,-0.013491388329919547,-0.014332223241527876,0.0019413277725536197,1.0
10203,10,0.02398561680219017,0.03543529508372942,-0.011449678281539248,0.03821317917521549,-0.014227562373025318,0.04815017036007333,-0.02416455355788316,0.03409085050225258,-0.010105233700062409,0.041108487805999544,-0.017122871003809374,-0.014227562373025318,0.004995976545831906,1.0
02205,02,0.008843169103049992,0.022992938342608953,-0.01414976923955896,0.019203586009525646,-0.010360416906475654,0.03183440322622264,-0.022991234123172652,0.011056977324187756,-0.0022138082211377638,0.024575876216190125,-0.015732707113140135,-0.01414976923955896,0.006810045807651123,1.0
04445,04,0.004371903235208394,0.02281735390630269,-0.018445450671094297,0.017610845087449815,-0.01323894185224142,0.015177856019388251,-0.010805952784179857,0.018454479053616524,-0.01408257581840813,0.018870131551156646,-0.014498228315948252,-0.01408257581840813,0.002472600120744345,1.0
01428,01,0.012801575578532743,0.026852834315105458,-0.014051258736572715,0.035445237486386734,-0.02264366190785399,0.03442107103893203,-0.021619495460399284,0.023951293900609016,-0.011149718322076273,0.016539395482806724,-0.00373781990427398,-0.014051258736572715,0.006987963556848901,1.0
01362,01,0.0011229646266142617,0.01711288361488052,-0.01598991898826626,0.008301866032999183,-0.007178901406384921,0.009888503525018438,-0.008765538898404177,0.015149121172726154,-0.014026156546111893,0.024827960500010585,-0.023704995873396324,-0.014026156546111893,0.005866037831662147,1.0
01643,01,0.011052457934675025,0.024705905467456914,-0.013653447532781889,0.024940817434072823,-0.013888359499397799,0.04941839357189819,-0.03836593563722317,0.027283471077680588,-0.01623101314300556,0.02117801396376453,-0.010125556029089504,-0.013888359499397799,0.010145740003214226,1.0
02405,02,0.0037974683544303796,0.01765494563040875,-0.013857477275978372,0.01304296352907901,-0.00924549517464863,0.027354435093544044,-0.023556966739113665,0.014772314578294754,-0.010974846223864375,0.022835274767844763,-0.019037806413414383,-0.013857477275978372,0.005283703144651151,1.0
01370,01,0.0014970059880239522,0.01375676736881162,-0.012259761380787668,0.02893374961282815,-0.027436743624804198,0.03642846606703398,-0.03493146007901003,0.01442860346287489,-0.012931597474850938,0.015303820978599537,-0.013806814990575586,-0.013806814990575586,0.009231569823287161,1.0
08447,08,0.02851605758582503,0.042339930287999414,-0.013823872702174386,0.03650764940016325,-0.007991591814338225,0.0608879262002419,-0.03237186861441688,0.03699902072548866,-0.008482963139663634,0.042254906941524555,-0.013738849355699526,-0.013738849355699526,0.008898853993425064,1.0
45201,45,0.009005366666851278,0.04144752144034093,-0.032442154773489655,0.0142151435047809,-0.0052097768379296226,0.029394427822569274,-0.020389061155717994,0.022740067914128304,-0.013734701247277025,0.010730157252233467,-0.0017247905853821893,-0.013734701247277025,0.011013643080235403,1.0
32203,32,0.01454097492458956,0.037658165623874494,-0.023117190699284935,0.028250318918063573,-0.013709343993474014,0.02193448367665079,-0.007393508752061229,0.02627423405647278,-0.011733259131883219,0.03327821621526515,-0.018737241290675593,-0.013709343993474014,0.00547782260803068,1.0
43513,43,0.004419889502762431,0.01737916072934332,-0.012959271226580887,0.027003239079283387,-0.022583349576520955,0.011725140537827361,-0.00730525103506493,0.018125386908650398,-0.013705497405887966,0.020856756879143082,-0.01643686737638065,-0.013705497405887966,0.004976211840644499,1.0
01363,01,0.0021008403361344537,0.015740727988495063,-0.01363988765236061,0.01603563152673738,-0.013934791190602928,0.00632990513373119,-0.004229064797596736,0.01313488557934761,-0.011034045243213157,0.01604093374806878,-0.013940093411934328,-0.01363988765236061,0.0037266796192502822,1.0
43208,43,0.0012617412028599468,0.01793416250892097,-0.016672421306061024,0.010283426908169427,-0.00902168570530948,0.0016496780610610884,-0.00038793685820114163,0.014840971678495407,-0.013579230475635461,0.01500537562366059,-0.013743634420800644,-0.013579230475635461,0.005698720409356029,1.0
43501,43,0.0031256511773286103,0.014655595918611665,-0.011529944741283054,0.017633152066220507,-0.014507500888891897,0.01668583242108427,-0.013560181243755659,0.018473273143172264,-0.015347621965843654,0.014789752634422206,-0.011664101457093595,-0.013560181243755659,0.0015182474472491094,1.0
17463,17,0.009508963367108339,0.022972404311016395,-0.013463440943908056,0.019078952667694393,-0.009569989300586054,0.035990473537831455,-0.026481510170723116,0.022617487236857414,-0.013108523869749075,0.02438806877239394,-0.0148791054052856,-0.013463440943908056,0.0057621321083858035,1.0
01562,01,0.0020876826722338203,0.00632019438662939,-0.00423251171439557,0.00945461441492798,-0.007366931742694159,0.024840598725883484,-0.022752916053649663,0.015447631478309631,-0.01335994880607581,0.019298742797455748,-0.017211060125221927,-0.01335994880607581,0.006657042833290308,1.0
18204,18,0.011419249592169658,0.028072783465392652,-0.016653533873222992,0.01819400440137402,-0.006774754809204362,0.03266611329860966,-0.02124686370644,0.024758929386734962,-0.013339679794565304,0.021529650173093627,-0.010110400580923969,-0.013339679794565304,0.005032385113247756,1.0
39209,39,0.0046696240952603316,0.019236057264847985,-0.014566433169587653,0.017992817986456477,-0.013323193891196145,0.025813247198864686,-0.021143623103604355,0.01798650436103344,-0.013316880265773108,0.014239949384006967,-0.009570325288746635,-0.013323193891196145,0.003772566889427511,1.0
18423,18,0.006522175396347582,0.023002710946320733,-0.01648053554997315,0.014310402176103966,-0.007788226779756384,0.033141131676592314,-0.026618956280244733,0.01596200466156006,-0.009439829265212477,0.019827294857181155,-0.013305119460833573,-0.013305119460833573,0.006672570755809658,1.0
41209,41,0.005965817478232828,0.02464675164977816,-0.01868093417154533,0.01535092829628584,-0.009385110818053011,0.04116638930386687,-0.03520057182563404,0.013813846744596958,-0.00784802926636413,0.019253486085082497,-0.013287668606849668,-0.013287668606849668,0.009894861483194529,1.0
04422,04,0.013658820110433014,0.026939471628151752,-0.013280651517718739,0.02061813284169091,-0.006959312731257895,0.038240367378651385,-0.024581547268218373,0.01952044665813446,-0.005861626547701447,0.031154549452043725,-0.017495729341610713,-0.013280651517718739,0.006926006401079728,1.0
33681,33,0.004555808656036446,0.01950169229448203,-0.014945883638445585,0.025404202532389977,-0.02084839387635353,0.012251257075766915,-0.007695448419730469,0.01783621683716774,-0.013280408181131294,0.015243256939477375,-0.01068744828344093,-0.013280408181131294,0.004421325570021382,1.0
02206,02,0.0017508128774073677,0.015005254547850597,-0.01325444167044323,0.019671118000966922,-0.017920305123559556,0.023443620152800923,-0.021692807275393557,0.012874809093773365,-0.011123996216365997,0.00869913394400345,-0.0069483210665960814,-0.01325444167044323,0.005156061193826539,1.0
46213,46,0.0004571080298643913,0.015474714201372931,-0.01501760617150854,0.014311821814842649,-0.013854713784978257,0.013695171414946555,-0.013238063385082164,0.0050208489410579205,-0.004563740911193529,0.0037279456186371657,-0.0032708375887727744,-0.013238063385082164,0.005007078556200186,1.0
43424,43,0.0003536067892503536,0.019468041060459983,-0.01911443427120963,0.013572671891208478,-0.013219065101958125,0.02674330447269982,-0.026389697683449467,0.012607426382601261,-0.012253819593350907,0.01099445174404412,-0.010640844954793767,-0.013219065101958125,0.005789819218137919,1.0
01398,01,0.001184834123222749,0.00804113098013135,-0.006856296856908601,0.014388907814757889,-0.01320407369153514,0.019579740228136036,-0.01839490610491329,0.015116600319743156,-0.013931766196520408,0.014007097810554495,-0.012822263687331746,-0.01320407369153514,0.0036819224016634003,1.0
43205,43,0.011312443688056863,0.024415699078505205,-0.013103255390448341,0.020086277249297166,-0.008773833561240302,0.03966554233601728,-0.028353098647960418,0.017751310020685196,-0.0064388663326283326,0.02516290751383623,-0.013850463825779365,-0.013103255390448341,0.007632398456599812,1.0
34368,34,0.0021114864864864866,0.01521192554005903,-0.013100439053572544,0.012368462737411844,-0.010256976250925358,0.020901373533980326,-0.01878988704749384,0.015576710924506187,-0.013465224438019702,0.012299540224194216,-0.01018805373770773,-0.013100439053572544,0.0031321669507765573,1.0
16202,16,0.03317649607104608,0.04811222866419921,-0.014935732593153131,0.03614802469781961,-0.00297152862677353,0.06361764746740048,-0.0304411513963544,0.04624004662036896,-0.013063550549322879,0.041219868212820795,-0.008043372141774717,-0.013063550549322879,0.009264051561205739,1.0
01646,01,0.0014316392269148174,0.014484317258696196,-0.01305267803178138,0.018590305901806263,-0.017158666674891444,0.024877027992389278,-0.02344538876547446,0.012514915317296982,-0.011083276090382165,0.008235511694443073,-0.006803872467528256,-0.01305267803178138,0.005655170704576082,1.0
01559,01,0.002119285498032092,0.019119547411898252,-0.01700026191386616,0.02200690008088723,-0.019887614582855137,0.015083446936521888,-0.012964161438489797,0.0109028285369277,-0.008783543038895609,0.015148151798862461,-0.01302886630083037,-0.01302886630083037,0.0038036557545620265,1.0
43428,43,0.004355400696864111,0.018348160781684983,-0.013992760084820872,0.021585331140659834,-0.017229930443795723,0.013218262394309635,-0.008862861697445525,0.014867217279970646,-0.010511816583106535,0.017289122484636307,-0.012933721787772197,-0.012933721787772197,0.002889903390442919,1.0
39202,39,0.0018008747105737071,0.01471790433635999,-0.012917029625786284,0.00641318726276295,-0.004612312552189243,0.0158917704081755,-0.014090895697601793,0.014924184419214725,-0.013123309708641019,0.01338926625524322,-0.011588391544669513,-0.012917029625786284,0.003421433211113435,1.0
42411,42,0.002592440987856461,0.020487685903171425,-0.017895244915314964,0.015493225896840315,-0.012900784908983854,0.04869242278662716,-0.0460999817987707,0.010932683013379574,-0.008340242025523113,0.010616984170976382,-0.00802454318311992,-0.012900784908983854,0.014186726535031445,1.0
46490,46,0.0,0.016875393571495707,-0.016875393571495707,0.01637976562449855,-0.01637976562449855,0.006486724105982028,-0.006486724105982028,0.01251314952969551,-0.01251314952969551,0.012889588000355376,-0.012889588000355376,-0.012889588000355376,0.003717775814521848,1.0
10525,10,0.032093246048219705,0.04497193740904992,-0.012878691360830218,0.03432112784965611,-0.0022278818014364044,0.07025989231611751,-0.03816664626789781,0.042639560997486115,-0.01054631494926641,0.04505936190312167,-0.012966115854901962,-0.012878691360830218,0.012063620839677726,1.0
35213,35,0.012114219786558985,0.021025220449746584,-0.008911000663187599,0.03145484329260914,-0.019340623506050154,0.03445365862315934,-0.022339438836600355,0.024959243834018707,-0.012845024047459722,0.020005781762724967,-0.007891561976165981,-0.012845024047459722,0.0056966809274476855,1.0
38506,38,0.005513527375304526,0.018762150048471704,-0.013248622673167178,0.013665533221184552,-0.008152005845880026,0.04118013137039444,-0.03566660399508991,0.018319880589842796,-0.01280635321453827,0.01619425655525169,-0.010680729179947163,-0.01280635321453827,0.009943530268281672,1.0
38202,38,0.008667945213753945,0.03165004070513464,-0.022982095491380698,0.021402840107009803,-0.012734894893255858,0.010981646532949446,-0.0023137013191955012,0.023387545719742775,-0.01471960050598883,0.014481590223138996,-0.005813645009385051,-0.012734894893255858,0.007214230849365683,1.0
04606,04,0.011028712683019585,0.023737633406783372,-0.012708920723763787,0.02793285047010743,-0.016904137787087846,0.021362224999126878,-0.010333512316107293,0.01806456968188286,-0.007035856998863273,0.025565990828569175,-0.01453727814554959,-0.012708920723763787,0.003404376950445542,1.0
06203,06,0.005621937591334995,0.022141199763639756,-0.01651926217230476,0.018311549767386696,-0.0126896121760517,0.009418380704537585,-0.0037964431132025897,0.02080523781478405,-0.015183300223449055,0.01809342729852098,-0.012471489707185986,-0.0126896121760517,0.004437706516502686,1.0
36321,36,0.00273224043715847,0.015159705328773688,-0.012427464891615218,0.015400985087451245,-0.012668744650292775,0.009231183235907284,-0.006498942798748814,0.01575530879199505,-0.013023068354836579,0.018117243639247736,-0.015385003202089267,-0.012668744650292775,0.002946064813625655,1.0
13307,13,0.013002364066193853,0.01833419905230255,-0.005331834986108697,0.03157450005992795,-0.0185721359937341,0.03435939288824863,-0.02135702882205478,0.01744863949716091,-0.0044462754309670584,0.025638810680483744,-0.01263644661428989,-0.01263644661428989,0.006805535941976505,1.0
24209,24,0.010452961672473868,0.022996610321891105,-0.012543648649417236,0.024312480424611142,-0.013859518752137274,0.04568164676226797,-0.0352286850897941,0.011269778944551945,-0.0008168172720780763,0.015021651546694326,-0.004568689874220457,-0.012543648649417236,0.011947924118433085,1.0
21211,21,0.03222061978965141,0.05825497516651001,-0.026034355376858595,0.060302461792786845,-0.028081842003135432,0.044751041951775435,-0.012530422162124022,0.04110021889209747,-0.00887959910244606,0.043759437756724535,-0.011538817967073123,-0.012530422162124022,0.007991451307477766,1.0
01634,01,0.002139495079161318,0.012382315422599533,-0.010242820343438215,0.01833360455302593,-0.016194109473864612,0.031143695504297457,-0.02900420042513614,0.013546738773584366,-0.011407243694423048,0.0146563185038057,-0.012516823424644382,-0.012516823424644382,0.006862031178046906,1.0
46531,46,0.00043122035360068997,0.018463519331074745,-0.018032298977474055,0.024319211768410672,-0.023887991414809982,0.008239673662202393,-0.007808453308601703,0.012947866693139076,-0.012516646339538386,0.011411723589552246,-0.010980503235951556,-0.012516646339538386,0.005685129391647127,1.0
01544,01,0.0,0.015501319564489741,-0.015501319564489741,0.011242889491770153,-0.011242889491770153,0.016177965674520192,-0.016177965674520192,0.01055871695280075,-0.01055871695280075,0.012496557457033798,-0.012496557457033798,-0.012496557457033798,0.002256800331281992,1.0
46220,46,0.0010670840150814541,0.02013682643214237,-0.019069742417060918,0.01133313809121124,-0.010266054076129785,0.0353452844442724,-0.03427820042919095,0.013486404903233051,-0.012419320888151597,0.013211153084370791,-0.012144069069289337,-0.012419320888151597,0.008839791856176555,1.0
28226,28,0.006254930688605883,0.020991612517207683,-0.0147366818286018,0.018632173927083412,-0.012377243238477529,0.026401578297741878,-0.020146647609135995,0.018350880593061447,-0.012095949904455564,0.017946373243023832,-0.011691442554417949,-0.012377243238477529,0.0031525391199976878,1.0
01482,01,0.0007686395080707148,0.011939343134410394,-0.011170703626339679,0.01522711620975052,-0.014458476701679804,0.021738071968421223,-0.020969432460350507,0.012954085133969784,-0.012185445625899068,0.013134681958933678,-0.012366042450862962,-0.012366042450862962,0.0035351375114508125,1.0
33100,33,0.04207115921416811,0.05435232883508642,-0.012281169620918311,0.06728757668882883,-0.02521641747466072,0.05768891030339017,-0.01561775108922206,0.04515288025140762,-0.0030817210372395126,0.04529462491837455,-0.003223465704206438,-0.012281169620918311,0.008298638030357132,1.0
02411,02,0.0016534391534391533,0.02331509849930319,-0.021661659345864035,0.013852843005188522,-0.012199403851749368,0.03746621946385541,-0.03581278031041625,0.0064983610063791275,-0.004844921852939974,0.013160663049387879,-0.011507223895948725,-0.012199403851749368,0.010736884813974454,1.0
29449,29,0.002390438247011952,0.01457539145405858,-0.012184953207046628,0.015251203688394405,-0.012860765441382453,0.037745144554202234,-0.03535470630719028,0.010782510042190552,-0.0083920717951786,0.00710235794058095,-0.0047119196935689975,-0.012184953207046628,0.010731978748698155,1.0
26212,26,0.010712063294515068,0.022412934546378282,-0.011700871251863214,0.01897343606986808,-0.008261372775353012,0.022847737204564525,-0.012135673910049457,0.024914951995015144,-0.014202888700500077,0.026785410321609276,-0.01607334702709421,-0.012135673910049457,0.0026230811061709923,1.0
32448,32,0.0,0.014573135542369891,-0.014573135542369891,0.0012710237662917573,-0.0012710237662917573,0.012571497323323425,-0.012571497323323425,0.010427669622004032,-0.010427669622004032,0.01207266981487929,-0.01207266981487929,-0.01207266981487929,0.004648273764933601,1.0
32441,32,0.0,0.013730235772788644,-0.013730235772788644,0.012062780485523915,-0.012062780485523915,0.026333692001487094,-0.026333692001487094,0.006715064402669668,-0.006715064402669668,0.009329532331462588,-0.009329532331462588,-0.012062780485523915,0.006784692776952496,1.0
09342,09,0.01763175643125542,0.029737585563139293,-0.012105829131883874,0.029684970121657484,-0.012053213690402065,0.04150544902761911,-0.02387369259636369,0.026082146912813187,-0.008450390481557768,0.029301821146106244,-0.011670064714850825,-0.012053213690402065,0.0052992884231687345,1.0
07541,07,0.015671641791044775,0.027634742049291058,-0.011963100258246283,0.0396826614340512,-0.024011019643006424,0.021887949795255567,-0.006216308004210792,0.0372893325984478,-0.021617690807403025,0.026270585895276005,-0.01059894410423123,-0.011963100258246283,0.006792161509335548,1.0
02450,02,0.00129366106080207,0.01202449609728365,-0.010730835036481581,0.017248816925070125,-0.015955155864268055,0.004689465067221593,-0.0033958040064195234,0.013233819976449013,-0.011940158915646943,0.017044921589789964,-0.015751260528987895,-0.011940158915646943,0.004568808333873063,1.0
32209,32,0.007430758838099527,0.020154391523761032,-0.012723632685661505,0.018757522681549132,-0.011326763843449605,0.020792586593730872,-0.013361827755631345,0.018797319382429123,-0.011366560544329597,0.019368337372815694,-0.011937578534716168,-0.011937578534716168,0.0007917035697513231,1.0
43215,43,0.000959600806064677,0.015148669244942283,-0.014189068438877607,0.012871130104318538,-0.011911529298253861,0.00935625890517694,-0.008396658099112263,0.012059579603374004,-0.011099978797309328,0.015105822584061623,-0.014146221777996947,-0.011911529298253861,0.0021534652870634774,1.0
22325,22,0.07667894587701898,0.08056317947016052,-0.0038842335931415367,0.0908938595180091,-0.014214913640990118,0.08414729480551429,-0.007468348928495308,0.09232860803604126,-0.015649662159022276,0.08859002998130419,-0.011911084104285208,-0.011911084104285208,0.004363280823457745,1.0
45383,45,0.0003368137420006736,0.01741097730833361,-0.017074163566332935,0.012194081407281513,-0.011857267665280839,0.0055641805079574835,-0.00522736676595681,0.012014524079859257,-0.011677710337858582,0.01388934778955328,-0.013552534047552606,-0.011857267665280839,0.0038490426885997523,1.0
28228,28,0.01616220981486923,0.034894318750499684,-0.018732108935630452,0.028233917121899873,-0.012071707307030641,0.017762035925405407,-0.001599826110536176,0.027995213866233826,-0.011833004051364594,0.01654976691991944,-0.0003875571050502083,-0.011833004051364594,0.00694382810390245,1.0
01638,01,0.001095890410958904,0.01337923876075822,-0.012283348349799316,0.01209052012554874,-0.010994629714589836,0.033086405667540224,-0.03199051525658132,0.012927339412271976,-0.011831449001313072,0.01276226233349416,-0.011666371922535255,-0.011831449001313072,0.008129164323445598,1.0
05349,05,0.017894736842105262,0.024737656996012575,-0.006842920153907313,0.030858790338319467,-0.012964053496214205,0.03435671210055277,-0.01646197525844751,0.029704101383686066,-0.011809364541580804,0.023041568068323817,-0.005146831226218555,-0.011809364541580804,0.004129325031485116,1.0
34205,34,0.018571762896593225,0.031244899820226484,-0.012673136923633258,0.03038023360937635,-0.011808470712783126,0.03188083592982267,-0.013309073033229448,0.026108674705028534,-0.007536911808435309,0.022707368957739386,-0.004135606061146161,-0.011808470712783126,0.0035147256000594316,1.0
01483,01,0.0015885623510722795,0.013376397853991607,-0.011787835502919328,0.02504336737965989,-0.02345480502858761,0.012107382509686918,-0.010518820158614639,0.008954853750765324,-0.007366291399693044,0.016402406245205198,-0.014813843894132919,-0.011787835502919328,0.005481362043105003,1.0
46523,46,0.0,0.011753182308214425,-0.011753182308214425,0.014967859388031884,-0.014967859388031884,0.019660301193013346,-0.019660301193013346,0.007504407316446304,-0.007504407316446304,0.007542990760967726,-0.007542990760967726,-0.011753182308214425,0.004630687799259615,1.0
09215,09,0.02574345317354638,0.03935848057416154,-0.013615027400615157,0.033791068261151046,-0.008047615087604664,0.03738280113064861,-0.011639347957102229,0.036720626056194305,-0.010977172882647924,0.041868560757745914,-0.016125107584199532,-0.011639347957102229,0.0026977668837629525,1.0
37208,37,0.021171139276357713,0.03275806893359621,-0.011586929657238496,0.041161246340355506,-0.019990107063997793,0.025072224286731663,-0.0039010850103739503,0.033810924738645554,-0.01263978546228784,0.02599487755874138,-0.004823738282383666,-0.011586929657238496,0.005857454156412799,1.0
01223,01,0.0021571937722753703,0.015020423249901068,-0.012863229477625698,0.013722296209061244,-0.011565102436785874,0.027849645720432054,-0.025692451948156683,0.010716014541685581,-0.00855882076941021,0.010377923063172319,-0.008220729290896948,-0.011565102436785874,0.006403424416894464,1.0
29322,29,0.010043041606886656,0.024943873182477233,-0.014900831575590577,0.01572870575934873,-0.0056856641524620725,0.021564029281459285,-0.011520987674572629,0.017677076160907745,-0.007634034554021089,0.022213789318276507,-0.01217074771138985,-0.011520987674572629,0.0033022305662960224,1.0
16208,16,0.021310243941011348,0.03323482427239788,-0.01192458033138653,0.032823913371378806,-0.011513669430367458,0.04164002963051251,-0.020329785689501164,0.030722804367542267,-0.009412560426530919,0.029714914367596205,-0.008404670426584857,-0.011513669430367458,0.004212983731728948,1.0
01392,01,0.002325581395348837,0.01380675377658356,-0.011481172381234722,0.01345518206154123,-0.011129600666192393,0.02584738493303368,-0.023521803537684842,0.011836054734885693,-0.009510473339536855,0.014442319598080261,-0.012116738202731424,-0.011481172381234722,0.005058601433282934,1.0
06209,06,0.014008872285780995,0.026136565592212127,-0.012127693306431132,0.02242022206588499,-0.008411349780103994,0.025805610795728906,-0.011796738509947911,0.025433357805013657,-0.011424485519232662,0.020987514904583233,-0.006978642618802239,-0.011424485519232662,0.0020653193215968316,1.0
43212,43,0.014168006430868168,0.028431538562500778,-0.01426353213163261,0.014639153952174508,-0.00047114752130634,0.03837947990161982,-0.024211473470751654,0.015655791386961937,-0.001487784956093769,0.025514609522892938,-0.01134660309202477,-0.01134660309202477,0.008770174382260604,1.0
06363,06,0.019787644787644786,0.024262408436215358,-0.004474763648570572,0.03091827988344816,-0.011130635095803372,0.04143561264161751,-0.021647967853972726,0.03597673773765564,-0.016189092950010853,0.03108696025685704,-0.011299315469212253,-0.011299315469212253,0.005727317586530031,1.0
45401,45,0.017903364969801553,0.04392734682546945,-0.026023981855667896,0.029166857202836467,-0.011263492233034914,0.04096675604213,-0.023063391072328448,0.026203487068414688,-0.008300122098613135,0.02406917652536513,-0.006165811555563578,-0.011263492233034914,0.008042791538545254,1.0
01481,01,0.0005841121495327102,0.011829112975923288,-0.011245000826390577,0.0036275139079343117,-0.0030434017584016013,0.02173276730649358,-0.02114865515696087,0.006940006744116545,-0.006355894594583834,0.014682057531800005,-0.014097945382267295,-0.011245000826390577,0.0062828166189563646,1.0
11369,11,0.0297029702970297,0.04089259377969341,-0.01118962348266371,0.05334812069421873,-0.02364515039718903,0.032552277575707306,-0.002849307278677604,0.043424490839242935,-0.013721520542213234,0.03767362944588308,-0.007970659148853379,-0.01118962348266371,0.006915530720335158,1.0
36207,36,0.01851366692865252,0.025489424713061978,-0.006975757784409457,0.03790657730813693,-0.01939291037948441,0.03096652244040232,-0.012452855511749798,0.02969891019165516,-0.011185243263002638,0.023346651261492712,-0.004832984332840191,-0.011185243263002638,0.005036020662394156,1.0
38213,38,0.01156008060239686,0.02876661409040555,-0.017206533488008692,0.020324273363758086,-0.008764192761361226,0.021600779722562392,-0.010040699120165532,0.0227053202688694,-0.01114523966647254,0.023357659876612785,-0.011797579274215925,-0.01114523966647254,0.002897245856690877,1.0
07481,07,0.015497683335996165,0.027792688685982597,-0.012295005349986432,0.02723967620763461,-0.011741992871638443,0.017839104909947286,-0.002341421573951121,0.026605015620589256,-0.011107332284593091,0.025423474882672915,-0.00992579154667675,-0.011107332284593091,0.0036564212731344053,1.0
29450,29,0.0,0.009121640946472016,-0.009121640946472016,0.009561687504225268,-0.009561687504225268,0.011084438362105653,-0.011084438362105653,0.012948758900165558,-0.012948758900165558,0.01340337826398559,-0.01340337826398559,-0.011084438362105653,0.0017278400825146243,1.0
43484,43,0.02556976097832129,0.03727163573381112,-0.011701874755489831,0.03651600772530743,-0.01094624674698614,0.0264688631691246,-0.0008991021908033095,0.039317358285188675,-0.013747597306867386,0.035159389912349674,-0.009589628934028385,-0.01094624674698614,0.004447238717826839,1.0
01404,01,0.003003003003003003,0.013894080022374548,-0.010891077019371545,0.014144917782279144,-0.011141914779276141,0.026256464495586752,-0.023253461492583748,0.013215683400630951,-0.010212680397627948,0.011262813543341695,-0.008259810540338692,-0.010891077019371545,0.005347223806791642,1.0
17207,17,0.034341093437269564,0.04405606394573788,-0.00971497050846832,0.04522293698324148,-0.010881843545971916,0.05144390073310569,-0.017102807295836124,0.05187604948878288,-0.01753495605151332,0.04141903867621614,-0.007077945238946573,-0.010881843545971916,0.004154589878712498,1.0
21502,21,0.016012199771254287,0.03527941216312264,-0.019267212391868356,0.03807288216547744,-0.022060682394223152,0.016360184103937712,-0.00034798433268342505,0.02685839682817459,-0.010846197056920304,0.02097448363022529,-0.004962283858971003,-0.010846197056920304,0.008238861524791762,1.0
47355,47,0.0,0.013707794473609898,-0.013707794473609898,0.023445039810515128,-0.023445039810515128,0.0019805451651189604,-0.0019805451651189604,0.010791277512907982,-0.010791277512907982,0.010226026612782595,-0.010226026612782595,-0.010791277512907982,0.006912285062669164,1.0
39411,39,0.003982300884955752,0.014721696767232659,-0.010739395882276907,0.018113442046313294,-0.014131141161357542,0.004554138404474342,-0.00057183751951859,0.014189604669809341,-0.01020730378485359,0.01786554864339998,-0.013883247758444229,-0.010739395882276907,0.004931171011685108,1.0
32449,32,0.0006720430107526882,0.011434687451833925,-0.010762644441081238,0.01133859807244161,-0.010666555061688923,0.011422755281335045,-0.010750712270582358,0.010928409174084663,-0.010256366163331976,0.010384690258048092,-0.009712647247295404,-0.010666555061688923,0.00040353697027608606,1.0
01693,01,0.00043084877208099956,0.010976366997272518,-0.010545518225191518,0.005174037097630575,-0.004743188325549576,0.01286964337278075,-0.012438794600699752,0.01210329495370388,-0.011672446181622881,0.009830881860459696,-0.009400033088378697,-0.010545518225191518,0.002711029522035409,1.0
02443,02,0.00354251012145749,0.014068764017134623,-0.010526253895677132,0.012181863486788203,-0.008639353365330713,0.007835750641648195,-0.004293240520190705,0.020447075366973877,-0.01690456524551639,0.0213552687237109,-0.017812758602253412,-0.010526253895677132,0.005099758188246842,1.0
17202,17,0.02030862380692091,0.023708880739866902,-0.003400256932945992,0.034150793241362054,-0.013842169434441144,0.04259354726525624,-0.022284923458335333,0.030832134187221527,-0.010523510380300617,0.030502177165029662,-0.010193553358108752,-0.010523510380300617,0.006141012018509051,1.0
19429,19,0.008264462809917356,0.018739412702141998,-0.010474949892224642,0.009721924133624762,-0.0014574613237074065,0.03910082484627345,-0.030836362036356098,0.01832537166774273,-0.010060908857825374,0.025375537893757717,-0.01711107508384036,-0.010474949892224642,0.00978160382135274,1.0
11383,11,0.020665159832095575,0.03791974624792771,-0.017254586415832135,0.02992503761855159,-0.009259877786456015,0.031125764974877727,-0.010460605142782152,0.028413578867912292,-0.007748419035816717,0.03936421484679966,-0.018699055014704084,-0.010460605142782152,0.004429428920281492,1.0
09301,09,0.022523692068025444,0.0329244465453416,-0.010400754477316157,0.025894188306886542,-0.003370496238861098,0.0652870459985445,-0.042763353930519055,0.02948913909494877,-0.006965447026923324,0.03383244812146044,-0.011308756053434996,-0.010400754477316157,0.014180086396300414,1.0
11349,11,0.04169914263445051,0.051004143217138094,-0.009305000582687586,0.059276370969971084,-0.017577228335520577,0.04563212725969534,-0.0039329846252448356,0.052029773592948914,-0.010330630958498406,0.05667652779241244,-0.014977385157961931,-0.010330630958498406,0.0047347857510980345,1.0
09204,09,0.03095742009541916,0.03425437892899042,-0.0032969588335712598,0.04696337875936052,-0.016005958663941357,0.05096529586208216,-0.020007875766663002,0.041282616555690765,-0.010325196460271604,0.03676435226840697,-0.005806932172987809,-0.010325196460271604,0.006211640177862101,1.0
08227,08,0.03409214445676516,0.044824723105885894,-0.010732578649120736,0.047947696149787916,-0.013855551693022758,0.04437486036043934,-0.010282715903674182,0.043790340423583984,-0.009698195966818826,0.04318024018956687,-0.009088095732801713,-0.010282715903674182,0.0016570818986093951,1.0
06322,06,0.013642564802182811,0.022028392764186087,-0.008385827962003276,0.02018781707232767,-0.0065452522701448575,0.04156029611001959,-0.027917731307836778,0.023905688896775246,-0.010263124094592435,0.029273496394007635,-0.015630931591824826,-0.010263124094592435,0.007708482846483889,1.0
01406,01,0.0026109660574412533,0.012851780299176116,-0.010240814241734862,0.00837623049916659,-0.005765264441725337,0.021281955568217097,-0.018670989510775844,0.006400687620043755,-0.0037897215626025013,0.013251627549071651,-0.010640661491630399,-0.010240814241734862,0.005138009587488395,1.0
10208,10,0.032978783274241655,0.045710269499163014,-0.01273148622492136,0.04108194692392802,-0.008103163649686364,0.05285795837016667,-0.019879175095925017,0.04320347309112549,-0.010224689816883833,0.03929698796847411,-0.006318204694232457,-0.010224689816883833,0.004727181239873623,1.0
45208,45,0.001392757660167131,0.017504893435347547,-0.016112135775180416,0.01160629590062835,-0.01021353824046122,0.005837570725589339,-0.004444813065422208,0.012750363908708096,-0.011357606248540965,0.007091365991442437,-0.005698608331275307,-0.01021353824046122,0.004187226386814327,1.0
46535,46,0.0010070493454179255,0.023208998343595983,-0.022201948998178057,0.00955087619572567,-0.008543826850307745,0.011170160040141548,-0.010163110694723622,0.012362218461930752,-0.011355169116512825,0.007155860696525108,-0.006148811351107183,-0.010163110694723622,0.005541614850746793,1.0
47315,47,0.0,0.02097045190569459,-0.02097045190569459,0.010155613439261552,-0.010155613439261552,0.0008830979460523053,-0.0008830979460523053,0.010220946744084358,-0.010220946744084358,0.009752955810422563,-0.009752955810422563,-0.010155613439261552,0.006368928824923514,1.0
26463,26,0.0,0.010813731237475303,-0.010813731237475303,0.007420819860201424,-0.007420819860201424,0.020065927575685795,-0.020065927575685795,0.006755176931619644,-0.006755176931619644,0.010147259400959827,-0.010147259400959827,-0.010147259400959827,0.004770193368067573,1.0
06361,06,0.002900953170327393,0.01303238758843053,-0.010131434418103137,0.00568939044248153,-0.0027884372721541364,0.02243990687146461,-0.01953895370113722,0.010369614697992802,-0.0074686615276654085,0.015020413239281036,-0.012119460068953643,-0.010131434418103137,0.005533124555753646,1.0
07402,07,0.007698887938408896,0.014093141181428048,-0.006394253243019152,0.015784618990361064,-0.008085731051952167,0.034193833915218,-0.0264949459768091,0.01855466142296791,-0.010855773484559014,0.017773821201073098,-0.0100749332626642,-0.0100749332626642,0.007226869346319506,1.0
01367,01,0.0009115770282588879,0.010930164838984478,-0.01001858781072559,0.009084571011173785,-0.008172993982914897,0.05376409955969361,-0.05285252253143472,0.003510901005938649,-0.0025993239776797615,0.011196128858559876,-0.010284551830300987,-0.01001858781072559,0.018244486246260586,1.0
01333,01,0.008365867261572783,0.021768258296570413,-0.01340239103499763,0.02389152985680431,-0.015525662595231526,0.011737208265466856,-0.0033713410038940725,0.01543401274830103,-0.007068145486728246,0.018371203887248833,-0.01000533662567605,-0.01000533662567605,0.004348918822180646,1.0
06323,06,0.01114099116404149,0.016908479437226502,-0.005767488273185012,0.02483007706943379,-0.013689085905392301,0.02004280622279825,-0.008901815058756759,0.021045489236712456,-0.009904498072670966,0.022464672897596474,-0.011323681733554984,-0.009904498072670966,0.002625131974544749,1.0
01216,01,0.014011951370286421,0.022218303059256067,-0.008206351688969646,0.027188707550736244,-0.013176756180449823,0.032141268715139226,-0.018129317344852805,0.01751958578824997,-0.0035076344179635482,0.02390953796650297,-0.009897586596216548,-0.009897586596216548,0.004895988603749367,1.0
38488,38,0.0068319838056680165,0.0195241262014627,-0.012692142395794683,0.007263708895071562,-0.0004317250894035453,0.030191870390292544,-0.023359886584624526,0.015820881351828575,-0.008988897546160559,0.016639668813534216,-0.009807685007866199,-0.009807685007866199,0.007386054525308372,1.0
02424,02,0.0018552875695732839,0.013394518518547104,-0.01153923094897382,0.00700954604240871,-0.005154258472835426,0.014897766984522082,-0.013042479414948798,0.007904242724180222,-0.0060489551546069375,0.011651649221740466,-0.009796361652167183,-0.009796361652167183,0.003061187367246816,1.0
07344,07,0.00823045267489712,0.01639921737750379,-0.00816876470260667,0.011633706222350838,-0.003403253547453718,0.023256068092133153,-0.015025615417236033,0.01792113296687603,-0.00969068029197891,0.018810013659166014,-0.010579560984268894,-0.00969068029197891,0.0037575743489108256,1.0
07207,07,0.020566223820850497,0.03024762393675394,-0.009681400115903443,0.03376872030782599,-0.013202496486975492,0.034401838321496056,-0.01383561450064556,0.021119853481650352,-0.0005536296607998557,0.022141609744065677,-0.00157538592321518,-0.009681400115903443,0.005664033752603824,1.0
01632,01,0.0008853474988933156,0.011361971671353163,-0.010476624172459847,0.010530673232005539,-0.009645325733112223,0.006413926452615529,-0.005528578953722213,0.011546931229531765,-0.01066158373063845,0.008579926927973783,-0.007694579429080467,-0.009645325733112223,0.001945007945533065,1.0
28212,28,0.05540218943360305,0.0589424157300349,-0.0035402262964318518,0.07147475171257185,-0.016072562278968805,0.06503117085777255,-0.0096289814241695,0.06270390748977661,-0.0073017180561735645,0.07366232219880527,-0.01826013276520222,-0.0096289814241695,0.005470610712996103,1.0
42322,42,0.036751080914144536,0.05103196532382643,-0.014280884409681893,0.04636924898639675,-0.009618168072252214,0.051800918602121,-0.015049837687976464,0.041938312351703644,-0.0051872314375591075,0.040529366368352665,-0.0037782854542081287,-0.009618168072252214,0.004582033635168433,1.0
30304,30,0.00762660158633313,0.019743532224747007,-0.012116930638413877,0.013905547076571314,-0.0062789454902381844,0.035381141009111106,-0.027754539422777974,0.016224997118115425,-0.008598395531782295,0.017176598808443348,-0.009549997222110218,-0.009549997222110218,0.007678894788996858,1.0
37404,37,0.03966480446927374,0.050588607118207646,-0.010923802648933903,0.04920299136098463,-0.00953818689171089,0.04992208003096296,-0.01025727556168922,0.045269567519426346,-0.005604763050152603,0.04550668036898825,-0.005841875899714508,-0.00953818689171089,0.0022568281020326993,1.0
01550,01,0.0029239766081871343,0.012444957726345972,-0.009520981118158838,0.017292813826176173,-0.014368837217989039,0.028777356194679672,-0.025853379586492538,0.00922356452792883,-0.006299587919741695,0.011041250585749347,-0.008117273977562213,-0.009520981118158838,0.007039631951434259,1.0
47353,47,0.0,0.009444127607076186,-0.009444127607076186,0.006467440060421077,-0.006467440060421077,0.017144638355922774,-0.017144638355922774,0.009474643506109715,-0.009474643506109715,0.015285702825891596,-0.015285702825891596,-0.009474643506109715,0.003995717376020433,1.0
01648,01,0.0009852216748768472,0.007109226759027697,-0.0061240050841508496,0.011092237580368449,-0.010107015905491602,0.023248200140747535,-0.02226297846587069,0.007611535023897886,-0.0066263133490210395,0.010413560969947874,-0.009428339295071027,-0.009428339295071027,0.00588193744002824,1.0
01220,01,0.007904626150058313,0.017284540332110385,-0.009379914182052073,0.024252567194377597,-0.016347941044319282,0.038169898074708025,-0.030265271924649714,0.013277851976454258,-0.005373225826395945,0.011664906867933374,-0.003760280717875061,-0.009379914182052073,0.009653395616949629,1.0
20407,20,0.0010087424344317419,0.013697750595960819,-0.012689008161529076,0.007735805167346428,-0.006727062732914686,0.008456928486178406,-0.007448186051746663,0.010369979776442051,-0.009361237342010309,0.012449459888862674,-0.011440717454430932,-0.009361237342010309,0.0022737198008657127,1.0
33461,33,0.019284654689302787,0.029469593001970624,-0.010184938312667837,0.02612001547522332,-0.006835360785920532,0.030084633427431576,-0.010799978738128789,0.02862369827926159,-0.009339043589958802,0.028336558792885498,-0.009051904103582711,-0.009339043589958802,0.0013530629197864511,1.0
07501,07,0.01578716561906154,0.025028103083589995,-0.009240937464528455,0.02419090810363252,-0.00840374248457098,0.03192188808413411,-0.01613472246507257,0.031242644414305687,-0.015455478795244147,0.02418942924566734,-0.008402263626605799,-0.009240937464528455,0.003504535571705222,1.0
02412,02,0.011020881670533642,0.03135278747720441,-0.020331905806670766,0.02025619388613702,-0.009235312215603378,0.041191938030447836,-0.030171056359914194,0.015889257192611694,-0.004868375522078052,0.018317240472206786,-0.007296358801673144,-0.009235312215603378,0.009506833617115245,1.0
08207,08,0.04208704461986576,0.048115312209220516,-0.006028267589354756,0.04528864649271599,-0.003201601872850228,0.05395562034913373,-0.011868575729267972,0.05289547145366669,-0.010808426833800927,0.05129851194053918,-0.00921146732067342,-0.00921146732067342,0.003193211838580038,1.0
42209,42,0.00041013862685587726,0.009561853209561278,-0.009151714582705401,0.008157152402218587,-0.00774701377536271,0.014692213734119816,-0.014282075107263939,0.009115840308368206,-0.008705701681512329,0.009908174748372328,-0.009498036121516451,-0.009151714582705401,0.0022796105055171868,1.0
42383,42,0.0012406947890818859,0.010574305086417848,-0.009333610297335962,0.009592292405862502,-0.008351597616780617,0.00829187119848425,-0.007051176409402364,0.013713747262954712,-0.012473052473872826,0.010375334564064524,-0.009134639774982639,-0.009134639774982639,0.001791566234171844,1.0
41387,41,0.003387278885961611,0.020439900461971684,-0.017052621576010073,0.008963106842843712,-0.005575827956882101,0.03226686516901778,-0.028879586283056168,0.006308554206043482,-0.002921275320081871,0.012518198856573064,-0.009130919970611454,-0.009130919970611454,0.009379117413054694,1.0
32526,32,0.0024410089503661514,0.010970124380034921,-0.00852911542966877,0.011501345375433158,-0.009060336425067006,0.01942973622982471,-0.01698872727945856,0.011541994288563728,-0.009100985338197577,0.009623316976033892,-0.007182308025667741,-0.009060336425067006,0.0034781594699298105,1.0
46534,46,0.0008861320336730173,0.015115579889041442,-0.014229447855368425,0.011779630617025636,-0.01089349858335262,0.008265898046510116,-0.007379766012837099,0.009939173236489296,-0.009053041202816279,0.006363789406726418,-0.005477657373053401,-0.009053041202816279,0.0030046756497113573,1.0
28209,28,0.019213522841535994,0.026366275161278575,-0.0071527523197425814,0.023810869657525525,-0.004597346815989532,0.0282209725654296,-0.009007449723893605,0.029336269944906235,-0.01012274710337024,0.03105532448626584,-0.011841801644729845,-0.009007449723893605,0.002493766802796518,1.0
39424,39,0.0050568900126422255,0.017148639301186486,-0.01209174928854426,0.011602133608010393,-0.006545243595368167,0.007147194104335897,-0.002090304091693671,0.015550446696579456,-0.010493556683937231,0.014047175644916393,-0.008990285632274168,-0.008990285632274168,0.003492071270039007,1.0
24303,24,0.02712659075686537,0.036096104022898486,-0.008969513266033114,0.043904915749420785,-0.016778324992555414,0.05105579201484325,-0.023929201257977876,0.03384751081466675,-0.0067209200578013766,0.03338662863972211,-0.006260037882856739,-0.008969513266033114,0.00683703067535039,1.0
02207,02,0.0076636508781266635,0.028651249421934737,-0.020987598543808075,0.012716260238293151,-0.005052609360166487,0.03527846262487008,-0.02761481174674342,0.016603071242570877,-0.008939420364444214,0.014615874158634745,-0.006952223280508082,-0.008939420364444214,0.00882592716571565,1.0
43211,43,0.04083742569139313,0.049775861718733445,-0.008938436027340319,0.04807236058384479,-0.0072349348924516665,0.06293026521982563,-0.022092839528432502,0.04667559638619423,-0.005838170694801102,0.04990076050551241,-0.009063334814119285,-0.008938436027340319,0.0058515049506340355,1.0
47301,47,0.0,0.016215268908801518,-0.016215268908801518,0.007097941681447093,-0.007097941681447093,0.030728671231173586,-0.030728671231173586,0.0059671783819794655,-0.0059671783819794655,0.008919339424658404,-0.008919339424658404,-0.008919339424658404,0.009192430974329292,1.0
18382,18,0.004177109440267335,0.016657321032993066,-0.012480211592725731,0.013087731105893001,-0.008910621665625666,0.009662674725047532,-0.005485565284780197,0.010991704650223255,-0.00681459520995592,0.013262603854936952,-0.009085494414669618,-0.008910621665625666,0.002377629702119432,1.0
45421,45,0.014774686037921694,0.02552550556339609,-0.010750819525474397,0.022814632148392106,-0.008039946110470412,0.023683367733056952,-0.008908681695135258,0.018940409645438194,-0.0041657236075165,0.023835098358331475,-0.00906041232040978,-0.008908681695135258,0.0021931308691416187,1.0
39210,39,0.0043921685401622865,0.013292606800039544,-0.008900438259877257,0.015381333069040416,-0.01098916452887813,0.0390817375994878,-0.03468956905932551,0.0053522707894444466,-0.00096010224928216,0.005132666188277138,-0.0007404976481148514,-0.008900438259877257,0.012420413288885965,1.0
32386,32,0.0,0.011745765563714577,-0.011745765563714577,0.008877687296162753,-0.008877687296162753,0.008189172964786773,-0.008189172964786773,0.008207018487155437,-0.008207018487155437,0.010736166491288557,-0.010736166491288557,-0.008877687296162753,0.0014377638566965363,1.0
10212,10,0.02559894978667542,0.03441794085347777,-0.00881899106680235,0.040985920847554064,-0.015386971060878645,0.045337173289638925,-0.019738223502963507,0.03246862068772316,-0.006869670901047741,0.03422295278158437,-0.008624002994908949,-0.00881899106680235,0.004881084425446929,1.0
05215,05,0.01730135481508605,0.023819387816398276,-0.006518033001312228,0.026560529418343238,-0.00925917460325719,0.028582775488593753,-0.011281420673507705,0.026091210544109344,-0.008789855729023296,0.02069950526297338,-0.0033981504478873305,-0.008789855729023296,0.002692093904278953,1.0
39341,39,0.002228826151560178,0.012045081747550297,-0.009816255595990118,0.010863100366648866,-0.008634274215088687,0.011011559250231867,-0.00878273309867169,0.013140049763023853,-0.010911223611463676,0.007000080810108347,-0.004771254658548169,-0.00878273309867169,0.0020742935830815323,1.0
15216,15,0.019182652210175146,0.027937688706403528,-0.008755036496228382,0.028776502325376572,-0.009593850115201426,0.029952673355188447,-0.010770021145013301,0.023686135187745094,-0.004503482977569948,0.02373055552689033,-0.004547903316715184,-0.008755036496228382,0.0026174985566725447,1.0
01512,01,0.0005927682276229994,0.01289731093832696,-0.012304542710703961,0.0093310828270014,-0.008738314599378402,0.02408508140002008,-0.02349231317239708,0.008410190232098103,-0.007817422004475104,0.0044675437066403895,-0.00387477547901739,-0.008738314599378402,0.0066853763047402745,1.0
02381,02,0.023898586866167915,0.03260944138694852,-0.008710854520780603,0.03966636982862078,-0.01576778296245287,0.027647781849534925,-0.00374919498336701,0.03607628121972084,-0.012177694353552926,0.02477428760211181,-0.0008757007359438962,-0.008710854520780603,0.0054183682210857025,1.0
09205,09,0.024937817670595868,0.033473308766422065,-0.008535491095826197,0.032479491850071096,-0.007541674179475228,0.03360435913525649,-0.008666541464660619,0.046044155955314636,-0.021106338284718768,0.03813796912693214,-0.013200151456336271,-0.008666541464660619,0.005043347539181308,1.0
46505,46,0.0007751937984496124,0.012543386066747042,-0.01176819226829743,0.004350149280553666,-0.003574955482104053,0.01852556264630121,-0.017750368847851597,0.002918885089457035,-0.0021436912910074227,0.009352618549692951,-0.008577424751243339,-0.008577424751243339,0.005666912232024485,1.0
02204,02,0.01715162840363054,0.025710293795848948,-0.008558665392218407,0.01987582276602101,-0.0027241943623904676,0.03357492055916317,-0.016423292155532628,0.027255821973085403,-0.010104193569454863,0.021071284368044924,-0.003919655964414383,-0.008558665392218407,0.0048903239138317015,1.0
32207,32,0.01688299900154307,0.022884410958952016,-0.006001411957408945,0.022605655899293708,-0.005722656897750637,0.042660316367861585,-0.025777317366318515,0.025404779240489006,-0.008521780238945936,0.026502951239567564,-0.009619952238024494,-0.008521780238945936,0.00747219814861257,1.0
38204,38,0.00884321223709369,0.016617041211439795,-0.0077738289743461055,0.019912635992613587,-0.011069423755519897,0.02901466360733508,-0.020171451370241393,0.017337217926979065,-0.008494005689885375,0.011192468403842373,-0.0023492561667486835,-0.008494005689885375,0.005837050503666359,1.0
01371,01,0.0017780938833570413,0.01025796437537948,-0.008479870492022439,0.017356621489419955,-0.015578527606062913,0.02062510353701326,-0.018847009653656217,0.00973997451364994,-0.007961880630292899,0.005904254626999603,-0.004126160743642561,-0.008479870492022439,0.005392019197389276,1.0
34545,34,0.0017600469345849222,0.010725503417104394,-0.00896545648251947,0.005032794351241168,-0.0032727474166562463,0.005416020672080649,-0.0036559737374957267,0.01022948045283556,-0.008469433518250637,0.017133715539572443,-0.01537366860498752,-0.008469433518250637,0.004398343768170493,1.0
31370,31,0.017212152823053852,0.020826733777105713,-0.003614580954051861,0.0256382538176796,-0.008426100994625749,0.03519842956207582,-0.017986276739021968,0.03324951231479645,-0.016037359491742596,0.024896722048770636,-0.007684569225716784,-0.008426100994625749,0.0054042843850308055,1.0
41201,41,0.013326721626479887,0.027317093769895138,-0.013990372143415251,0.014211502780356858,-0.0008847811538769713,0.038401662662821266,-0.025074941036341378,0.0169084332883358,-0.0035817116618559134,0.02175050730052311,-0.008423785674043222,-0.008423785674043222,0.008592766035941496,1.0
40227,40,0.018814139110604332,0.03662195551271025,-0.017807816402105915,0.03238824164790374,-0.013574102537299411,0.024616682645922025,-0.005802543535317693,0.024810004979372025,-0.005995865868767693,0.027168964658061935,-0.008354825547457603,-0.008354825547457603,0.0046823753868190975,1.0
32202,32,0.009310847698463149,0.01765635605179931,-0.00834550835333616,0.01775759183071768,-0.00844674413225453,0.034938661647284174,-0.025627813948821025,0.011427000164985657,-0.0021161524665225077,0.015998620905591662,-0.006687773207128513,-0.00834550835333616,0.00802751246826744,1.0
43432,43,0.0091324200913242,0.01745255168676105,-0.00832013159543685,0.0190362855556241,-0.009903865464299898,0.018433880005032495,-0.009301459913708295,0.01642054319381714,-0.007288123102492938,0.012751516370415626,-0.0036190962790914258,-0.00832013159543685,0.002219404032572641,1.0
05209,05,0.013272658323852863,0.02158560367599878,-0.008312945352145917,0.023053506354748697,-0.009780848030895834,0.02317063582815468,-0.009897977504301816,0.017701206728816032,-0.00442854840496317,0.019435871989051258,-0.006163213665198395,-0.008312945352145917,0.002126003192298697,1.0
05204,05,0.009515435103476431,0.01768876468322192,-0.008173329579745488,0.014649267993741288,-0.005133832890264856,0.03834228217359432,-0.028826847070117886,0.019213208928704262,-0.00969777382522783,0.016981078247158707,-0.007465643143682275,-0.008173329579745488,0.00861036997072014,1.0
45402,45,0.01555190289543558,0.025279219686169144,-0.009727316790733565,0.02204756516517059,-0.006495662269735011,0.03504731803098092,-0.01949541513554534,0.02148098684847355,-0.00592908395303797,0.02372277060598125,-0.00817086771054567,-0.00817086771054567,0.004948315479132479,1.0
06365,06,0.007633587786259542,0.013630875833722212,-0.00599728804746267,0.01247010042266119,-0.004836512636401649,0.019531270740635633,-0.011897682954376092,0.015789637342095375,-0.008156049555835834,0.017967753195132517,-0.010334165408872976,-0.008156049555835834,0.002622388605904257,1.0
06461,06,0.015273876404494381,0.021053465844611062,-0.005779589440116681,0.025148386980207476,-0.009874510575713095,0.03852385330821446,-0.023249976903720077,0.02159086987376213,-0.00631699346926775,0.023409104701135046,-0.008135228296640665,-0.008135228296640665,0.006452572561026528,1.0
17206,17,0.01906928506908434,0.03137360934813546,-0.012304324279051121,0.02222454336361886,-0.0031552582945345194,0.02763076715457663,-0.008561482085492289,0.020999204367399216,-0.001929919298314875,0.027182387517500448,-0.008113102448416107,-0.008113102448416107,0.0037980429084859394,1.0
21217,21,0.009949794614331356,0.018045710241373275,-0.008095915627041919,0.012180210617193016,-0.0022304160028616595,0.020779391698410803,-0.010829597084079446,0.015223280526697636,-0.005273485912366279,0.02214508772590644,-0.012195293111575084,-0.008095915627041919,0.0036320791997599957,1.0
01396,01,0.0011682242990654205,0.006513198380566702,-0.005344974081501281,0.0128034152515778,-0.01163519095251238,0.012571776813524449,-0.011403552514459028,0.006240406539291143,-0.005072182240225723,0.009181284230002168,-0.008013059930936747,-0.008013059930936747,0.00282802632492952,1.0
38206,38,0.01407002891101831,0.026450868822796694,-0.012380839911778385,0.022068484881126456,-0.007998455970108146,0.02454720455279468,-0.010477175641776372,0.01916128769516945,-0.005091258784151139,0.02000085157564055,-0.00593082266462224,-0.007998455970108146,0.0027336655950879587,1.0
46529,46,0.001105379513633014,0.01409706005108808,-0.012991680537455065,0.013612900727691796,-0.012507521214058782,0.009088400850428613,-0.007983021336795598,0.0068792421370744705,-0.005773862623441457,0.007665427546918374,-0.00656004803328536,-0.007983021336795598,0.003016573463250257,1.0
26322,26,0.046219101945297644,0.056901063852701744,-0.0106819619074041,0.05418113411727217,-0.007962032171974526,0.08089997804697666,-0.03468087610167901,0.050235796719789505,-0.004016694774491861,0.052649641718360875,-0.0064305397730632305,-0.007962032171974526,0.011174711128792085,1.0
01486,01,0.0,0.009664877096052007,-0.009664877096052007,0.005291099858192363,-0.005291099858192363,0.00794626946765789,-0.00794626946765789,0.006499850191175938,-0.006499850191175938,0.010764569670628908,-0.010764569670628908,-0.00794626946765789,0.002000029103588291,1.0
01460,01,0.020236425566018835,0.02114507092522474,-0.0009086453592059042,0.028042856007501997,-0.007806430441483162,0.05777620080469831,-0.037539775238679476,0.032810233533382416,-0.012573807967363581,0.027817583716153345,-0.00758115815013451,-0.007806430441483162,0.012684814230668806,1.0
43511,43,0.0,0.005270625299234578,-0.005270625299234578,0.005902665996978004,-0.005902665996978004,0.014145427810113902,-0.014145427810113902,0.007771409582346678,-0.007771409582346678,0.008904284579403093,-0.008904284579403093,-0.007771409582346678,0.0031524284756214655,1.0
03482,03,0.02227488151658768,0.02681566316229678,-0.0045407816457091014,0.031068421222952353,-0.008793539706364675,0.03134290742707092,-0.009068025910483238,0.02512858621776104,-0.002853704701173361,0.030018377327454777,-0.007743495810867099,-0.007743495810867099,0.0024692290158445478,1.0
31203,31,0.009052281544430076,0.018562956479985408,-0.009510674935555331,0.01005960937184967,-0.0010073278274195935,0.025870558794186135,-0.01681827724975606,0.016680916771292686,-0.00762863522686261,0.014318830485702531,-0.005266548941272455,-0.00762863522686261,0.005225716560997967,1.0
01645,01,0.0156794425087108,0.020672101524514475,-0.004992659015803674,0.026821292524610955,-0.011141850015900154,0.02330351873824664,-0.007624076229535839,0.023607658222317696,-0.007928215713606895,0.019593186250224527,-0.003913743741513726,-0.007624076229535839,0.002525400634912443,1.0
06207,06,0.029228666869116307,0.03685090745949863,-0.007622240590382322,0.04290342500145466,-0.01367475813233835,0.05577640259139152,-0.026547735722275215,0.03419236093759537,-0.00496369406847906,0.031517719679554496,-0.0022890528104381885,-0.007622240590382322,0.008632628400458704,1.0
46221,46,0.0003282455276546857,0.01316940839351077,-0.012841162865856084,0.01170923344522708,-0.011380987917572395,0.0014704151215244599,-0.0011421695938697743,0.007916524074971676,-0.00758827854731699,0.004404202326365979,-0.004075956798711293,-0.00758827854731699,0.004374917335311906,1.0
45441,45,0.0,0.013216303883793565,-0.013216303883793565,0.003656077591492486,-0.003656077591492486,0.011965877899280095,-0.011965877899280095,0.007584189064800739,-0.007584189064800739,0.006685752556801851,-0.006685752556801851,-0.007584189064800739,0.0035149861450787865,1.0
28586,28,0.01629051416935347,0.02382376869782399,-0.0075332545284705205,0.01677748464481259,-0.00048697047545911976,0.03563802257907213,-0.019347508409718658,0.024065816774964333,-0.007775302605610861,0.02383228438455709,-0.0075417702152036185,-0.0075417702152036185,0.006070391052178594,1.0
01560,01,0.0,0.008623651093404646,-0.008623651093404646,0.005933191070745358,-0.005933191070745358,0.026942888250688135,-0.026942888250688135,0.006227642297744751,-0.006227642297744751,0.007515117491222134,-0.007515117491222134,-0.007515117491222134,0.008005039868281156,1.0
32525,32,0.0009328358208955224,0.009894992933618356,-0.008962157112722835,0.00843522271840457,-0.007502386897509047,0.023089861465196627,-0.022157025644301106,0.0071144322864711285,-0.006181596465575606,0.007561074717030353,-0.00662823889613483,-0.007502386897509047,0.006010784574641458,1.0
01468,01,0.000774593338497289,0.008276232327755048,-0.00750163898925776,0.009836714813979236,-0.009062121475481947,0.015679187900417446,-0.014904594561920156,0.0034884812775999308,-0.002713887939102642,0.007445833317104217,-0.006671239978606928,-0.00750163898925776,0.003965168069016911,1.0
41205,41,0.01468515037593985,0.025133662841780043,-0.010448512465840193,0.022086561494005695,-0.007401411118065845,0.021501250660594065,-0.006816100284654215,0.015749497339129448,-0.0010643469631895983,0.02448387220781815,-0.009798721831878299,-0.007401411118065845,0.0033195186781927915,1.0
43423,43,0.0024125452352231603,0.009813758575244377,-0.007401213340021216,0.005822097376106841,-0.0034095521408836807,0.010771265596138169,-0.008358720360915008,0.012452315539121628,-0.010039770303898467,0.006015707246911292,-0.003603162011688132,-0.007401213340021216,0.0026351477358243732,1.0
33622,33,0.012451520718513982,0.025623558058184205,-0.013172037339670224,0.023956292475040192,-0.01150477175652621,0.017974219798358046,-0.005522699079844064,0.017156191170215607,-0.004704670451701625,0.019682658136018813,-0.007231137417504831,-0.007231137417504831,0.0033379289009001977,1.0
01484,01,0.0003505082369435682,0.0075802819506309484,-0.00722977371368738,0.013716398715455685,-0.013365890478512117,0.03711133787489207,-0.0367608296379485,0.007146271411329508,-0.0067957631743859395,0.0060472586833118375,-0.005696750446368269,-0.00722977371368738,0.011705843380980949,1.0
20415,20,0.006951685783802572,0.01628393962870128,-0.009332253844898707,0.01542372875958097,-0.008472042975778398,0.01282131265045696,-0.005869626866654388,0.014150657691061497,-0.007198971907258924,0.014147408766763549,-0.007195722982960976,-0.007198971907258924,0.0011898466498848992,1.0
45361,45,0.014426028238182934,0.02476527103765993,-0.010339242799476995,0.02038403480728545,-0.005958006569102515,0.015076110321898963,-0.0006500820837160286,0.02233663573861122,-0.007910607500428287,0.021576620878693088,-0.007150592640510154,-0.007150592640510154,0.0032130937690927376,1.0
01514,01,0.0008880994671403197,0.010458758093736418,-0.009570658626596099,0.001716545029065098,-0.0008284455619247783,0.015113342004326777,-0.014225242537186458,0.005140436813235283,-0.004252337346094964,0.008018373423811093,-0.007130273956670773,-0.007130273956670773,0.004566493800434144,1.0
13361,13,0.004913294797687861,0.012041633854620707,-0.007128339056932846,0.008344526617165891,-0.0034312318194780296,0.019140636612444042,-0.01422734181475618,0.011958782561123371,-0.00704548776343551,0.016113770620454645,-0.011200475822766783,-0.007128339056932846,0.003734372583552147,1.0
39363,39,0.0013012361743656475,0.013227102769802419,-0.011925866595436771,0.006196266904233273,-0.004895030729867625,0.006597184653579571,-0.005295948479213924,0.008376393467187881,-0.007075157292822234,0.010455746849830569,-0.009154510675464921,-0.007075157292822234,0.0026079333930442376,1.0
34214,34,0.011272936723442772,0.017709796132848517,-0.006436859409405745,0.02429702821363534,-0.013024091490192569,0.01414360522749486,-0.002870668504052088,0.022945459932088852,-0.01167252320864608,0.01827812844630565,-0.007005191722862878,-0.007005191722862878,0.0036950849643652387,1.0
03503,03,0.02079722703639515,0.023564775033274577,-0.0027675479968794284,0.02771218065537951,-0.006914953618984362,0.026098593246266857,-0.005301366209871709,0.028551561757922173,-0.007754334721527024,0.03366106171647932,-0.01286383468008417,-0.006914953618984362,0.003337284161153965,1.0
08236,08,0.029296875,0.033247092543439195,-0.003950217543439195,0.03364223391476622,-0.004345358914766222,0.0400214703346411,-0.010724595334641103,0.038364291191101074,-0.009067416191101074,0.03621024620366721,-0.00691337120366721,-0.00691337120366721,0.002626884725379485,1.0
39208,39,0.008868877063719471,0.018990405766603425,-0.010121528702883954,0.015171193744859772,-0.006302316681140301,0.0308494947346816,-0.021980617670962127,0.015723811462521553,-0.006854934398802082,0.01448022945776982,-0.005611352394050348,-0.006854934398802082,0.006102833035820522,1.0
45341,45,0.010726142844981697,0.02984444645542797,-0.019118303610446273,0.010926992839844841,-0.00020084999486314446,0.029227224324523057,-0.01850108147954136,0.017564821988344193,-0.006838679143362496,0.014959637656960525,-0.004233494811978829,-0.006838679143362496,0.007673804375568732,1.0
01401,01,0.0027821939586645467,0.008400636667852419,-0.005618442709187872,0.009605818399434297,-0.00682362444076975,0.015491047066814985,-0.012708853108150439,0.005698496475815773,-0.0029163025171512263,0.010045635057350864,-0.007263441098686318,-0.00682362444076975,0.0032017161435868974,1.0
24562,24,0.019696969696969695,0.022799965851899622,-0.0031029961549299268,0.02648607947918112,-0.006789109782211426,0.03169504649306484,-0.011998076796095148,0.02165641263127327,-0.0019594429343035742,0.028031685938529692,-0.008334716241559997,-0.006789109782211426,0.0036280844034606127,1.0
15213,15,0.04321518987341772,0.048508619005398,-0.005293429131980276,0.04995492534822536,-0.006739735474807641,0.05053962502908138,-0.00732443515566366,0.05327925086021423,-0.010064060986796512,0.04778242773995141,-0.004567237866533687,-0.006739735474807641,0.001907234440118995,1.0
42211,42,0.0010284287078527877,0.012632728317955906,-0.011604299610103118,0.0077149194140848296,-0.006686490706232041,0.03271352624513832,-0.03168509753728553,0.0019006814109161496,-0.0008722527030633619,0.007264696788227512,-0.006236268080374724,-0.006686490706232041,0.010688688000055239,1.0
01485,01,0.0,0.006043158000997083,-0.006043158000997083,0.0069759381140960764,-0.0069759381140960764,0.042575766887893204,-0.042575766887893204,0.002858585212379694,-0.002858585212379694,0.006675510797271092,-0.006675510797271092,-0.006675510797271092,0.01484760647845909,1.0
07544,07,0.0025412960609911056,0.008756657542559986,-0.00621536148156888,0.00638017685449065,-0.003838880793499544,0.01705621324254917,-0.014514917181558062,0.009629358537495136,-0.007088062476504031,0.009197256400758233,-0.0066559603397671275,-0.0066559603397671275,0.0036059116855763668,1.0
20562,20,0.008735868448098663,0.017122068214445955,-0.008386199766347292,0.021085038575820704,-0.012349170127722041,0.015387927180677677,-0.006652058732579014,0.010483319871127605,-0.0017474514230289423,0.015008303591260937,-0.0062724351431622735,-0.006652058732579014,0.0034275842809241624,1.0
01642,01,0.0014154281670205238,0.01188708732250129,-0.010471659155480767,0.007383367738182228,-0.005967939571161704,0.021122340229911205,-0.019706912062890682,0.005082495976239443,-0.003667067809218919,0.008067090277588618,-0.006651662110568094,-0.006651662110568094,0.005648408759352889,1.0
09407,09,0.021838602329450917,0.028489300810294736,-0.00665069848084382,0.02480080608423884,-0.002962203754787923,0.046118268106899,-0.024279665777448084,0.02568761445581913,-0.0038490121263682134,0.03475754916219778,-0.012918946832746865,-0.00665069848084382,0.007885745299319956,1.0
01334,01,0.017409470752089137,0.02707506431729716,-0.009665593565208023,0.023827121308866973,-0.006417650556777836,0.03519348252125114,-0.017784011769162,0.02284226380288601,-0.005432793050796872,0.024017903028473682,-0.006608432276384545,-0.006608432276384545,0.004528794545395134,1.0
43482,43,0.016699092088197146,0.025637157279857728,-0.008938065191660582,0.021973623602533916,-0.00527453151433677,0.031333647708247876,-0.01463455562005073,0.023293746635317802,-0.006594654547120656,0.021548545972095545,-0.004849453883898399,-0.006594654547120656,0.0035835580964060122,1.0
32206,32,0.017276194749831726,0.026175521042397055,-0.008899326292565329,0.031263093192223014,-0.013986898442391288,0.023859149667173514,-0.006582954917341788,0.019973576068878174,-0.0026973813190464477,0.019082130727721025,-0.0018059359778892989,-0.006582954917341788,0.004424427485822269,1.0
21219,21,0.007956698240866035,0.0190155412611159,-0.011058843020249865,0.013818257491130298,-0.005861559250264263,0.01092035538495384,-0.002963657144087804,0.014432654716074467,-0.006475956475208431,0.01911143856272781,-0.011154740321861775,-0.006475956475208431,0.0031728222973029757,1.0
01639,01,0.0016764459346186086,0.019052989959058856,-0.01737654402444025,0.020379277875735513,-0.018702831941116903,0.008148874848397283,-0.006472428913778675,0.008001589216291904,-0.006325143281673296,0.007227069656095722,-0.0055506237214771135,-0.006472428913778675,0.005864764034833302,1.0
20451,20,0.008411677387431964,0.01483956464796052,-0.0064278872605285555,0.01089531088611788,-0.002483633498685916,0.026868415401311463,-0.0184567380138795,0.014508053660392761,-0.006096376272960797,0.015591597256486837,-0.007179919869054873,-0.0064278872605285555,0.005412179454543989,1.0
25383,25,0.018281172379533035,0.02545829723039072,-0.007177124850857686,0.01939237853460805,-0.0011112061550750153,0.024686184240779868,-0.006405011861246833,0.02252786047756672,-0.004246688098033684,0.028107493368645417,-0.009826320989112382,-0.006405011861246833,0.0029278121598768324,1.0
06301,06,0.03474500447360573,0.03548270698028439,-0.0007377025066786641,0.042640589225142904,-0.007895584751537177,0.062008157201626786,-0.02726315272802106,0.04111168161034584,-0.006366677136740113,0.03808813779007254,-0.003343133316466816,-0.006366677136740113,0.009400947426026528,1.0
46491,46,0.0,0.013458345451101677,-0.013458345451101677,0.0057696246975537935,-0.0057696246975537935,0.0006957222067068419,-0.0006957222067068419,0.006308473646640778,-0.006308473646640778,0.007977156719120311,-0.007977156719120311,-0.006308473646640778,0.004105507951152707,1.0
15224,15,0.0007472445357743321,0.0135757331310439,-0.012828488595269567,0.009295824794115446,-0.008548580258341114,0.005004476965416033,-0.0042572324296417,0.006684015039354563,-0.0059367705035802305,0.007015585129519386,-0.006268340593745054,-0.006268340593745054,0.0029646410906598204,1.0
01575,01,0.00847457627118644,0.014738274931876984,-0.006263698660690544,0.017637631412886743,-0.009163055141700302,0.02725888141909552,-0.018784305147909082,0.012191333808004856,-0.0037167575368184155,0.00943769485708032,-0.0009631185858938792,-0.006263698660690544,0.006136555029638059,1.0
01581,01,0.007838745800671893,0.01461707534783308,-0.0067783295471611875,0.015045515755337203,-0.00720676995466531,0.008032463837294099,-0.00019371803662220598,0.014047462493181229,-0.006208716692509336,0.011179461439615256,-0.003340715638943363,-0.006208716692509336,0.002646635104336351,1.0
28585,28,0.021102318478411774,0.022283602299391834,-0.00118128382098006,0.02925209333941015,-0.008149774860998375,0.035579294837011104,-0.01447697635859933,0.027290863916277885,-0.006188545437866112,0.02349148741061391,-0.0023891689322021355,-0.006188545437866112,0.004725166157574057,1.0
44204,44,0.004543125533731853,0.016594928147049614,-0.012051802613317762,0.014242868394703458,-0.009699742860971604,0.007205401692148894,-0.0026622761584170406,0.010643396526575089,-0.006100270992843235,0.01051645474164583,-0.005973329207913976,-0.006100270992843235,0.003257184359063439,1.0
06366,06,0.011143695014662757,0.016548994703526967,-0.005405299688864209,0.012938881768350468,-0.0017951867536877102,0.026113940406605425,-0.014970245391942668,0.017127154394984245,-0.005983459380321488,0.02162640243495361,-0.010482707420290853,-0.005983459380321488,0.004553573565662569,1.0
22461,22,0.02120100848040339,0.027174537237481845,-0.005973528757078454,0.026555401831009295,-0.005354393350605904,0.02974071503689607,-0.00853970655649268,0.023584440350532532,-0.0023834318701291407,0.02890402948381996,-0.00770302100341657,-0.005973528757078454,0.002137617455981102,1.0
01547,01,0.0042997542997543,0.012124008382713443,-0.007824254082959142,0.01888891079091889,-0.01458915649116459,0.01020296612039355,-0.00590321182063925,0.0046254852786660194,-0.0003257309789117197,0.008897234815540625,-0.004597480515786325,-0.00590321182063925,0.004672814253564825,1.0
34203,34,0.03956107421311002,0.04440858055790507,-0.004847506344795055,0.05993739193331998,-0.020376317720209966,0.04531438107541422,-0.0057533068623042,0.05127903074026108,-0.01171795652715106,0.04325899633988456,-0.0036979221267745416,-0.0057533068623042,0.00620187144459782,1.0
06302,06,0.0410641989589358,0.04670468089564813,-0.0056404819367123285,0.05518737066997803,-0.014123171711042229,0.06731911863921802,-0.02625491968028222,0.04336549714207649,-0.0023012981831406903,0.04285236959011038,-0.0017881706311745765,-0.0056404819367123285,0.009240456408013712,1.0
01641,01,0.0003901677721420211,0.009973572659960154,-0.009583404887818133,0.004225155854791988,-0.0038349880826499664,0.0026447438863238387,-0.0022545761141818175,0.006028405390679836,-0.0056382376185378155,0.008970296977028447,-0.008580129204886426,-0.0056382376185378155,0.002769181988759069,1.0
01457,01,0.014823965410747375,0.016727378906751043,-0.0019034134960036683,0.02364686861922793,-0.008822903208480556,0.034515137105932465,-0.01969117169518509,0.02035696431994438,-0.005532998909197007,0.016945185861263194,-0.002121220450515819,-0.005532998909197007,0.006548763447826559,1.0
01644,01,0.013513513513513514,0.01899072981847182,-0.005477216304958305,0.024685525272974667,-0.011172011759461153,0.03495051229759218,-0.02143699878407867,0.015001105144619942,-0.0014875916311064274,0.01360771569845616,-9.42021849426461e-05,-0.005477216304958305,0.0077700719726065196,1.0
05213,05,0.018889745566692366,0.029339912676938442,-0.010450167110246076,0.024330509779409037,-0.005440764212716671,0.0340699850751145,-0.015180239508422136,0.02401835285127163,-0.005128607284579263,0.021851734760683014,-0.002961989193990648,-0.005440764212716671,0.004418025990879992,1.0
10211,10,0.03026952842057108,0.030477422974211507,-0.00020789455364042878,0.03552089863400131,-0.0052513702134302336,0.053782497196393164,-0.023512968775822086,0.03567498177289963,-0.005405453352328549,0.03917499040353254,-0.008905461982961462,-0.005405453352328549,0.007928679507064277,1.0
01437,01,0.005110732538330494,0.007912045449352246,-0.002801312911021752,0.008737393446362356,-0.0036266609080318627,0.018460373462573565,-0.01334964092424307,0.010405533947050571,-0.005294801408720078,0.015401117187033651,-0.010290384648703157,-0.005294801408720078,0.004075152469670288,1.0
46501,46,0.0003109452736318408,0.016861718410947493,-0.016550773137315653,0.010337437003486293,-0.010026491729854451,0.0010470969074898168,-0.000736151633857976,0.005493707023561001,-0.00518276174992916,0.0006310797177091348,-0.00032013444407729406,-0.00518276174992916,0.006108714704729914,1.0
20429,20,0.0056657223796034,0.007435501687861344,-0.0017697793082579443,0.010848367645492482,-0.005182645265889082,0.03597411471087859,-0.030308392331275188,0.007950755767524242,-0.0022850333879208427,0.013092267303250665,-0.007426544923647266,-0.005182645265889082,0.010655368046774529,1.0
36368,36,0.003475842891901286,0.014276050722839972,-0.010800207830938685,0.0036151947160392352,-0.0001393518241379491,0.008655549327209383,-0.005179706435308097,0.0071592493914067745,-0.0036834064995054884,0.01271528616794007,-0.009239443276038786,-0.005179706435308097,0.003840290707122588,1.0
20563,20,0.01366742596810934,0.01880281633172309,-0.00513539036361375,0.01791721793287758,-0.00424979196476824,0.03612443358220111,-0.02245700761409177,0.017116116359829903,-0.003448690391720563,0.02242732660631616,-0.008759900638206822,-0.00513539036361375,0.007060952069847121,1.0
47303,47,0.0,0.007759156834525394,-0.007759156834525394,0.0005426651120366495,-0.0005426651120366495,0.0026598925018704173,-0.0026598925018704173,0.00504183117300272,-0.00504183117300272,0.006137392792609747,-0.006137392792609747,-0.00504183117300272,0.0025541123477648485,1.0
01633,01,0.001971414489896501,0.007604103824166274,-0.005632689334269773,0.008820508245356398,-0.006849093755459897,0.006312651140215217,-0.004341236650318716,0.0070085683837533,-0.005037153893856798,0.005026360629981505,-0.003054946140085004,-0.005037153893856798,0.0012678001940612147,1.0
45429,45,0.0,0.010611741021408988,-0.010611741021408988,0.0033942596604432957,-0.0033942596604432957,0.0015732499092996205,-0.0015732499092996205,0.00474870391190052,-0.00474870391190052,0.00976786360708553,-0.00976786360708553,-0.00474870391190052,0.00356131594135937,1.0
07205,07,0.021362772859242266,0.02969782912808608,-0.008335056268843812,0.026062737093808262,-0.004699964234565996,0.024853927526593114,-0.003491154667350848,0.02700059860944748,-0.005637825750205213,0.02423843809459842,-0.002875665235356154,-0.004699964234565996,0.0019187777992179763,1.0
01469,01,0.008830022075055188,0.009857460891870132,-0.0010274388168149441,0.01571041163803144,-0.006880389562976253,0.04446461196686888,-0.03563458989181369,0.010998193174600601,-0.0021681710995454136,0.013427544570074654,-0.004597522495019466,-0.004597522495019466,0.012945086658031027,1.0
06367,06,0.0164021164021164,0.020059764401521952,-0.0036576479994055514,0.01773567917771594,-0.0013335627755995394,0.025273696280129744,-0.008871579878013344,0.02060248889029026,-0.00420037248817386,0.025252089183558705,-0.008849972781442304,-0.00420037248817386,0.0029987823638813124,1.0
36388,36,0.009198045415349238,0.013391813878271859,-0.004193768462922621,0.01354521888985597,-0.004347173474506732,0.018747001539198407,-0.00954895612384917,0.009568528272211552,-0.00037048285686231384,0.009390824583483212,-0.00019277916813397432,-0.004193768462922621,0.003413342036986976,1.0
32501,32,0.011133603238866396,0.015216602318037984,-0.004082999079171588,0.017397878882110817,-0.006264275643244421,0.022640440879316277,-0.011506837640449881,0.015274484641849995,-0.004140881402983599,0.01404097894835489,-0.0029073757094884942,-0.004140881402983599,0.0030610352285017858,1.0
16342,16,0.03586462367401919,0.04410941145721895,-0.008244787783199758,0.03952054728830196,-0.003655923614282769,0.04069616441991692,-0.004831540745897728,0.03999903425574303,-0.004134410581723834,0.03791098455414067,-0.0020463608801214797,-0.004134410581723834,0.002047715927856063,1.0
03483,03,0.006017505470459519,0.010975829040911366,-0.004958323570451847,0.009941514237503507,-0.003924008767043988,0.006244936213471261,-0.00022743074301174223,0.009790755808353424,-0.0037732503378939053,0.019176070283792493,-0.013158564813332975,-0.003924008767043988,0.004284554326302685,1.0
07208,07,0.014416775884665793,0.020146821670425086,-0.005730045785759292,0.016781355093335497,-0.0023645792086697034,0.018315044699764665,-0.003898268815098872,0.015133405104279518,-0.0007166292196137247,0.018485927019662715,-0.004069151134996922,-0.003898268815098872,0.0016963446791456204,1.0
07422,07,0.013748191027496382,0.026531659793193763,-0.012783468765697381,0.01558277180601837,-0.0018345807785219888,0.024003725113044008,-0.010255534085547626,0.01670512557029724,-0.0029569345428008594,0.017504257288781043,-0.003756066261284661,-0.003756066261284661,0.0043650377342355955,1.0
02445,02,0.023932820153953815,0.02399796629808301,-6.514614412919326e-05,0.03681838290706759,-0.012885562753113776,0.028502496416941803,-0.004569676262987987,0.027659494429826736,-0.003726674275872921,0.024236580412776695,-0.00030376025882287994,-0.003726674275872921,0.004647939719524949,1.0
06206,06,0.029156736473809643,0.035747905885561,-0.00659116941175136,0.032091488057430465,-0.002934751583620821,0.03804891238119646,-0.008892175907386817,0.032554708421230316,-0.003397971947420673,0.032761879341557935,-0.003605142867748292,-0.003605142867748292,0.0022988145140777614,1.0
30392,30,0.012452350698856416,0.01586197901573776,-0.0034096283168813437,0.012902917826113426,-0.0004505671272570094,0.023928998258130163,-0.011476647559273747,0.01738564297556877,-0.004933292276712355,0.015392664319030955,-0.0029403136201745384,-0.0034096283168813437,0.0037089040008337587,1.0
46502,46,0.0004170141784820684,0.015066799360630672,-0.014649785182148604,0.00519295507511633,-0.004775940896634261,0.0037765961191005906,-0.0033595819406185222,0.002211180981248617,-0.0017941668027665488,0.0019135435247499694,-0.001496529346267901,-0.0033595819406185222,0.004861679628871251,1.0
24210,24,0.035967936204676663,0.03886020537139686,-0.002892269166720196,0.048512677472968946,-0.012544741268292282,0.03620075329682369,-0.00023281709214702934,0.03763042762875557,-0.001662491424078906,0.04661020194547739,-0.010642265740800724,-0.002892269166720196,0.005005920061568986,1.0
40625,40,0.029568890545409367,0.03236674678532116,-0.0027978562399117897,0.03474857069673302,-0.0051796801513236505,0.030912384457263707,-0.0013434939118543397,0.03032453916966915,-0.0007556486242597839,0.0344834435262477,-0.004914552980838333,-0.0027978562399117897,0.0018021371157721418,1.0
01545,01,0.00895583146753511,0.011746418656468268,-0.002790587188933158,0.018599524725810595,-0.009643693258275484,0.026845759190965872,-0.01788992772343076,0.01104236301034689,-0.002086531542811779,0.011554667786213176,-0.002598836318678065,-0.002790587188933158,0.006112465816163937,1.0
01513,01,0.001321003963011889,0.004003945850252727,-0.0026829418872408375,0.0029826156377243643,-0.0016616116747124752,0.03867640783638943,-0.037355403873377546,0.0031131678260862827,-0.0017921638630743937,0.007094166962048745,-0.005773162999036856,-0.0026829418872408375,0.013831217907436792,1.0
01604,01,0.0034453057708871662,0.008282913062204312,-0.0048376072913171465,0.0051355117532374695,-0.0016902059823503033,0.0034903134040560196,-4.5007633168853405e-05,0.005957685876637697,-0.002512380105750531,0.007024908716236233,-0.003579602945349067,-0.002512380105750531,0.0016314058623380036,1.0
20543,20,0.014018691588785047,0.01900262501304883,-0.004983933424263785,0.01794129336665713,-0.003922601777872082,0.015211101469064639,-0.0011924098802795925,0.016392959281802177,-0.002374267693017131,0.016447660446265874,-0.0024289688574808278,-0.0024289688574808278,0.001324407166433008,1.0
34208,34,0.027906160416544784,0.041596240524329336,-0.013690080107784552,0.030319144421343078,-0.0024129840047982937,0.030194938360869283,-0.0022887779443244993,0.030707867816090584,-0.0028017073995457997,0.03022747208637154,-0.002321311669826756,-0.0024129840047982937,0.004497279246542172,1.0
38203,38,0.007656481546820973,0.011777660478178355,-0.004121178931357382,0.008680405088070123,-0.00102392354124915,0.012695099202332305,-0.005038617655511332,0.00864977017045021,-0.0009932886236292378,0.009909721890393672,-0.002253240343572699,-0.002253240343572699,0.0016376568177909497,1.0
21404,21,0.04803156359893644,0.04974225426255452,-0.001710690663618078,0.04976194185797019,-0.0017303782590337505,0.053110371838170495,-0.005078808239234053,0.050206609070301056,-0.0021750454713646145,0.05280738362362779,-0.004775820024691346,-0.0021750454713646145,0.0015090042166894513,1.0
01516,01,0.007234279354479688,0.009537552602637249,-0.0023032732481575603,0.008997572194190994,-0.0017632928397113053,0.008527079657730016,-0.0012928003032503278,0.013676902279257774,-0.006442622924778086,0.008850710614242446,-0.001616431259762758,-0.0017632928397113053,0.001907618407213277,1.0
01405,01,0.0030349013657056147,0.004436049018287569,-0.001401147652581954,0.01017749485590079,-0.007142593490195175,0.015629741098943238,-0.012594839733237623,0.004641071893274784,-0.0016061705275691694,0.003596106504225427,-0.0005612051385198123,-0.0016061705275691694,0.004601544465048728,1.0
44462,44,0.015365512959801335,0.01889580786233132,-0.0035302949025299863,0.01595635062578819,-0.0005908376659868545,0.028117402762512622,-0.012751889802711287,0.016916638240218163,-0.0015511252804168273,0.015398228932595424,-3.271597279408921e-05,-0.0015511252804168273,0.004683986801584008,1.0
25443,25,0.03602262578148258,0.03509410573595645,0.0009285200455261336,0.021728067624953693,0.01429455815652889,0.03571957022367634,0.00030305555780624216,0.03583281859755516,0.00018980718392742207,0.028007578000226508,0.008015047781256075,0.0009285200455261336,0.005602382306942213,1.0
33214,33,0.01637371835111948,0.016109269882155674,0.00026444846896380575,0.015206334013760824,0.0011673843373586554,0.002530740598508177,0.013842977752611303,0.015385032631456852,0.0009886857196626277,0.015062540769782903,0.0013111775813365763,0.0011673843373586554,0.005176554956505364,1.0
34209,34,0.015363189276232755,0.012212664895427926,0.0031505243808048287,0.007474227331486418,0.007888961944746337,0.014665355336820798,0.0006978339394119563,0.014152617193758488,0.001210572082474267,0.013605725851086152,0.0017574634251466027,0.0017574634251466027,0.002605884165677247,1.0
15586,15,0.004784688995215311,0.0046597066607192384,0.00012498233449607238,0.0035743898404983756,0.0012102991547169352,-0.010796613086974188,0.0155813020821895,0.0028262243140488863,0.0019584646811664245,0.00037011558255749255,0.004414573412657818,0.0019584646811664245,0.005640924854410476,1.0
10448,10,0.02545103092783505,0.02525830042455718,0.00019273050327787283,0.023898788579924782,0.0015522423479102689,0.0035574002410392602,0.02189363068679579,0.023383401334285736,0.0020676295935493152,0.015985408872983435,0.009465622054851616,0.0020676295935493152,0.008102331511044888,1.0
26407,26,0.029709891646277527,0.022938076432134278,0.006771815214143249,0.0284552953522399,0.0012545962940376278,0.029024004593273263,0.0006858870530042638,0.02485055662691593,0.004859335019361595,0.027487913801987097,0.002221977844290429,0.002221977844290429,0.0023049782735703123,1.0
28225,28,0.036945634027727374,0.03366698255518355,0.003278651472543824,0.03579381927656256,0.001151814751164812,0.03082958577042644,0.006116048257300933,0.03463912382721901,0.0023065102005083646,0.036097609580095245,0.0008480244476321286,0.0023065102005083646,0.0018961890362515336,1.0
44461,44,0.01745254133496632,0.01616733542555307,0.0012852059094132506,0.014286030222220716,0.003166511112745605,0.013723402096824142,0.003729139238142179,0.014611228369176388,0.0028413129657899328,0.01620736877171785,0.0012451725632484714,0.0028413129657899328,0.0010110396115604753,1.0
41425,41,0.02278932997269481,0.01996761246116435,0.0028217175115304617,0.01456551330197139,0.008223816670723421,0.02258612453463614,0.00020320543805867064,0.018454475328326225,0.004334854644368585,0.01955944622640489,0.0032298837462899216,0.0032298837462899216,0.0026102975166480977,1.0
23223,23,0.14150002168915107,0.12845732445775598,0.01304269723139509,0.13821133835551266,0.003288683333638409,0.12555698335857252,0.015943038330578557,0.13891315460205078,0.002586867087100292,0.14041015586666555,0.0010898658224855196,0.003288683333638409,0.006074380395766431,1.0
06212,06,0.02282453637660485,0.01854463984922367,0.004279896527381182,0.01981303729546136,0.003011499081143492,0.021901820238265785,0.0009227161383390664,0.019081665202975273,0.0037428711736295778,0.01947488440939446,0.0033496519672103903,0.0033496519672103903,0.0011496681851298645,1.0
33666,33,0.021618724316598177,0.01837819373428696,0.0032405305823112185,0.010194530116631084,0.011424194199967094,0.018188802775727708,0.003429921540870469,0.013763414695858955,0.007855309620739222,0.018950692024229533,0.002668032292368644,0.003429921540870469,0.0034001190791699814,1.0
20208,20,0.045861916353175484,0.04296730055377055,0.0028946157994049343,0.04117956264161044,0.004682353711565043,0.040588813279107086,0.0052731030740683985,0.04583323746919632,2.8678883979164904e-05,0.04234894612969729,0.0035129702234781915,0.0035129702234781915,0.0018282738961493089,1.0
20417,20,0.004484304932735426,0.0034624114491319633,0.0010218934836034627,0.0006378421761928668,0.003846462756542559,-0.03450373294563103,0.03898803787836645,-0.0016431636177003384,0.006127468550435764,0.0019607341153539265,0.0025235708173814994,0.003846462756542559,0.01434165127087455,1.0
03381,03,0.025611766197540256,0.024621211531661018,0.0009905546658792383,0.021522778359305134,0.0040889878382351225,0.007757262240215543,0.017854503957324713,0.016342129558324814,0.009269636639215442,0.022305520311637433,0.0033062458859028226,0.0040889878382351225,0.006019148537866787,1.0
33346,33,0.04030931227377427,0.0277976533656477,0.012511658908126565,0.03939293383318253,0.0009163784405917391,0.03722910498013002,0.0030802072936442493,0.03589996322989464,0.004409349043879629,0.03253444804825361,0.007774864225520657,0.004409349043879629,0.004052369172814593,1.0
33210,33,0.02025435704192181,0.01693604559727988,0.003318311444641932,0.015842091262853082,0.004412265779068728,0.0137590594717307,0.00649529757019111,0.013856080360710621,0.0063982766812111895,0.016056029561758278,0.004198327480163532,0.004412265779068728,0.001264988260586747,1.0
19442,19,0.010380622837370242,0.0059048104292617025,0.004475812408108539,0.005117300792565924,0.005263322044804317,0.0028922328867421326,0.007488389950628109,0.008014289662241936,0.002366333175128306,0.009608932818931631,0.0007716900184386102,0.004475812408108539,0.0023261716233686103,1.0
40225,40,0.0277386768237145,0.024767632838790306,0.002971043984924194,0.023835536212236785,0.003903140611477715,0.01733170972675551,0.010406967096958989,0.02088914066553116,0.006849536158183341,0.022905369669581267,0.0048333071541332324,0.0048333071541332324,0.0026404914482414995,1.0
20386,20,0.01621384750219106,0.013444301476974585,0.002769546025216474,0.011192236394852369,0.0050216111073386905,-0.006601462346189801,0.02281530984838086,0.011091483756899834,0.005122363745291226,0.012100254009738451,0.004113593492452609,0.0050216111073386905,0.007471302898594558,1.0
44208,44,0.012861326881446582,0.01254276052942231,0.0003185663520242719,0.006798642283951572,0.00606268459749501,-3.062074462600872e-05,0.01289194762607259,0.007752940058708191,0.005108386822738391,0.008311373627169813,0.004549953254276769,0.005108386822738391,0.004060808969358594,1.0
03209,03,0.017220879837379664,0.014424675917003364,0.0027962039203763,0.003709487079443962,0.0135113927579357,-0.011479365191917917,0.02870024502929758,0.012053394690155983,0.005167485147223681,0.012787691397395932,0.004433188439983731,0.005167485147223681,0.009633469046149222,1.0
10429,10,0.03338469440164355,0.030215415167445962,0.003169279234197589,0.02804078569623839,0.005343908705405163,0.032306745973148185,0.0010779484284953664,0.02506127394735813,0.00832342045428542,0.01934403337374232,0.014040661027901233,0.005343908705405163,0.004515660849043614,1.0
42213,42,0.021482214589276356,0.017198938655195107,0.004283275934081249,0.015040572380003532,0.006441642209272824,0.0030936383591845112,0.018388576230091845,0.018919585272669792,0.002562629316606564,0.016073641115520253,0.005408573473756104,0.005408573473756104,0.005634637985509536,1.0
23445,23,0.04745808545159546,0.03834219815033308,0.00911588730126238,0.04198960449024938,0.005468480961346077,0.04527552209890166,0.0021825633526937963,0.04207465797662735,0.00538342747496811,0.038111914910162054,0.009346170541433406,0.005468480961346077,0.002671822879686587,1.0
02408,02,0.028848860118209963,0.022826710685112984,0.006022149433096979,0.027244151206667285,0.001604708911542678,0.018870270251687693,0.00997858986652227,0.023137124255299568,0.005711735862910395,0.02000855753050909,0.008840302587700872,0.006022149433096979,0.002910935139742519,1.0
43214,43,0.016999813188866057,0.012349098667827428,0.004650714521038629,0.008586124685305025,0.008413688503561032,0.010914648586270767,0.00608516460259529,0.008301339112222195,0.008698474076643863,0.011000562155946504,0.005999251032919553,0.00608516460259529,0.0015475882610243477,1.0
29452,29,0.011547344110854504,0.01021978469073641,0.0013275594201180938,0.0010927881775896606,0.010454555933264843,0.004845263944456668,0.006702080166397836,0.006067086011171341,0.005480258099683163,0.0050658804673234525,0.006481463643531051,0.006481463643531051,0.002919926592812263,1.0
24214,24,0.03956118429412512,0.03384375993906688,0.0057174243550582385,0.03347347365986314,0.006087710634261979,0.02167914227373738,0.01788204202038774,0.019795751199126244,0.019765433094998876,0.033024037221365744,0.006537147072759375,0.006537147072759375,0.006260233931198896,1.0
06208,06,0.02912142152023692,0.022566557280155972,0.006554864240080949,0.019813854132230812,0.009307567388006109,0.027601356084920405,0.0015200654353165165,0.027736328542232513,0.0013850929780044076,0.018784911521936655,0.010336509998300266,0.006554864240080949,0.0037751781016058094,1.0
20214,20,0.03571027512633352,0.027043458820670805,0.008666816305662715,0.033981103297202664,0.0017291718291308558,0.019523183215001336,0.016187091911332184,0.029145440086722374,0.006564835039611146,0.031215923591599047,0.004494351534734473,0.006564835039611146,0.0048996712580829825,1.0
43403,43,0.03214020665639093,0.029684305411381836,0.0024559012450090963,0.015753961247773406,0.016386245408617526,0.02563507901133205,0.006505127645058881,0.01344358641654253,0.018696620239848402,0.02546360788728593,0.006676598769105001,0.006676598769105001,0.006268717036808412,1.0
23211,23,0.0536347806654065,0.040948332784392666,0.012686447881013835,0.048296493743077165,0.0053382869223293355,0.048909151533435835,0.004725629131970666,0.04688010737299919,0.006754673292407309,0.03583046197039359,0.017804318695012908,0.006754673292407309,0.005035060708902785,1.0
39203,39,0.024024024024024024,0.014803479616868257,0.009220544407155766,0.023082663553356305,0.0009413604706677188,0.018877028003759087,0.0051469960202649365,0.017267215996980667,0.006756808027043357,0.009786234375824446,0.014237789648199578,0.006756808027043357,0.004408547919227204,1.0
13362,13,0.005405405405405406,0.003440996999473642,0.001964408405931764,-0.006812517219602744,0.012217922625008149,-0.07129615871357588,0.07670156411898128,0.0016599042573943734,0.0037455011480110323,-0.0013722655092734959,0.006777670914678902,0.006777670914678902,0.028423769692632286,1.0
03524,03,0.02913800080938891,0.022320601422621236,0.006817399386767675,0.015790893868465085,0.013347106940923826,0.020866112474971207,0.008271888334417703,0.022887151688337326,0.006250849121051585,0.02499077896742611,0.004147221841962801,0.006817399386767675,0.0030885515819249797,1.0
34204,34,0.0319248152665184,0.024629314456343036,0.007295500810175364,0.027494008576626816,0.004430806689891584,0.029036982411206974,0.0028878328553114258,0.024977480992674828,0.006947334273843572,0.025100363013247813,0.006824452253270587,0.006824452253270587,0.0017252473253839687,1.0
20203,20,0.02701243300889615,0.02527918184800739,0.0017332511608887588,0.02249818162377997,0.004514251385116179,0.012730072076031343,0.014282360932864807,0.015919538214802742,0.011092894794093408,0.020029459503439512,0.006982973505456638,0.006982973505456638,0.004496714081029482,1.0
23201,23,0.04679493797442905,0.03978912117431225,0.007005816800116804,0.021650165929333214,0.02514477204509584,0.04320972048929435,0.003585217485134705,0.015485490672290325,0.03130944730213873,0.045122708430184844,0.0016722295442442095,0.007005816800116804,0.01210664410840222,1.0
20414,20,0.018156424581005588,0.00910461278816011,0.009051811792845478,0.011114133671040373,0.007042290909965216,-0.01267228529146984,0.030828709872475428,0.016189154237508774,0.0019672703434968145,0.01782622632947594,0.0003301982515296481,0.007042290909965216,0.010967137075716058,1.0
24471,24,0.03228900255754476,0.02166907852631377,0.010619924031230986,0.03031832039210657,0.001970682165438189,0.0239555914696752,0.008333411087869558,0.025130698457360268,0.00715830410018449,0.03050897252800213,0.0017800300295426272,0.00715830410018449,0.003526185845490601,1.0
02321,02,0.028891509433962265,0.021504524381538534,0.007386985052423731,0.019919859940882422,0.008971649493079843,0.028687282659574515,0.00020422677438775017,0.021292783319950104,0.007598726114012161,0.026729861463808943,0.0021616479701533214,0.007386985052423731,0.003433090952536756,1.0
03485,03,0.031569173630454965,0.02408891634227857,0.0074802572881763965,0.03023683581667159,0.0013323378137833734,0.007315480747300242,0.024253692883154723,0.02039133943617344,0.011177834194281526,0.025354815083077575,0.00621435854737739,0.0074802572881763965,0.007750116974563961,1.0
39410,39,0.042797975149562816,0.03471086783178564,0.008087107317777176,0.03780820963852839,0.004989765511034423,0.03565621595562414,0.007141759193938675,0.03445037081837654,0.008347604331186274,0.031041748777256732,0.011756226372306083,0.008087107317777176,0.0021915722910121394,1.0
44210,44,0.02233336207639907,0.016882616041448962,0.005450746034950108,0.014864721214887756,0.007468640861511314,0.008629585493976619,0.013703776582422451,0.014142815954983234,0.008190546121415836,0.012935860073430831,0.009397502002968239,0.008190546121415836,0.002747965234632924,1.0
37207,37,0.03726298433635614,0.030002811356361955,0.007260172979994189,0.03272053571424171,0.004542448622114434,0.026579229753905753,0.01068375458245039,0.02900264784693718,0.008260336489418964,0.02593214235091356,0.011330841985442583,0.008260336489418964,0.0024496359303458376,1.0
11464,11,0.1875667281374357,0.14649561493840138,0.04107111319903431,0.18201041738956888,0.005556310747866805,0.117842755458277,0.0697239726791587,0.18259194493293762,0.004974783204498068,0.17929482460648632,0.008271903530949365,0.008271903530949365,0.025741722974426832,1.0
20218,20,0.05019166696521334,0.04446877391299681,0.0057228930522165294,0.041462026314561404,0.008729640650651939,0.04031727574840835,0.009874391216804994,0.0417962446808815,0.008395422284331842,0.04674441775290197,0.0034472492123113693,0.008395422284331842,0.0023315417285277177,1.0
02362,02,0.04497792494481236,0.022967664439400737,0.022010260505411626,0.030268651148451262,0.0147092737963611,0.03892956524814076,0.0060483596966716055,0.03691859543323517,0.008059329511577194,0.03644643020941381,0.008531494735398555,0.008531494735398555,0.005838572880442592,1.0
06362,06,0.027229786051681023,0.01855011706515217,0.008679668986528853,0.016383511278569608,0.010846274773111415,0.02215000708634242,0.005079778965338604,0.016227010637521744,0.01100277541415928,0.020169622176161493,0.00706016387551953,0.008679668986528853,0.0022612616675493796,1.0
38422,38,0.028093337427080135,0.021813342132739225,0.006279995294340909,0.020406574807645166,0.007686762619434968,0.018645301356842947,0.009448036070237188,0.018875595182180405,0.00921774224489973,0.01919148681408423,0.008901850612995903,0.008901850612995903,0.0011814147799846272,1.0
31371,31,0.03569102514002866,0.02664715050813884,0.009043874631889815,0.028431791077338522,0.007259234062690134,0.020460656912977257,0.0152303682270514,0.028965581208467484,0.006725443931561173,0.022621449999499138,0.013069575140529519,0.009043874631889815,0.0033339092399419013,1.0
11240,11,0.15459873958838305,0.15097823646679062,0.0036205031215924277,0.1454443944134444,0.009154345174938655,0.10748898397646636,0.04710975561191669,0.14042866230010986,0.014170077288273186,0.14663735842071868,0.007961381167664372,0.009154345174938655,0.015716786793429673,1.0
39212,39,0.023850974930362118,0.014144712831012414,0.009706262099349704,0.021130978678142426,0.002719996252219692,0.022770435541157083,0.0010805393892050347,0.01469125784933567,0.009159717081026447,0.0113203195554933,0.012530655374868818,0.009159717081026447,0.004380115342830484,1.0
07466,07,0.035064417585336696,0.027791566941990507,0.00727285064334619,0.02178491454928013,0.013279503036056566,0.02576305811796102,0.009301359467375675,0.0272216834127903,0.007842734172546398,0.022127246028538543,0.012937171556798154,0.009301359467375675,0.002525116250755771,1.0
33643,33,0.00872093023255814,0.00709638663037323,0.0016245436021849096,-0.0007997202103072399,0.00952065044286538,-0.009487441296226987,0.018208371528785128,-0.002056066645309329,0.010776996877867468,0.000986796319177502,0.007734133913380637,0.00952065044286538,0.005340063257532578,1.0
41401,41,0.042059145673603505,0.032517238042845724,0.009541907630757782,0.03091220999811461,0.011146935675488894,0.038205802020801274,0.003853343652802231,0.03207755088806152,0.009981594785541982,0.03203202121570265,0.010027124457900854,0.009981594785541982,0.002583379343354003,1.0
39302,39,0.02633889376646181,0.020086965435745993,0.006251928330715816,0.014901371283984482,0.011437522482477328,0.022329311823995612,0.004009581942466197,0.01634685881435871,0.009992034952103098,0.011610884181786976,0.014728009584674833,0.009992034952103098,0.003789172923396423,1.0
09216,09,0.07759106426701137,0.0694336802418686,0.008157384025142767,0.051053015886509755,0.026538048380501618,0.07505329512195921,0.00253776914505216,0.05463891476392746,0.022952149503083913,0.067562023348019,0.010029040918992371,0.010029040918992371,0.009150102280942865,1.0
40602,40,0.039316239316239315,0.024459092783527328,0.014857146532711987,0.029253106760365688,0.010063132555873627,0.0298979101792846,0.009418329136954715,0.02503425069153309,0.014281988624706227,0.031064791089344387,0.008251448226894928,0.010063132555873627,0.0026788825405251564,1.0
20217,20,0.029390871958799504,0.024327822681546055,0.005063049277253449,0.0134576075738736,0.015933264384925906,0.006140796314756919,0.023250075644042585,0.022000491619110107,0.007390380339689397,0.019206001424865032,0.010184870533934472,0.010184870533934472,0.006542716100375383,1.0
11211,11,0.059937846236995,0.05876193120570354,0.001175915031291462,0.04084817256210188,0.019089673674893122,0.05764007823805077,0.002297767998944232,0.0444292277097702,0.0155086185272248,0.04954426216752086,0.010393584069474146,0.010393584069474146,0.007068803373925564,1.0
23221,23,0.03946647177050978,0.029060162968109274,0.010406308802400503,0.03204669734556522,0.007419774424944556,0.024120159528343333,0.015346312242166444,0.028287125751376152,0.011179346019133625,0.02917790223610212,0.010288569534407658,0.010406308802400503,0.0025523846725256233,1.0
45209,45,0.01998274870615296,0.01239594633118215,0.00758680237497081,0.008789297924869384,0.011193450781283577,0.007365980677900522,0.012616768028252439,0.009425124153494835,0.010557624552658126,0.01186203275354522,0.00812071595260774,0.010557624552658126,0.001894034859981737,1.0
31325,31,0.03143093465674111,0.015807687571071923,0.015623247085669183,0.023620421363086064,0.007810513293655043,0.02823078752327468,0.003200147133466426,0.016573375090956688,0.014857559565784419,0.02083430387084373,0.010596630785897378,0.010596630785897378,0.00459853414735075,1.0
22209,22,0.04353390399462907,0.03842384718438883,0.005110056810240245,0.031332556276275965,0.012201347718353107,0.038462879183041,0.005071024811588075,0.032914984971284866,0.010618919023344206,0.032854510138451254,0.010679393856177818,0.010618919023344206,0.003030191597066378,1.0
08214,08,0.061203152645970725,0.04697029238267315,0.014232860263297578,0.0505710912265931,0.010632061419377628,0.04423716414658907,0.016965988499381655,0.05331713333725929,0.007886019308711432,0.05371956967146205,0.007483582974508678,0.010632061419377628,0.0036680620626371213,1.0
46219,46,0.044715447154471545,0.03392667489412569,0.010788772260345858,0.027472646519602243,0.017242800634869302,0.04337993930296123,0.0013355078515103133,0.03232887387275696,0.012386573281714587,0.0341639794207,0.010551467733771545,0.010788772260345858,0.005159280537614803,1.0
12236,12,0.049507726819541374,0.03164338838816998,0.017864338431371397,0.03517651564762779,0.014331211171913584,0.041106189957129884,0.00840153686241149,0.03870378062129021,0.010803946198251167,0.04343587422412779,0.006071852595413582,0.010803946198251167,0.004196907487257953,1.0
20219,20,0.04592096645076778,0.03410504824613239,0.011815918204635387,0.04353092411034379,0.0023900423404239896,0.03188868522332129,0.014032281227446486,0.03511228412389755,0.010808682326870225,0.03584039682292919,0.010080569627838591,0.010808682326870225,0.0039490887945245155,1.0
11207,11,0.055785350854716496,0.03383539668716377,0.02194995416755273,0.04478507390921014,0.011000276945506357,0.05489851647463652,0.0008868343800799774,0.044034287333488464,0.011751063521228032,0.04826476044762926,0.0075205904070872395,0.011000276945506357,0.00684299078308531,1.0
20213,20,0.03143696290655934,0.021369722586289244,0.010067240320270097,0.015514007370304981,0.01592295553625436,0.027722567567464912,0.0037143953390944284,0.020433880388736725,0.011003082517822615,0.019616149836163117,0.011820813070396223,0.011003082517822615,0.003940498323562458,1.0
25203,25,0.033750480651588775,0.02881096045301506,0.004939520198573716,0.022277594061793148,0.011472886589795627,0.013390234432149262,0.020360246219439514,0.022649550810456276,0.0111009298411325,0.025328975437857545,0.00842150521373123,0.0111009298411325,0.005116456156686326,1.0
24208,24,0.08753568030447194,0.06806104014305697,0.019474640161414966,0.07638143282143449,0.01115424748303745,0.07167628074117025,0.015859399563301693,0.08513502776622772,0.002400652538244216,0.07708420056823481,0.010451479736237126,0.01115424748303745,0.005760883356894459,1.0
11238,11,0.23892650585414021,0.20337004387582394,0.03555646197831627,0.22774050995910095,0.011185995895039269,0.14640009486824562,0.09252641098589459,0.22860780358314514,0.010318702270995073,0.22892980461745158,0.009996701236688638,0.011185995895039269,0.0318229693061671,1.0
11212,11,0.1314504141006583,0.1288034050072506,0.002647009093407704,0.12649903887828856,0.004951375222369742,0.10300566041667703,0.028444753683981278,0.10265796631574631,0.028792447784911995,0.12020512442825047,0.01124528967240783,0.01124528967240783,0.011299809317645966,1.0
20220,20,0.04827525480441147,0.036890022498171554,0.011385232306239917,0.033902239795540225,0.014373015008871247,0.029043757695801177,0.019231497108610295,0.03812694922089577,0.010148305583515704,0.04508203131899485,0.0031932234854166186,0.011385232306239917,0.0052675391814404355,1.0
17407,17,0.04310344827586207,0.028669547369952763,0.014433900905909309,0.023193007491456304,0.019910440784405768,0.04069747228687614,0.0024059759889859325,0.03631298243999481,0.00679046583586726,0.03169321718922963,0.011410231086632444,0.011410231086632444,0.006048683602495435,1.0
20207,20,0.05133860992171619,0.03540736340948952,0.015931246512226667,0.04576943229724801,0.00556917762446818,0.03597690834986001,0.015361701571856179,0.03970948979258537,0.011629120129130817,0.04464225823453811,0.0066963516871780815,0.011629120129130817,0.004283587440730566,1.0
02303,02,0.025252525252525252,0.01446116964068877,0.010791355611836482,0.0005734417530558222,0.02467908349946943,0.011734581727033747,0.013517943525491505,0.013440227136015892,0.01181229811650936,0.014132036347780305,0.011120488904744947,0.01181229811650936,0.005232782180650571,1.0
28229,28,0.05514060997001075,0.039954144710646185,0.015186465259364568,0.03417669055632262,0.02096391941368813,0.050539764210960285,0.0046008457590504676,0.046236004680395126,0.008904605289615626,0.043299607577696506,0.011841002392314247,0.011841002392314247,0.005557185247407084,1.0
16207,16,0.036745796241345205,0.03119212628583679,0.005553669955508416,0.021930477959890372,0.014815318281454833,0.02478762247052657,0.011958173770818634,0.017803048714995384,0.01894274752634982,0.031021824807358787,0.0057239714339864176,0.011958173770818634,0.005201266479447919,1.0
34304,34,0.11125951649525845,0.06333632996418112,0.04792318653107733,0.10958901891178842,0.0016704975834700292,0.1050393659105436,0.006220150584714854,0.09046098589897156,0.02079853059628689,0.09926353099158572,0.01199598550367273,0.01199598550367273,0.016396994966534302,1.0
06403,06,0.02637577336372517,0.01429007329251616,0.01208570007120901,0.014927227983622856,0.011448545380102313,0.012181307435043247,0.014194465928681923,0.012571140192449093,0.013804633171276077,0.017263694855088017,0.009112078508637152,0.01208570007120901,0.0018243138244310435,1.0
40214,40,0.04637736938323872,0.03942603455203744,0.006951334831201278,0.03334136819885759,0.013036001184381127,0.03424774350147833,0.012129625881760392,0.026949753984808922,0.0194276153984298,0.0358869024105486,0.01049046697269012,0.012129625881760392,0.004079191114486127,1.0
20303,20,0.03126656067832538,0.0232986536799613,0.00796790699836408,0.015879857286604442,0.015386703391720939,0.01912335960750501,0.01214320107082037,0.021184461191296577,0.010082099487028803,0.017003461184168234,0.014263099494157147,0.01214320107082037,0.0027034449481308336,1.0
03214,03,0.026242161119150988,0.017938022714285014,0.008304138404865973,0.010023390249237457,0.01621877086991353,0.007050894442829053,0.019191266676321934,0.013952385634183884,0.012289775484967104,0.019256754305137284,0.006985406814013703,0.012289775484967104,0.00461767471995066,1.0
01395,01,0.022306597057427623,0.011758104124711058,0.010548492932716565,-0.0026223079911451125,0.024928905048572734,0.009587241224089063,0.01271935583333856,0.009389577433466911,0.012917019623960711,0.011365422209513074,0.010941174847914549,0.01271935583333856,0.005341883776191811,1.0
29386,29,0.026717557251908396,0.013938565945819296,0.0127789913060891,0.008459542389245215,0.01825801486266318,0.010036683110289525,0.01668087414161887,0.018240870907902718,0.008476686344005679,0.02329761990690119,0.0034199373450072047,0.0127789913060891,0.00543473372033574,1.0
31386,31,0.04051863857374392,0.023250377588943508,0.017268260984800415,0.027705649285946866,0.012812989287797057,0.022293389371308987,0.018225249202434936,0.028588425368070602,0.01193021320567332,0.029012236756638672,0.011506401817105251,0.012812989287797057,0.002822680100880704,1.0
15227,15,0.0393723880049857,0.02751078002362819,0.011861607981357509,0.026555991344976604,0.012816396660009097,0.027981320820158702,0.011391067184826999,0.023635635152459145,0.015736752852526556,0.022143174843097163,0.017229213161888537,0.012816396660009097,0.002282019519976984,1.0
28443,28,0.05073684210526316,0.047500215443246216,0.0032366266620169407,0.03392365837304375,0.016813183732219406,0.03593859229079985,0.014798249814463309,0.03790725767612457,0.012829584429138584,0.0381750973927674,0.012561744712495757,0.012829584429138584,0.00466446048155611,1.0
33209,33,0.023433284513990595,0.015086865654110533,0.008346418859880063,0.009099676649680966,0.014333607864309629,0.010879209914201916,0.012554074599788679,0.010572157800197601,0.012861126713792994,0.008222536292127464,0.015210748221863132,0.012861126713792994,0.002364991629139124,1.0
08216,08,0.05770845830833833,0.04471756205634618,0.012990896251992151,0.046003596894577316,0.011704861413761015,0.05650736961412234,0.0012010886942159932,0.043145954608917236,0.014562503699421095,0.04277013943152074,0.01493831887681759,0.012990896251992151,0.005072461342282443,1.0
39412,39,0.01777634130575307,0.009229199935999846,0.008547141369753224,0.007570579689480114,0.010205761616272957,0.004461895132390731,0.013314446173362339,0.002298046136274934,0.015478295169478136,0.003243213294579092,0.014533128011173978,0.013314446173362339,0.0026275581348256228,1.0
01464,01,0.030352748154224774,0.013422543139307791,0.01693020501491698,0.02734841221633398,0.003004335937890793,0.01694067532707874,0.013412072827146033,0.012334532104432583,0.01801821604979219,0.017843963855474106,0.012508784298750669,0.013412072827146033,0.005304708317672774,1.0
24205,24,0.09042106786282737,0.07694861923098928,0.013472448631838094,0.08006441005528092,0.010356657807546452,0.0863760760262911,0.004044991836536269,0.06573039293289185,0.024690674929935527,0.06307507255316058,0.02734599530966679,0.013472448631838094,0.008779702672204046,1.0
03205,03,0.027401849122336862,0.016681464838535096,0.010720384283801766,0.01391784936562365,0.013483999756713211,0.013245188364968935,0.014156660757367927,0.014355940744280815,0.013045908378056047,0.012893590256124951,0.01450825886621191,0.013483999756713211,0.0013325312346008527,1.0
01438,01,0.03466204506065858,0.016937803375678077,0.0177242416849805,0.026704010464369047,0.007958034596289531,0.033211379561979004,0.0014506654986795736,0.02114875055849552,0.013513294502163056,0.01933957490254467,0.015322470158113909,0.013513294502163056,0.005839032253078081,1.0
13221,13,0.30468599961590165,0.27805508133702134,0.02663091827888031,0.302185209766562,0.0025007898493396574,0.2910707856925376,0.013615213923364067,0.2945821285247803,0.010103871091121375,0.270870831946996,0.03381516766890563,0.013615213923364067,0.011350681312134415,1.0
34202,34,0.06019369745833538,0.03990805430741372,0.020285643150921663,0.05646194599446152,0.0037317514638738614,0.059672935432872665,0.0005207620254627163,0.04656023904681206,0.013633458411523323,0.044211493276653455,0.015982204181681926,0.013633458411523323,0.007489716835387077,1.0
16343,16,0.04107455713451431,0.027346756126907453,0.013727801007606854,0.031046596340668902,0.010027960793845405,0.037543563323934784,0.0035309938105795233,0.022924676537513733,0.018149880597000574,0.02085484082917386,0.020219716305340446,0.013727801007606854,0.005959600717048314,1.0
01431,01,0.02120141342756184,0.007872752560694887,0.013328660866866952,0.0072662568020211045,0.013935156625540734,0.002616256811472678,0.01858515661608916,0.007426574360579252,0.013774839066982587,0.010158413191859283,0.011043000235702555,0.013774839066982587,0.002456997318504816,1.0
39304,39,0.03055229142185664,0.02108311114066405,0.009469180281192587,0.017405974126515955,0.013146317295340684,0.010163103509206156,0.020389187912650483,0.015808414667844772,0.014743876754011866,0.016655205291443792,0.013897086130412847,0.013897086130412847,0.0035242342670012204,1.0
15226,15,0.036354841110366895,0.022781437409036723,0.013573403701330172,0.01817803218110621,0.018176808929260685,0.012468222563306708,0.023886618547060187,0.02236146479845047,0.013993376311916425,0.023720189370157456,0.012634651740209439,0.013993376311916425,0.004174968476220467,1.0
07482,07,0.028428093645484948,0.019412081029738886,0.009016012615746062,0.002109246230993468,0.026318847414491482,-0.0008016989568623845,0.029229792602347333,0.014419235289096832,0.014008858356388116,0.01761465595562829,0.010813437689856657,0.014008858356388116,0.008288838478221523,1.0
13364,13,0.010570824524312896,0.007271541664603451,0.0032992828597094457,-0.01303634233811208,0.023607166862424978,0.010324368853515356,0.00024645567079754037,-0.00931356567889452,0.019884390203207418,-0.003494724762536573,0.01406554928684947,0.01406554928684947,0.009107814831140345,1.0
20210,20,0.03281327389796929,0.024448727517244386,0.008364546380724907,0.016830619617091022,0.01598265428087827,0.01871559504862686,0.014097678849342432,0.01586800441145897,0.016945269486510324,0.021752012820197036,0.011061261077772257,0.014097678849342432,0.0031777695750460325,1.0
01343,01,0.035391566265060244,0.024151589323993566,0.011239976941066678,0.019262958522424857,0.016128607742635387,0.01573016490826605,0.019661401356794193,0.02129269763827324,0.014098868626787005,0.023089386935160397,0.012302179329899847,0.014098868626787005,0.0029912584209920387,1.0
31329,31,0.036632390745501286,0.01963539166717153,0.016996999078329758,0.02251366537691269,0.014118725368588596,0.034708354927535316,0.0019240358179659703,0.02409197762608528,0.012540413119416005,0.020115485259102714,0.016516905486398573,0.014118725368588596,0.005491793600066743,1.0
21208,21,0.06278464541314248,0.04600313103509448,0.016781514378048,0.042034602890082026,0.020750042523060452,0.055850473473557496,0.006934171939584982,0.048762138932943344,0.014022506480199134,0.048555748046946325,0.014228897366196154,0.014228897366196154,0.004512253561488175,1.0
15218,15,0.04063581030783378,0.027259185280264768,0.013376625027569013,0.019448874982109413,0.021186935325724368,0.028378603883960213,0.012257206423873568,0.018274547532200813,0.022361262775632967,0.026249637969370666,0.014386172338463114,0.014386172338463114,0.004202822597901334,1.0
07502,07,0.033693163231926726,0.025533582126793717,0.008159581105133009,0.018059139902933893,0.015634023328992833,0.019156120054292895,0.01453704317763383,0.019199742004275322,0.014493421227651404,0.015676858029092466,0.01801630520283426,0.01453704317763383,0.0032650227186312147,1.0
15385,15,0.03035333175243064,0.01871305842797405,0.01164027332445659,0.00798723219558294,0.0223660995568477,0.02184079716726786,0.008512534585162778,0.006174682639539242,0.024178649112891398,0.01563607720363168,0.01471725454879896,0.01471725454879896,0.006061880528189736,1.0
24443,24,0.03603366649132036,0.020195296082895,0.015838370408425357,0.01880355422220661,0.017230112269113747,0.027191117468032724,0.008842549023287634,0.021837102249264717,0.014196564242055641,0.021308630469002214,0.014725036022318144,0.014725036022318144,0.002857908016149701,1.0
20411,20,0.02523474178403756,0.017161784212623647,0.008072957571413911,0.004268250523952524,0.020966491260085034,0.01047818049999829,0.01475656128403927,0.01029795128852129,0.014936790495516269,0.013100503971644598,0.012134237812392961,0.01475656128403927,0.004205770113813996,1.0
27206,27,0.269433465085639,0.2581579589874099,0.011275506098229082,0.2545855804996361,0.01484788458600289,0.2114991176343775,0.05793434745126147,0.24456973373889923,0.024863731346739748,0.2607294699156285,0.00870399517001047,0.01484788458600289,0.01805990039022984,1.0
12218,12,0.059986178299930894,0.042121235499658814,0.01786494280027208,0.04026975312627176,0.01971642517365913,0.05902573389954758,0.0009604444003833146,0.046029988676309586,0.013956189623621308,0.045007075203862476,0.014979103096068418,0.014979103096068418,0.006592918508997104,1.0
12234,12,0.03628426250626208,0.019434863786529612,0.016849398719732466,0.021957581451403852,0.014326681054858226,0.03024150846539525,0.006042754040866828,0.021218566223978996,0.015065696282283082,0.017402035986554577,0.0188822265197075,0.015065696282283082,0.0043873257682714405,1.0
20202,20,0.03181174045604844,0.02974637868753895,0.0020653617685094904,0.016854022410581246,0.014957718045467194,0.01667398153920662,0.015137758916841819,0.004943313542753458,0.026868426913294982,0.005854268741722138,0.025957471714326302,0.015137758916841819,0.009036640865007071,1.0
30366,30,0.030177799135031234,0.020407190058098337,0.009770609076932897,0.014932260487825089,0.015245538647206146,0.015613905029003894,0.01456389410602734,0.008205689489841461,0.021972109645189773,0.009858671665961119,0.020319127469070115,0.015245538647206146,0.004360218849430094,1.0
09206,09,0.03955383490808674,0.021061333113453044,0.018492501794633697,0.027066583302959545,0.012487251605127196,0.03841695348388903,0.001136881424197711,0.01992603950202465,0.01962779540606209,0.024304010580344468,0.015249824327742273,0.015249824327742273,0.006623564605650516,1.0
25213,25,0.04767371931551036,0.03236339609157833,0.015310323223932026,0.04240911818882081,0.0052646011266895484,0.01981631280218748,0.02785740651332288,0.034793879836797714,0.012879839478712643,0.02882313612615445,0.018850583189355907,0.015310323223932026,0.007405112567710457,1.0
28382,28,0.18246536685479733,0.14859045514658595,0.033874911708211386,0.17037526138727177,0.012090105467525564,0.16690793460186082,0.015557432252936515,0.1729889214038849,0.009476445450912446,0.16336778549547068,0.019097581359326654,0.015557432252936515,0.008564573752220837,1.0
01454,01,0.02825077399380805,0.012626663464428848,0.015624110529379202,0.018476632728898115,0.009774141264909934,0.023484170230229078,0.004766603763578972,0.010195732116699219,0.01805504187710883,0.010431611574474371,0.01781916241933368,0.015624110529379202,0.005169966730301881,1.0
02406,02,0.030837004405286344,0.018073383840051874,0.01276362056523447,0.0101606938958141,0.020676310509472245,-0.005844570314308212,0.03668157471959456,0.015208329074084759,0.015628675331201585,0.01576719506242437,0.015069809342861975,0.015628675331201585,0.008653072295510668,1.0
15212,15,0.032432432432432434,0.016795889929554286,0.01563654250287815,0.012186323675606294,0.020246108756826142,0.02032196920314152,0.012110463229290915,0.015037120319902897,0.017395312112529537,0.018863321810357256,0.013569110622075178,0.01563654250287815,0.002861077089096035,1.0
01394,01,0.028002154011847066,0.01217689408604724,0.015825259925799827,0.01733819626361283,0.010663957748234237,0.023751601949920292,0.004250552061926774,0.00965404137969017,0.018348112632156896,0.008830963620259369,0.019171190391587697,0.015825259925799827,0.0055597412672941686,1.0
04215,04,0.03761263123088369,0.021737606002846955,0.015875025228036733,0.028902560123151178,0.00871007110773251,0.010228470803658088,0.0273841604272256,0.024853073060512543,0.012759558170371145,0.02148376746804715,0.016128863762836537,0.015875025228036733,0.006214945488934714,1.0
01456,01,0.032432432432432434,0.016418672317901586,0.01601376011453085,0.01855516021870776,0.013877272213724673,0.02453814332321904,0.007894289109213394,0.013726217672228813,0.01870621476020362,0.01628915872591921,0.016143273706513223,0.01601376011453085,0.0036524959218107223,1.0
07522,07,0.03172381618847679,0.02576083581771126,0.0059629803707655325,0.006526209090108882,0.025197607098367908,0.003234813289858307,0.028489002898618485,0.015692204236984253,0.01603161195149254,0.025863059420086383,0.0058607567683904085,0.01603161195149254,0.009419582345676657,1.0
46452,46,0.03660280240205891,0.020018007681990465,0.016584794720068446,0.00832416015947273,0.02827864224258618,0.02763377815407672,0.00896902424798219,0.00898437574505806,0.02761842665700085,0.02018975972338219,0.01641304267867672,0.016584794720068446,0.007373955512983676,1.0
15225,15,0.032773058617989036,0.016169151869735623,0.016603906748253412,0.011938408703968707,0.02083464991402033,0.020000108708778747,0.012772949909210289,0.015302288345992565,0.01747077027199647,0.017269501921227025,0.015503556696762011,0.016603906748253412,0.0026280072114543466,1.0
16322,16,0.05133216747248225,0.030636158284212855,0.020696009188269398,0.024483502980789267,0.026848664491692986,0.044383506551185635,0.006948660921296618,0.03798411414027214,0.013348053332210112,0.0345152350851726,0.01681693238730965,0.01681693238730965,0.006708695442175551,1.0
12215,12,0.050351414669309785,0.03814833245497039,0.012203082214339397,0.027462610277307103,0.022888804392002682,0.019498459221045816,0.03085295544826397,0.03349332883954048,0.016858085829769304,0.034903211164816844,0.015448203504492941,0.016858085829769304,0.006586387893821827,1.0
11408,11,0.08022209458165805,0.06335160248655136,0.016870492095106687,0.06235365307840041,0.017868441503257636,0.06839337979771434,0.011828714783943706,0.0736827552318573,0.006539339349800749,0.05660778385721733,0.023614310724440722,0.016870492095106687,0.005778932452915249,1.0
18404,18,0.04242182832105158,0.027093204747990617,0.015328623573060966,0.03300262095998062,0.009419207361070964,0.023418278531079056,0.019003549789972526,0.02398819662630558,0.018433631694746003,0.025480372273448577,0.016941456047603005,0.016941456047603005,0.0034477581310554998,1.0
07362,07,0.03533240353324035,0.017814173683788275,0.017518229849452078,0.011004509394679717,0.024327894138560638,0.02145036252626048,0.013882041006979873,0.018386052921414375,0.016946350611825978,0.02388653201116709,0.011445871522073263,0.016946350611825978,0.0043447609971213365,1.0
07464,07,0.03795202291442893,0.032170322037757805,0.005781700876671125,0.008627401279541291,0.029324621634887638,0.020855108560477273,0.017096914353951657,0.011801310814917088,0.026150712099511843,0.026934883850447802,0.011017139063981128,0.017096914353951657,0.008870905262170905,1.0
41202,41,0.033320126035357826,0.02046825520072338,0.012851870834634446,-0.000570992635961321,0.033891118671319144,0.010905154634369793,0.022414971400988033,0.0159236341714859,0.017396491863871925,0.020158335070591844,0.013161790964765982,0.017396491863871925,0.007789920015942818,1.0
11361,11,0.07734375,0.04933903984878369,0.028004710151216312,0.03975747107983533,0.037586278920164674,0.059832963513886506,0.017510786486113497,0.061255697160959244,0.01608805283904076,0.06429264767064284,0.013051102329357162,0.017510786486113497,0.00909033780671007,1.0
21221,21,0.04655643958229736,0.0330451681777492,0.013511271404548164,0.028948852261363723,0.017607587320933638,0.0463837919230298,0.00017264765926756215,0.026865564286708832,0.01969087529558853,0.021217501979665772,0.02533893760263159,0.017607587320933638,0.008454761578705769,1.0
20486,20,0.029465930018416207,0.008889686153355352,0.020576243865060857,0.011843549597668932,0.017622380420747277,0.025090496090997415,0.0043754339274187926,0.009255893528461456,0.02021003648995475,0.011822367547834542,0.017643562470581665,0.017643562470581665,0.0059848774294506335,1.0
11362,11,0.06525285481239804,0.04962852803793226,0.015624326774465777,0.04114782898129303,0.024105025831105006,0.04743124070727783,0.017821614105120204,0.04707612469792366,0.018176730114474376,0.0511574531039299,0.014095401708468139,0.017821614105120204,0.003412267507869415,1.0
40383,40,0.10047917434574272,0.09248257058875828,0.007996603756984438,0.08265427155865286,0.017824902787089855,0.06935894352092789,0.031120230824814826,0.08371575176715851,0.01676342257858421,0.08052868898628618,0.019950485359456538,0.017824902787089855,0.007414847546103182,1.0
40229,40,0.048769190047644254,0.034482740713901755,0.014286449333742499,0.026250730558025563,0.02251845948961869,0.038626932553375126,0.010142257494269127,0.03024507500231266,0.018524115045331593,0.030892977498753804,0.01787621254889045,0.01787621254889045,0.004180667517509214,1.0
07210,07,0.03973379538473655,0.024548824637096314,0.015184970747640237,0.017736718312256677,0.021997077072479873,0.022332302043294124,0.017401493341442427,0.02149609662592411,0.01823769875881244,0.02182524049344632,0.01790855489129023,0.01790855489129023,0.002200798393753704,1.0
01455,01,0.03409881697981907,0.01605365583867433,0.01804516114114474,0.023776959240597986,0.010321857739221084,0.029705811282353944,0.004393005697465126,0.013139849528670311,0.02095896745114876,0.014417680662950474,0.019681136316868596,0.01804516114114474,0.006333668162457451,1.0
38210,38,0.05590376701487813,0.030758043849383822,0.025145723165494304,0.044844509595082356,0.01105925741979577,0.03772266506407269,0.01818110195080544,0.037996310740709305,0.017907456274168822,0.02608930804992257,0.029814458964955555,0.01818110195080544,0.006473597886646821,1.0
11326,11,0.13518078318528712,0.09169180021902314,0.04348898296626398,0.133114755082392,0.0020660281028951066,0.09859565257716069,0.03658513060812643,0.13487207889556885,0.00030870428971827013,0.11697197634027451,0.01820880684501261,0.01820880684501261,0.017545912483015538,1.0
11224,11,0.36825815914924825,0.3631079541671801,0.005150204982068141,0.3635087268072812,0.004749432341967064,0.2919360545588946,0.07632210459035366,0.32285311818122864,0.04540504096801962,0.34999786299667957,0.01826029615256869,0.01826029615256869,0.02748080870931087,1.0
20309,20,0.0411790203727785,0.0199647883651498,0.0212142320076287,0.022963770190167,0.018215250182611498,0.02291401141211298,0.01826500896066552,0.020215699449181557,0.020963320923596943,0.025236893416915693,0.015942126955862806,0.01826500896066552,0.0019612278977523302,1.0
08215,08,0.05472483428395252,0.0362541609599104,0.01847067332404212,0.0291202337495853,0.025604600534367222,0.04062752085382305,0.014097313430129474,0.03547125309705734,0.01925358118689518,0.04463597723202464,0.010088857051927878,0.01847067332404212,0.0052192925581719795,1.0
07405,07,0.031512605042016806,0.012912823383990342,0.018599781658026462,0.012179491046070318,0.019333113995946487,0.0019225045010136943,0.02959010054100311,0.01735539361834526,0.014157211423671545,0.021717758552908098,0.009794846489108708,0.018599781658026462,0.006604903826242202,1.0
25209,25,0.044870015727634376,0.025804322575214006,0.01906569315242037,0.02817314641778592,0.016696869309848456,0.031057931449454006,0.01381208427818037,0.023117199540138245,0.02175281618749613,0.0226442977849919,0.022225717942642477,0.01906569315242037,0.003155559924700397,1.0
35208,35,0.04418057154640592,0.025157651924228655,0.019022919622177267,0.020986758118946246,0.023193813427459676,0.03854829397034079,0.005632277576065131,0.025042423978447914,0.019138147567958008,0.023595751260167983,0.02058482028623794,0.019138147567958008,0.006128298924275436,1.0
07504,07,0.04098073555166375,0.03345094562972225,0.007529789921941497,0.024264435375590976,0.01671630017607277,0.004870781593399813,0.036109953958263934,0.01923113316297531,0.021749602388688435,0.02181432301157829,0.019166412540085456,0.019166412540085456,0.009265546829210849,1.0
03303,03,0.04438095238095238,0.024806841166061886,0.019574111214890496,0.02978918390097696,0.014591768479975422,0.01179683016122065,0.03258412221973173,0.02516636624932289,0.01921458613162949,0.02825387835713772,0.016127074023814664,0.01921458613162949,0.006364462302366239,1.0
41441,41,0.04295185932545402,0.028266847225014075,0.014685012100439945,0.027491752641295775,0.015460106684158245,0.008515953839463013,0.03443590548599101,0.023709459230303764,0.019242400095150256,0.019319686985108386,0.023632172340345634,0.019242400095150256,0.007209778692431586,1.0
20211,20,0.043160790197549384,0.024495130105512714,0.01866566009203667,0.010626673105366706,0.03253411709218268,0.008680742116628046,0.03448004808092134,0.02371937409043312,0.019441416107116263,0.03072120028050806,0.012439589917041326,0.019441416107116263,0.008536411472861136,1.0
07213,07,0.04140592797991532,0.02637500053558158,0.015030927444333736,0.013550729345868887,0.02785519863404643,0.021929304988688447,0.01947662299122687,0.017907481640577316,0.023498446339338,0.02396013733918837,0.017445790640726946,0.01947662299122687,0.004544130984705291,1.0
24216,24,0.03033058236583205,0.02482267659893305,0.005507905766899,0.020215693630578582,0.010114888735253468,0.010625423269577966,0.019705159096254084,0.0043149287812411785,0.026015653584590872,0.0066573977313674065,0.023673184634464644,0.019705159096254084,0.007907012318903183,1.0
15209,15,0.047674612435405904,0.030386031307684358,0.017288581127721546,0.018978301973969044,0.02869631046143686,0.044253553464894756,0.0034210589705111483,0.026926910504698753,0.02074770193070715,0.027780296035393254,0.01989431640001265,0.01989431640001265,0.008229222759909598,1.0
04581,04,0.04279782816991377,0.02287812773442176,0.019919700435492006,0.009599716812278496,0.03319811135763527,0.03388151715422183,0.008916311015691937,0.025020616129040718,0.01777721204087305,0.021497405740184383,0.021300422429729383,0.019919700435492006,0.007790114721707079,1.0
20590,20,0.0426430230103441,0.022412899480469366,0.020230123529874737,0.02369179949308252,0.018951223517261584,0.024701858454772088,0.017941164555572015,0.017016828060150146,0.025626194950193956,0.018900878562185273,0.02374214444815883,0.020230123529874737,0.002919697850184462,1.0
02323,02,0.033820138355111454,0.013443527507178744,0.02037661084793271,0.0020161941453433582,0.03180394420976809,0.020786759327089017,0.013033379028022436,0.009388744831085205,0.02443139352402625,0.01916749956807884,0.014652638787032615,0.02037661084793271,0.006819761870951977,1.0
30208,30,0.04804339403332042,0.02745949526233158,0.02058389877098884,0.021880026749636034,0.026163367283684385,0.028944779317990506,0.019098614715329913,0.028856275603175163,0.019187118430145256,0.02766115054738406,0.02038224348593636,0.02038224348593636,0.0026108406821973838,1.0
04501,04,0.042169550676166935,0.02495791864519028,0.017211632030976656,0.019436622941755025,0.02273292773441191,0.03451921692969361,0.007650333746473323,0.01553178858011961,0.026637762096047325,0.021759406223400918,0.020410144452766017,0.020410144452766017,0.006422559184368267,1.0
20425,20,0.04211332312404288,0.02193254577163149,0.020180777352411392,0.010467450154501883,0.031645872969540995,0.021686716738601196,0.020426606385441685,0.015240106731653214,0.026873216392389668,0.02607242034789589,0.01604090277614699,0.020426606385441685,0.00552714622375981,1.0
01427,01,0.03397260273972603,0.013432448793879136,0.020540153945846892,0.017260336590578688,0.01671226614914734,0.018237693378281405,0.015734909361444623,0.013004145585000515,0.020968457154725513,0.012347452604463585,0.021625150135262443,0.020540153945846892,0.0024068799940676535,1.0
12237,12,0.0681131812479673,0.04017303242123905,0.027940148826728246,0.04741327343425514,0.020699907813712157,0.049230502097756236,0.01888267915021106,0.05985302850604057,0.008260152741926721,0.046022515475480814,0.02209066577248648,0.020699907813712157,0.00641988758431326,1.0
12342,12,0.0944967414916727,0.07373737804853317,0.020759363443139528,0.07972652665029425,0.014770214841378443,0.07341020766151822,0.021086533830154477,0.07479730248451233,0.01969943900716037,0.06961269009836231,0.02488405139331039,0.020759363443139528,0.0032485174185228403,1.0
23442,23,0.11603624101084793,0.07800388062235307,0.03803236038849486,0.09773135928079764,0.018304881730050293,0.09702060998072717,0.019015631030120758,0.08605334162712097,0.02998289938372696,0.0949801260478765,0.021056114962971426,0.021056114962971426,0.007622017360326227,1.0
21210,21,0.04911229946524064,0.029435207289073072,0.01967709217616757,0.030898897382958573,0.01821340208228207,0.021295456020972853,0.02781684344426779,0.027993254363536835,0.021119045101703808,0.02174011208899098,0.027372187376249663,0.021119045101703808,0.003992011338400064,1.0
15342,15,0.05416350291065553,0.0326246295125501,0.02153887339810543,0.025632814230548178,0.028530688680107354,0.04286512763668614,0.011298375273969395,0.033445991575717926,0.020717511334937606,0.023759616455058655,0.030403886455596878,0.02153887339810543,0.00675896487637378,1.0
12410,12,0.0573873121869783,0.036466948297007695,0.0209203638899706,0.03469777570951344,0.022689536477464856,0.04978193405507108,0.007605378131907217,0.03582561016082764,0.02156170202615066,0.033112006008975174,0.024275306178003123,0.02156170202615066,0.006011433785796159,1.0
07211,07,0.037783844149398185,0.022861565583485087,0.014922278565913098,0.011898830852729803,0.025885013296668383,0.0029028858229578278,0.03488095832644036,0.016155913472175598,0.021627930677222587,0.02115538253240235,0.016628461616995834,0.021627930677222587,0.007169189295007333,1.0
07423,07,0.035101404056162244,0.012925578588667561,0.022175825467494685,0.017034429531069286,0.018066974525092958,0.007774740698881566,0.02732666335728068,0.013466035947203636,0.021635368108958608,0.0163889462407103,0.018712457815451944,0.021635368108958608,0.0032847008917350397,1.0
01585,01,0.032383808095952024,0.01207492511679418,0.020308882979157845,0.008486040176200076,0.02389776791975195,0.03110783935260021,0.001275968743351813,0.008338970132172108,0.024044837963779916,0.01067373563709613,0.021710072458855895,0.021710072458855895,0.008600072511857751,1.0
20307,20,0.019417475728155338,0.0049474862665806335,0.014469989461574705,-0.002414759506670597,0.021832235234825935,-0.02808612155370399,0.04750359728185933,-0.0043918052688241005,0.02380928099697944,0.0012734899360962726,0.018143985792059066,0.021832235234825935,0.011624416076373446,1.0
24561,24,0.037787182587666265,0.015953764171500268,0.021833418416165998,0.015514524481269786,0.02227265810639648,0.03095600185651693,0.006831180731149335,0.017233021557331085,0.02055416103033518,0.01257985377063596,0.025207328817030306,0.021833418416165998,0.00643720300454547,1.0
20323,20,0.0478231748158071,0.024285030164611227,0.023538144651195872,0.026529742288420432,0.021293432527386667,0.04113612109910086,0.006687053716706241,0.023366330191493034,0.024456844624314064,0.025974688218859905,0.021848486596947193,0.021848486596947193,0.006538490843426816,1.0
39307,39,0.03512396694214876,0.021843018033656153,0.013280948908492608,0.018346930984152073,0.016777035957996688,0.007211782254275392,0.02791218468787337,0.010129796341061592,0.02499417060108717,0.01327216683855955,0.02185180010358921,0.02185180010358921,0.005326681397245753,1.0
39402,39,0.04488025645860833,0.02535055865984447,0.019529697798763863,0.022973657686427992,0.02190659877218034,0.03615275636074204,0.00872750009786629,0.01614561304450035,0.02873464341410798,0.020954006054333424,0.02392625040427491,0.02190659877218034,0.006648897948098952,1.0
07561,07,0.046031746031746035,0.026602206551021888,0.019429539480724147,0.012505303645831557,0.03352644238591448,0.04237591439409111,0.003655831637654927,0.018899450078606606,0.02713229595313943,0.023964497778693118,0.022067248253052917,0.022067248253052917,0.009988099854279316,1.0
04100,04,0.1599282348938823,0.13780261543501454,0.022125619458867762,0.09331909172285865,0.06660914317102365,0.14737771015232576,0.012550524741556546,0.10871085524559021,0.051217379648292094,0.1565778860202441,0.0033503488736381926,0.022125619458867762,0.023917562437276208,1.0
45406,45,0.03942115768463074,0.017278876460764724,0.022142281223866016,0.018327255220740295,0.021093902463890445,0.0074004484961727665,0.03202070918845797,0.02022365666925907,0.019197501015371668,0.01678313284231312,0.022638024842317618,0.022142281223866016,0.00445996558036284,1.0
29444,29,0.029045643153526972,0.008314164460252467,0.020731478693274505,0.007329505361007161,0.02171613779251981,0.005699940070776774,0.023345703082750198,0.0068698450922966,0.02217579806123037,0.0055127507719367475,0.023532892381590224,0.02217579806123037,0.0010421226456033834,1.0
11239,11,0.1995845212048885,0.17733420337501243,0.022250317829876076,0.19010323659142753,0.009481284613460983,0.13483482740625297,0.06474969379863554,0.1915416419506073,0.00804287925428121,0.1761375039164748,0.023447017288413696,0.022250317829876076,0.020574836759231045,1.0
24204,24,0.04539403273382234,0.028814031524422894,0.016580001209399443,0.02308191328059121,0.022312119453231128,0.039863281327971054,0.0055307514058512836,0.02026023343205452,0.025133799301767817,0.022729000305501533,0.022665032428320804,0.022312119453231128,0.007039309024732362,1.0
44212,44,0.0367663023811247,0.014439899106116061,0.022326403275008642,0.013697820972284622,0.02306848140884008,0.010522569628916595,0.026243732752208107,0.020751656964421272,0.01601464541670343,0.01681092667106858,0.019955375710056122,0.022326403275008642,0.0034093605078168265,1.0
33212,33,0.058709949918542205,0.036284286654217776,0.02242566326432443,0.03155198592335637,0.027157963995185837,0.05226432113872871,0.006445628779813493,0.03412798419594765,0.024581965722594558,0.03929954428001664,0.019410405638525564,0.02242566326432443,0.0072413149061218715,1.0
16323,16,0.04942223610243598,0.02445152386357331,0.02497071223886267,0.02569733157797565,0.023724904524460327,0.04493703363462189,0.004485202467814087,0.02698533982038498,0.022436896282051,0.026925981728655943,0.022496254373780035,0.022496254373780035,0.0076256168775159896,1.0
28442,28,0.06173291811687122,0.039180492991478605,0.022552425125392614,0.014149651931280755,0.047583266185590466,0.040659140315272825,0.021073777801598394,0.04790119454264641,0.01383172357422481,0.03912525460958225,0.022607663507288968,0.022552425125392614,0.011493129595691053,1.0
21206,21,0.04102591821842653,0.02749929128741812,0.01352662693100841,0.019951596787609195,0.021074321430817333,0.0026878428537708415,0.03833807536465569,0.017024466767907143,0.024001451450519386,0.018445126994953855,0.022580791223472674,0.022580791223472674,0.008072172720912468,1.0
12226,12,0.055683242791475136,0.029807510081502557,0.02587573270997258,0.03665294091255829,0.01903030187891685,0.0541268078172739,0.001556434974201236,0.03282430022954941,0.02285894256192573,0.03226717874492309,0.023416064046552047,0.02285894256192573,0.008774096373493625,1.0
27224,27,0.25683073895602593,0.23655531712890143,0.020275421827124496,0.2337922416697213,0.023038497286304638,0.22508346832071616,0.03174727063530977,0.22398817539215088,0.03284256356387505,0.2548835790719056,0.0019471598841203086,0.023038497286304638,0.011124163494849543,1.0
31328,31,0.03984206748025843,0.019444951463908577,0.020397116016349855,0.013558828707060282,0.026283238773198152,0.013734992679106162,0.02610707480115227,0.01673773117363453,0.023104336306623903,0.022520075846623425,0.017321991633635007,0.023104336306623903,0.0034299011162387564,1.0
28221,28,0.05341062584421432,0.029967467207365373,0.023443158636848947,0.041699252905877386,0.011711372938336934,0.024932192500957857,0.028478433343256462,0.03247369825839996,0.020936927585814356,0.030190178577249566,0.023220447266964754,0.023220447266964754,0.005505483576799217,1.0
36387,36,0.04620168813860506,0.02375000936374613,0.022451678774858933,0.017447492232525216,0.028754195906079846,0.03675043433700587,0.00945125380159919,0.022547326982021332,0.02365436115658373,0.020460033732417192,0.02574165440618787,0.02365436115658373,0.00663370983506349,1.0
30406,30,0.030405405405405407,0.012990938579856013,0.017414466825549396,0.00666176675756814,0.023743638647837267,0.02089565022244113,0.009509755182964277,0.005745511967688799,0.024659893437716608,0.006456072384067688,0.02394933302133772,0.023743638647837267,0.005795728875640587,1.0
11245,11,0.317191844300278,0.28753960370688925,0.02965224059338878,0.3092134348098226,0.007978409490455418,0.2865219294015241,0.030669914898753925,0.29339948296546936,0.023792361334808665,0.29444444301085604,0.022747401289421987,0.023792361334808665,0.008116829731388407,1.0
12349,12,0.060185997543428675,0.039042745835610564,0.02114325170781811,0.03423202374278635,0.02595397380064233,0.04158000611489465,0.018605991428534023,0.03529289737343788,0.024893100169990794,0.03636409493843805,0.023821902604990626,0.023821902604990626,0.0026710464333860235,1.0
29451,29,0.02830188679245283,0.009635009376446076,0.018666877416006755,0.004446742791940043,0.023855144000512786,0.01451325072701417,0.013788636065438661,0.002253549639135599,0.02604833715331723,0.0011307642413115743,0.027171122551141257,0.023855144000512786,0.005001262785787789,1.0
25202,25,0.06925032880315651,0.05550876736069968,0.013741561442456834,0.057121423054393966,0.012128905748762547,0.045226857419041214,0.0240234713841153,0.039541520178318024,0.02970880862483849,0.040926707147421554,0.02832362165573496,0.0240234713841153,0.007325144061419913,1.0
33211,33,0.06232782369146005,0.03193064399858781,0.030397179692872242,0.03820075664505797,0.024127067046402086,0.0437913483014928,0.018536475389967257,0.03954809904098511,0.022779724650474946,0.030020219555721442,0.03230760413573861,0.024127067046402086,0.005059987487775868,1.0
20521,20,0.05699558173784978,0.032097884343772684,0.024897697394077094,0.03341673500415183,0.02357884673369795,0.02332198886201768,0.0336735928758321,0.03277723118662834,0.024218350551221436,0.034686550691816274,0.022309031046033503,0.024218350551221436,0.004059773810577012,1.0
20201,20,0.05091790786283339,0.03508543574337702,0.015832472119456376,0.03217922180878046,0.018738686054052933,-0.01182641691344842,0.0627443247762818,0.020045369863510132,0.03087253799932326,0.026552528598549466,0.024365379264283928,0.024365379264283928,0.01691705143312778,1.0
29203,29,0.22590139808682855,0.20036208466356417,0.025539313423264376,0.21040763319000408,0.015493764896824469,0.13059994163834965,0.0953014564484789,0.20102836191654205,0.024873036170286494,0.20660419160511326,0.01929720648171529,0.024873036170286494,0.029830642145309536,1.0
25208,25,0.1148976760319112,0.07974584675264071,0.03515182927927049,0.06254220701669204,0.05235546901521916,0.0970367322360639,0.017860943795847295,0.08997855335474014,0.024919122677171057,0.10732120709731918,0.007576468934592018,0.024919122677171057,0.015315598445177703,1.0
13207,13,0.3209056115162709,0.3042707653624812,0.016634846153789684,0.248285588671663,0.07262002284460789,0.2695402198690871,0.05136539164718379,0.2959766387939453,0.024928972722325582,0.30959345782696,0.011312153689310878,0.024928972722325582,0.023161250999463052,1.0
01217,01,0.13504450569708035,0.08778641399811424,0.04725809169896611,0.09541086924575827,0.03963363645132208,0.11002582402068103,0.025018681676399313,0.11002904176712036,0.025015463929959986,0.11435225123582551,0.020692254461254833,0.025018681676399313,0.010152189556404912,1.0
24543,24,0.039323046291687404,0.020914722863841193,0.01840832342784621,0.014280383171686128,0.025042663120001276,0.031412791969996884,0.00791025432169052,0.014182821847498417,0.025140224444188987,0.013959521142964317,0.025363525148723087,0.025042663120001276,0.006761915522852737,1.0
11229,11,0.4151757878075687,0.3997292497289227,0.015446538078645988,0.39947538180687703,0.01570040600069167,0.29158044948504036,0.12359533832252834,0.36774390935897827,0.047431878448590425,0.39000046355740875,0.025175324250159947,0.025175324250159947,0.04076009889934353,1.0
06341,06,0.04688038607376767,0.01888062414689729,0.027999761926870377,0.014537174853669068,0.0323432112200986,0.028418012474676662,0.018462373599091007,0.022481637075543404,0.024398748998224265,0.021679854223697816,0.025200531850069853,0.025200531850069853,0.004555113600724501,1.0
29204,29,0.12133506608767314,0.09977129554200888,0.02156377054566426,0.09604239139384682,0.025292674693826317,0.0841511655334612,0.03718390055421193,0.10176302492618561,0.01957204116148753,0.09483745976097392,0.026497606326699216,0.025292674693826317,0.006112674040848917,1.0
02301,02,0.04956413449564134,0.023897618576920184,0.02566651591872116,0.020882282102745627,0.028681852392895717,0.027543467886519936,0.022020666609121407,0.024036195129156113,0.02552793936648523,0.024468008226714286,0.025096126268927058,0.02552793936648523,0.002115191633675865,1.0
01571,01,0.036340038935756006,0.009251343924145575,0.02708869501161043,0.013922977526354971,0.022417061409401036,0.02952331139380447,0.006816727541951534,0.010734819807112217,0.02560521912864379,0.007828533490095699,0.028511505445660307,0.02560521912864379,0.007898851144087915,1.0
24201,24,0.0572400070139593,0.036638541071383625,0.020601465942575677,0.03141659017863938,0.02582341683531992,0.05589098952207396,0.001349017491885339,0.023805152624845505,0.0334348543891138,0.027908125265107837,0.029331881748851464,0.02582341683531992,0.011202601659357003,1.0
27202,27,0.19638035191720776,0.19022549793755233,0.006154853979655428,0.1702311757934163,0.026149176123791473,0.1297932609034196,0.06658709101378815,0.17327825725078583,0.023102094666421935,0.1651072627616354,0.031273089155572364,0.026149176123791473,0.01984491454507267,1.0
39344,39,0.027855153203342618,0.01299635951791663,0.014858793685425987,0.006940468903616136,0.020914684299726483,-0.026627090073682427,0.05448224327702504,0.001657614135183394,0.026197539068159224,0.0007772576383095753,0.027077895565033042,0.026197539068159224,0.013607406369816383,1.0
39401,39,0.04483925549915398,0.01781790270854228,0.027021352790611696,0.019347272405199165,0.025491983093954812,0.008444144814087243,0.036395110685066734,0.02046739123761654,0.024371864261537438,0.01860616708798858,0.026233088411165395,0.026233088411165395,0.00433506106106867,1.0
29441,29,0.07222699914015478,0.040828981746800296,0.03139801739335448,0.0459096462512695,0.02631735288888528,0.029809985477634818,0.04241701366251996,0.05301115661859512,0.019215842521559653,0.05041283802202488,0.021814161118129893,0.02631735288888528,0.008214425150314154,1.0
20423,20,0.040195545898967955,0.013766930371869159,0.026428615527098798,0.011480182350566817,0.028715363548401138,0.0031865880602964664,0.03700895783867149,0.013780816458165646,0.02641472944080231,0.014824863961105661,0.025370681937862294,0.026428615527098798,0.004253624202245003,1.0
20422,20,0.03988183161004431,0.013401799475686284,0.02648003213435803,0.013454701676537274,0.02642712993350704,0.013057741663206557,0.026824089946837756,0.012230761349201202,0.02765107026084311,0.014656745042430835,0.025225086567613478,0.02648003213435803,0.0007821512295521277,1.0
30390,30,0.04382736701237872,0.01928027006523397,0.024547096947144752,0.01529785431432243,0.028529512698056293,0.017314373834138787,0.026512993178239935,0.018013322725892067,0.025814044286486655,0.013303643610459409,0.030523723401919313,0.026512993178239935,0.0021092383686564676,1.0
19423,19,0.07129000969932105,0.047425740679898035,0.023864269019423012,0.06311216947069334,0.008177840228627706,0.027586933676445095,0.04370307602287595,0.04044391214847565,0.0308460975508454,0.04443835129143767,0.02685165840788338,0.02685165840788338,0.01146672438897263,1.0
23501,23,0.07578609134725729,0.04364653524291455,0.03213955610434274,0.04337611570729068,0.032409975639966615,0.050632134010305044,0.02515395733695225,0.059214744716882706,0.016571346630374587,0.048586235842516465,0.027199855504740827,0.027199855504740827,0.0057865738885459084,1.0
15361,15,0.07201955622414441,0.0448171896131367,0.02720236661100771,0.029468626335905444,0.04255092988823897,0.05744467042577572,0.014574885798368686,0.04020531848073006,0.03181423774341435,0.04495929948896821,0.027060256735176202,0.02720236661100771,0.009010877540206868,1.0
20382,20,0.055742863564846035,0.034463267172588005,0.02127959639225803,0.020523609512233403,0.03521925405261263,0.013856770273336594,0.04188609329150944,0.028463630005717278,0.027279233559128757,0.02933693932286084,0.026405924241985193,0.027279233559128757,0.007266748271229878,1.0
12229,12,0.10687073920598851,0.07918302355849839,0.02768771564749012,0.08398815251941326,0.02288258668657525,0.0886553107641195,0.018215428441869005,0.06605778634548187,0.04081295286050664,0.06746875131393236,0.03940198789205615,0.02768771564749012,0.008944249017293803,1.0
15581,15,0.045531197301854974,0.014465225510172423,0.03106597179168255,0.0037212484362719282,0.04180994886558305,0.023727939444190493,0.02180325785766448,0.017751196399331093,0.02778000090252388,0.02222091106051747,0.023310286241337505,0.02778000090252388,0.00712599399128981,1.0
46210,46,0.03877563742908796,0.012151850677743065,0.026623786751344896,-0.004624335728163808,0.04339997315725177,0.017380281166392515,0.021395356262695446,0.010895918123424053,0.027879719305663908,0.0052742452283295466,0.033501392200758415,0.027879719305663908,0.007485787505911389,1.0
20402,20,0.04630087329049267,0.018338883690020208,0.027961989600472463,0.020582608964853005,0.025718264325639666,0.013041290055197871,0.0332595832352948,0.019160158932209015,0.027140714358283656,0.016714895861415127,0.029585977429077544,0.027961989600472463,0.0025859616238562903,1.0
11218,11,0.07179571222121243,0.06088874206256022,0.010906970158652218,0.029377736536241546,0.04241797568497089,0.053441019749587156,0.01835469247162528,0.041604842990636826,0.03019086923057561,0.043821363464744016,0.02797434875646842,0.02797434875646842,0.010744829701713279,1.0
14321,14,0.16873683758112348,0.14062326562480315,0.028113571956320332,0.14701173462885636,0.021725102952267122,0.16187915291484,0.006857684666283476,0.10833310335874557,0.06040373422237791,0.1310474600879119,0.03768937749321158,0.028113571956320332,0.017813057372441172,1.0
23214,23,0.08088774297919668,0.060256740728964385,0.020631002250232296,0.04215752749310004,0.03873021548609664,0.07707173211423601,0.003816010864960667,0.046107031404972076,0.034780711574224604,0.052637767476423125,0.028249975502773556,0.028249975502773556,0.012347479110451788,1.0
28446,28,0.07138677589233469,0.03465867517072388,0.03672810072161081,0.02322215100517094,0.04816462488716375,0.04937534168308324,0.022011434209251453,0.04277953878045082,0.02860723711188387,0.04314140554699631,0.02824537034533838,0.02860723711188387,0.009013400074545562,1.0
40231,40,0.09397810218978102,0.08668983126502523,0.007288270924755785,0.04499896194540162,0.048979140244379396,0.08509716795209182,0.008880934237689195,0.04861928150057793,0.04535882068920309,0.06513015716057081,0.028847945029210204,0.028847945029210204,0.017530563096851907,1.0
30362,30,0.05261180007515971,0.02033879166125564,0.03227300841390407,0.010627624285642668,0.04198417578951705,0.029219458879267225,0.023392341195892487,0.023712443187832832,0.02889935688732688,0.02717394476405114,0.02543785531110857,0.02889935688732688,0.006537328898604045,1.0
07342,07,0.04431034482758621,0.02813325446678648,0.01617709036079973,0.002472193750909382,0.04183815107667683,0.03525627968514737,0.009054065142438839,0.011784320697188377,0.03252602413039783,0.015404345998070716,0.028905998829515493,0.028905998829515493,0.011705433858018947,1.0
11363,11,0.09016134134767478,0.061008009813979185,0.0291533315336956,0.06951619410184384,0.02064514724583094,0.054572393382449055,0.03558894796522573,0.06787548959255219,0.0222858517551226,0.058193702228732276,0.03196763911894251,0.0291533315336956,0.005681267925249288,1.0
07407,07,0.046610169491525424,0.014907233235968216,0.03170293625555721,0.018133485023371324,0.0284766844681541,0.02458934500714305,0.022020824484382376,0.014038877561688423,0.032571291929837,0.017180185064635672,0.029429984426889752,0.029429984426889752,0.003717530830773172,1.0
20561,20,0.05384778460886156,0.02287054770143276,0.0309772369074288,0.024610390699235807,0.029237393909625754,0.030910260758133364,0.022937523850728198,0.024274813011288643,0.029572971597572918,0.018606024955064207,0.035241759653797354,0.029572971597572918,0.003955927611391783,1.0
01424,01,0.05141269106067624,0.0219598002585604,0.029452890802115838,0.021421212153027138,0.0299914789076491,0.02644916379249687,0.024963527268179367,0.012624072842299938,0.0387886182183763,0.01614117282273425,0.03527151823794199,0.0299914789076491,0.004823953883162029,1.0
40203,40,0.06283101682516459,0.041009607671450704,0.02182140915371389,0.024612819929774835,0.03821819689538976,0.043927195769467055,0.018903821055697538,0.015085711143910885,0.04774530568125371,0.03266505534937251,0.030165961475792084,0.030165961475792084,0.0106120624371913,1.0
11237,11,0.23052143220456542,0.2203235738337808,0.01019785837078463,0.15299665171267593,0.07752478049188949,0.1969899843287965,0.03353144787576892,0.2002020925283432,0.030319339676222218,0.2265082015320497,0.004013230672515716,0.030319339676222218,0.025816168222382634,1.0
19205,19,0.05539297658862876,0.025072188830619485,0.030320787758009275,0.03166984238744196,0.023723134201186803,0.032628287097887676,0.022764689490741084,0.024578388780355453,0.030814587808273307,0.018592800837145478,0.03680017575148328,0.030320787758009275,0.005148550504740904,1.0
12219,12,0.09658228567254547,0.058668247065780714,0.037914038606764754,0.06624307694064104,0.030339208731904432,0.08049792338242495,0.016084362290120516,0.07494767755270004,0.021634608119845425,0.05791915438758177,0.038663131284963695,0.030339208731904432,0.00889568177799312,1.0
11242,11,0.13242998385000196,0.10484192622374179,0.027588057626260168,0.09934065138436482,0.03308933246563714,0.09827409379112037,0.03415589005888159,0.10459060966968536,0.027839374180316595,0.10200896369831178,0.03042102015169018,0.03042102015169018,0.002666993094056157,1.0
20403,20,0.04710676446617767,0.025058460079084573,0.022048304387093095,0.016912752672303508,0.03019401179387416,0.016364366226855144,0.030742398239322524,0.013886633329093456,0.03322013113708421,0.016099385319939097,0.03100737914623857,0.030742398239322524,0.0038379155255398828,1.0
26367,26,0.07423117709437964,0.02842169414847835,0.045809482945901286,0.04441891704556373,0.02981226004881591,0.04861944766435148,0.02561172943002816,0.04337211698293686,0.03085906011144278,0.03399573432520778,0.04023544276917186,0.03085906011144278,0.007416555704773027,1.0
25214,25,0.06480324797001874,0.034752095156315596,0.030051152813703144,0.027518227440901218,0.03728502052911752,0.044494228384578484,0.020309019585440256,0.02826983667910099,0.03653341129091775,0.033867486421327093,0.030935761548691647,0.030935761548691647,0.006088004721518909,1.0
28203,28,0.2804338877624137,0.2578360859673377,0.022597801795075978,0.24948339123102523,0.030950496531388455,0.24279599683355296,0.03763789092886072,0.2565257251262665,0.0239081626361472,0.24345844182084939,0.036975445941564294,0.030950496531388455,0.006307834425533456,1.0
20215,20,0.05710436921635235,0.03146640445077343,0.02563796476557892,0.032297108254319765,0.024807260962032583,0.020726491406096254,0.036377877810256094,0.025701995939016342,0.031402373277336006,0.02604251624043398,0.031061852975918368,0.031061852975918368,0.004234662164835519,1.0
10522,10,0.07406712919557472,0.03700646294536257,0.03706066625021215,0.037252732501568284,0.036814396694006435,0.06048826208615927,0.01357886710941545,0.04274953156709671,0.03131759762847801,0.04584361257755987,0.02822351661801485,0.03131759762847801,0.008591025789459705,1.0
07301,07,0.06009984639016897,0.030567713833730133,0.02953213255643884,0.025571445054889848,0.034528401335279124,0.042207452008424774,0.017892394381744198,0.02842332236468792,0.03167652402548105,0.028613938478663753,0.03148590791150522,0.03148590791150522,0.0057890611736287016,1.0
04323,04,0.09606226637308618,0.07339048492219885,0.02267178145088733,0.06445045299822288,0.031611813374863296,0.06241849278407227,0.03364377358901391,0.06315727531909943,0.032904991053986754,0.06641028466168665,0.02965198171139953,0.031611813374863296,0.003951986536012693,1.0
13227,13,0.24411561445587218,0.2128422181408983,0.03127339631497389,0.19996396750757764,0.04415164694829454,0.23389866559310596,0.010216948862766223,0.21223247051239014,0.031883143943482045,0.19116087194672218,0.05295474250915,0.031883143943482045,0.01442110336469741,1.0
40621,40,0.07104947782913884,0.05337517854735079,0.01767429928178805,0.028208503767447782,0.04284097406169106,0.046501730602226954,0.024547747226911887,0.0391358956694603,0.031913582159678544,0.02430080381130277,0.04674867401783607,0.031913582159678544,0.010890764959596342,1.0
04214,04,0.07432928551256707,0.04281657992289754,0.03151270558966953,0.04232929273693497,0.0319999927756321,0.05509517336437314,0.019234112148193927,0.029941575601696968,0.0443877099108701,0.0332515839293212,0.04107770158324587,0.0319999927756321,0.00878154033523909,1.0
10521,10,0.07099236641221374,0.0344296880022901,0.03656267840992364,0.038488043055947566,0.03250432335626617,0.03894200608222393,0.032050360329989806,0.04600001126527786,0.024992355146935874,0.04166186685655699,0.029330499555656746,0.032050360329989806,0.003824915866355252,1.0
12230,12,0.09081112852664577,0.06579804614068224,0.02501308238596353,0.032072511466241155,0.05873861706040462,0.07304930337678947,0.017761825149856303,0.04728187620639801,0.04352925232024776,0.058659603101772866,0.03215152542487291,0.03215152542487291,0.014424382798087151,1.0
01461,01,0.045636052481460354,0.012998538835228866,0.03263751364623149,0.016818790212280502,0.028817262269179852,0.021319359484236716,0.024316692997223638,0.01028424222022295,0.035351810261237404,0.012133636928689469,0.033502415552770885,0.03263751364623149,0.003931531576816548,1.0
21362,21,0.08416149068322981,0.055542106883796044,0.028619383799433767,0.046253272594548235,0.037908218088681576,0.03288306923141347,0.05127842145181634,0.05876500904560089,0.02539648163762892,0.051496370487326915,0.0326651201959029,0.0326651201959029,0.009073981204089756,1.0
35321,35,0.09493219129193434,0.0622257091970796,0.03270648209485474,0.05914871380371438,0.03578347748821996,0.03630758718056919,0.05862460411136515,0.08674009889364243,0.008192092398291911,0.08952254408447122,0.00540964720746312,0.03270648209485474,0.019612111040182127,1.0
40224,40,0.16419046238585303,0.13140055299098233,0.0327899093948707,0.15789216595127814,0.006298296434574885,0.08869348592349481,0.07549697646235821,0.1341058313846588,0.030084631001194212,0.11699141827348458,0.04719904411236844,0.0327899093948707,0.02273650478965766,1.0
27218,27,0.24943824432626768,0.21650095142801834,0.03293729289824934,0.22638402053283022,0.023054223793437467,0.23787289103637857,0.011565353289889113,0.16061298549175262,0.08882525883451506,0.18289255908218247,0.06654568524408522,0.03293729289824934,0.028736780161307814,1.0
23447,23,0.1028757510434344,0.07083790958806353,0.032037841455370863,0.058149716973401294,0.0447260340700331,0.08775522736911048,0.015120523674323913,0.054616641253232956,0.04825910979020144,0.0698011570397063,0.0330745940037281,0.0330745940037281,0.011639929984745896,1.0
20383,20,0.051311569772222676,0.026599755826260073,0.024711813945962603,0.017960740852060692,0.03335082892016199,0.008249740905694844,0.04306182886652783,0.018227895721793175,0.0330836740504295,0.02142802023979573,0.029883549532426945,0.0330836740504295,0.005993526015968107,1.0
20388,20,0.04726867335562988,0.025629692468202476,0.0216389808874274,0.01414836230133061,0.033120311054299266,0.01151807933946869,0.03575059401616119,0.007667149417102337,0.03960152393852754,0.022871928418247055,0.024396744937382822,0.033120311054299266,0.006815179387996447,1.0
35201,35,0.04612751462826501,0.02671759821736892,0.01940991641089609,0.012653832202259394,0.03347368242600562,0.03622143296284749,0.009906081665417524,0.011197971180081367,0.03492954344818364,0.011461047342734128,0.03466646728553088,0.03347368242600562,0.010119342221170412,1.0
20416,20,0.04561074664167448,0.017479463048059363,0.028131283593615115,0.01680323459180466,0.028807512049869817,0.007921272905707058,0.03768947373596742,0.009757958352565765,0.03585278828910871,0.011720085202635323,0.033890661439039155,0.033890661439039155,0.003798032385950192,1.0
20384,20,0.051193755739210284,0.022762718049009926,0.028431037690200358,0.017108516188951078,0.0340852395502592,0.004572157556159431,0.04662159818305085,0.018269309774041176,0.03292444596516911,0.014426866802790435,0.03676688893641985,0.0340852395502592,0.006058825753537483,1.0
04206,04,0.06310013717421124,0.032500653535037435,0.030599483639173808,0.022255608269334856,0.04084452890487639,0.03963668829522546,0.023463448878985785,0.022989045828580856,0.04011109134563039,0.028970800598083324,0.03412933657612792,0.03412933657612792,0.006428793725832257,1.0
20602,20,0.04213938411669368,0.007967210215633496,0.034172173901060185,0.004902016701980072,0.037237367414713604,0.007207435403306914,0.034931948713386764,0.020530467852950096,0.02160891626374358,0.018706029635406095,0.023433354481287583,0.034172173901060185,0.006438304142069989,1.0
11216,11,0.10511385715395974,0.07030620396190465,0.03480765319205509,0.07271431403842357,0.03239954311553617,0.07455140806481245,0.030562449089147292,0.07080746442079544,0.0343063927331643,0.06509148426515929,0.04002237288880045,0.0343063927331643,0.0031784495635570568,1.0
40223,40,0.14150409951936668,0.10718794832652215,0.034316151192844535,0.09865078269540935,0.042853316823957335,0.09769508363819585,0.04380901588117084,0.1090567409992218,0.03244735852014488,0.11950833360664107,0.021995765912725618,0.034316151192844535,0.00794142968397502,1.0
25206,25,0.14805850943139362,0.11361828701948974,0.03444022241190388,0.12014983994709685,0.027908669484296766,0.09515364748002085,0.05290486195137277,0.11349121481180191,0.03456729461959171,0.12964784548242014,0.018410663948973477,0.03444022241190388,0.011290843742832925,1.0
20413,20,0.03818615751789976,0.006863022571109892,0.03132313494678987,0.006072803058291666,0.0321133544596081,-0.007984470333449498,0.04617062785134926,0.0034962259232997894,0.034689931594599974,0.0037179186981834006,0.03446823881971636,0.03446823881971636,0.005369886773609428,1.0
03321,03,0.061309712116418856,0.02795377479220187,0.03335593732421699,0.02508510645373598,0.036224605662682874,0.05751632873323195,0.003793383383186903,0.022850684821605682,0.038459027294813174,0.026700886415322547,0.03460882570109631,0.03460882570109631,0.01286125200578879,1.0
12238,12,0.08790445771420637,0.04472995222368052,0.043174505490525844,0.0653806073197619,0.02252385039444446,0.058075033970664484,0.02982942374354188,0.05309654027223587,0.034807917441970496,0.0484036336206833,0.03950082409352307,0.034807917441970496,0.007268751176243056,1.0
04505,04,0.06766304347826087,0.03488810180939242,0.03277494166886845,0.032725098114264065,0.0349379453639968,0.05083821668340594,0.016824826794854926,0.02615840546786785,0.041504638010393016,0.02890582392842695,0.03875721954983392,0.0349379453639968,0.008612884789776272,1.0
19213,19,0.05964742815744989,0.021962333104235565,0.037685095053214324,0.03438960710153991,0.025257821055909978,0.02854438710820638,0.03110304104924351,0.023935919627547264,0.035711508529902625,0.01875936056710463,0.04088806759034526,0.035711508529902625,0.005453244600023327,1.0
20362,20,0.05843659170873489,0.024339008091003568,0.034097583617731325,0.02241366596088633,0.03602292574784856,0.022691967473039282,0.03574462423569561,0.021457938477396965,0.03697865323133793,0.023542911266689344,0.03489368044204555,0.03574462423569561,0.000984156969929653,1.0
28201,28,0.09268767948833792,0.05688205475473398,0.03580562473360394,0.05782291425398922,0.0348647652343487,0.08260444460946259,0.01008323487887533,0.054726600646972656,0.037961078841365264,0.04007226142926097,0.05261541805907695,0.03580562473360394,0.013695910658129994,1.0
19204,19,0.07480659266733938,0.03819141563316286,0.03661517703417652,0.05297016163429034,0.021836431033049046,0.031464225304556934,0.04334236736278245,0.03025149554014206,0.044555097127197324,0.041719105658606905,0.03308748700873248,0.03661517703417652,0.008203711512608692,1.0
29427,29,0.2418474251143574,0.17792587566517024,0.06392154944918715,0.21099750807618312,0.030849917038174274,0.13269045538309165,0.10915696973126573,0.20506951212882996,0.03677791298552743,0.2072726118000282,0.034574813314329184,0.03677791298552743,0.029478856212362594,1.0
40647,40,0.06280641314429575,0.021903183255958213,0.040903229888337535,0.021361009353821556,0.04144540379047419,0.03454980296636142,0.02825661017793433,0.025571569800376892,0.037234843343918855,0.025963353932885548,0.0368430592114102,0.037234843343918855,0.004722359295315115,1.0
01407,01,0.05184534270650264,0.015782613779458714,0.03606272892704392,0.014481049450396358,0.03736429325610628,0.007535526334803588,0.04430981637169905,0.01049050036817789,0.041354842338324746,0.014719299043167204,0.03712604366333543,0.03736429325610628,0.003106691873366073,1.0
02304,02,0.0580168776371308,0.017681314111594317,0.04033556352553648,0.022526036584048004,0.0354908410530828,0.02001397972354116,0.03800289791358964,0.02061174064874649,0.03740513698838431,0.028615571503987934,0.029401306133142867,0.03740513698838431,0.00370146701125369,1.0
11222,11,0.3138543128997036,0.2717038298695759,0.042150483030127694,0.2960030513280761,0.01785126157162753,0.25019570413314673,0.06365860876655688,0.27622073888778687,0.03763357401191675,0.2874510767827781,0.02640323611692552,0.03763357401191675,0.015589233225828248,1.0
12463,12,0.06824512534818941,0.027687413353996472,0.04055771199419294,0.02346496363696194,0.04478016171122747,0.046323944752064465,0.021921180596124946,0.03523993864655495,0.033005186701634465,0.030517209428503438,0.037727915919685974,0.037727915919685974,0.007838691822712969,1.0
26204,26,0.25418460962366596,0.2164228967714937,0.03776171285217225,0.19672251737069996,0.057462092252966,0.15647430801349252,0.09771030161017344,0.2252478003501892,0.02893680927347675,0.24369142066346827,0.010493188960197686,0.03776171285217225,0.029745495578674244,1.0
11327,11,0.13430265926917925,0.09407168471470802,0.040230974554471235,0.11802525826946875,0.016277400999710506,0.06951450529625702,0.06478815397292223,0.12422692775726318,0.01007573151191607,0.09637602757067211,0.03792663169850714,0.03792663169850714,0.019434591496560176,1.0
20541,20,0.07137030995106036,0.03481255284658653,0.036557757104473836,0.03317575563774734,0.03819455431331302,0.04059874620079103,0.030771563750269335,0.024143654853105545,0.04722665509795482,0.02548762275881549,0.04588268719224487,0.03819455431331302,0.00611113147458038,1.0
20583,20,0.05949589683470106,0.022857715348290765,0.03663818148641029,0.017168106216987725,0.04232779061771333,0.03283185023755012,0.026664046597150937,0.01148068718612194,0.04801520964857912,0.021149297216558463,0.038346599618142595,0.038346599618142595,0.007052931882781215,1.0
23362,23,0.15934384419197775,0.12078452766430382,0.03855931652767393,0.12868822161481622,0.030655622577161534,0.14843882167904487,0.010905022512932877,0.10363517701625824,0.05570866717571951,0.11898268088771403,0.04036116330426372,0.03855931652767393,0.014624760760853799,1.0
26207,26,0.24205864386072082,0.20092442804573468,0.041134215814986136,0.22121680469787738,0.020841839162843434,0.13182957155506392,0.1102290723056569,0.22067813575267792,0.0213805081080429,0.20347314073909278,0.038585503121628034,0.038585503121628034,0.03299131406348507,1.0
22225,22,0.08451298396925096,0.049109381930291296,0.03540360203895966,0.03575188789128271,0.04876109607796825,0.061251037156274384,0.023261946812976574,0.04580060392618179,0.038712380043069164,0.044843784031730415,0.03966919993752054,0.038712380043069164,0.008240536402345067,1.0
27229,27,0.24750903100313604,0.20234742379113263,0.04516160721200341,0.2260045699410666,0.021504461062069435,0.14596196794837735,0.10154706305475869,0.2392834573984146,0.008225573604721426,0.2086831924948225,0.03882583850831353,0.03882583850831353,0.032003623829003375,1.0
23220,23,0.146842505706315,0.08966156419372194,0.05718094151259305,0.10961700218139592,0.037225503524919074,0.10770269031884991,0.03913981538746508,0.08079205453395844,0.06605045117235656,0.12599082366158668,0.020851682044728315,0.03913981538746508,0.015907729101341837,1.0
07444,07,0.05128205128205128,0.013294747208393451,0.03798730407365783,0.011600638768660163,0.03968141251339112,0.010945193652697846,0.040336857629353434,0.010819592513144016,0.040462458768907264,0.013126304065450185,0.038155747216601095,0.03968141251339112,0.0010584214999709335,1.0
01100,01,0.21539710987845476,0.1869790790770455,0.028418030801409255,0.17561683866890543,0.03978027120954933,0.12822299028142303,0.08717411959703172,0.18742002546787262,0.027977084410582137,0.15841490682049064,0.056982203057964115,0.03978027120954933,0.02221352839860803,1.0
12208,12,0.17098416369353997,0.13072047646223017,0.0402636872313098,0.13781824445959592,0.03316591923394405,0.10777637478006812,0.06320778891347185,0.125351682305336,0.04563248138820397,0.14117090606225402,0.02981325763128595,0.0402636872313098,0.01176154578635945,1.0
04211,04,0.12422062350119904,0.08839882689146891,0.03582179660973013,0.0703395477675627,0.05388107573363635,0.08384567787936784,0.04037494562183121,0.08714593946933746,0.03707468403186158,0.08067732118696692,0.04354330231423212,0.04037494562183121,0.006457780580712561,1.0
29207,29,0.07414775296138891,0.029215333349181236,0.044932419612207675,0.03941933192088118,0.03472842104050773,0.03550720631260169,0.03864054664878722,0.03338996320962906,0.04075778975175985,0.029139576140139227,0.04500817682124968,0.04075778975175985,0.003906758969884095,1.0
13215,13,0.4002934660643899,0.35946539714846765,0.04082806891592228,0.3493382068846769,0.050955259179713,0.36966591493615436,0.030627551128235564,0.3902122974395752,0.01008116862481473,0.33736183135507186,0.06293163470931806,0.04082806891592228,0.018029719935209357,1.0
11217,11,0.2183465784458269,0.141644345305231,0.07670223314059588,0.17836764639930608,0.03997893204652081,0.12344227646573896,0.09490430198008792,0.17896947264671326,0.03937710579911363,0.17731557491483113,0.04103100353099576,0.04103100353099576,0.023110275114757918,1.0
20482,20,0.06558070657922573,0.025584712751141797,0.03999599382808393,0.017850582179441982,0.04773012439978375,0.03581500435644515,0.029765702222780577,0.024456365033984184,0.04112434154524154,0.02032257389991867,0.045258132679307055,0.04112434154524154,0.006170992815031388,1.0
28217,28,0.3085569419203103,0.2649287608254406,0.04362818109486971,0.2666550180800201,0.04190192384029018,0.17737950350041393,0.13117743841989637,0.30165359377861023,0.006903348141700072,0.2768696627175402,0.03168727920277009,0.04190192384029018,0.04214977685327609,1.0
20304,20,0.054285714285714284,0.01085577349619721,0.04342994078951708,0.015225133323465598,0.03906058096224869,-0.0027278639833270973,0.05701357826904138,0.01363793108612299,0.040647783199591295,0.010687501286178354,0.04359821299953593,0.04342994078951708,0.0063665091413953635,1.0
29202,29,0.2347142857142857,0.20001323554925698,0.034701050165028724,0.1912183403009892,0.043495945413296516,0.16680048328711167,0.06791380242717404,0.18872928619384766,0.04598499952043805,0.19693092327569187,0.03778336243859384,0.043495945413296516,0.0116761443201998,1.0
23207,23,0.07026119794398406,0.040903825424728604,0.02935737251925545,0.024941065228759635,0.04532013271522442,0.0508785780967065,0.019382619847277557,0.026590660214424133,0.04367053772955992,0.01672899483812825,0.053532203105855804,0.04367053772955992,0.012230875372510105,1.0
13212,13,0.4044473367549913,0.3450559782557594,0.05939135849923188,0.3933746234299909,0.011072713325000372,0.2849422167473304,0.11950512000766089,0.3772514760494232,0.027195860705568065,0.36047581516462757,0.043971521590363716,0.043971521590363716,0.03732575420229962,1.0
23238,23,0.17858696743532246,0.13765736966329448,0.04092959777202798,0.13750115902346874,0.04108580841185372,0.1328975645142091,0.04568940292111337,0.12394320964813232,0.054643757787190134,0.11994341881128837,0.05864354862403409,0.04568940292111337,0.007216138552597044,1.0
20452,20,0.07879114948731786,0.028115279858514395,0.050675869628803466,0.03383358803528532,0.044957561452032536,0.02050668825302754,0.05828446123429032,0.0323524996638298,0.046438649823488054,0.033815313070552064,0.044975836416765794,0.046438649823488054,0.005061291949856473,1.0
43364,43,0.06287563569116968,0.017604124256987482,0.04527151143418219,0.015340718050683348,0.04753491764048633,0.01563221278296835,0.04724342290820133,0.0134537722915411,0.04942186339962858,0.015685883510721137,0.04718975218044854,0.04724342290820133,0.0013177554887310499,1.0
27208,27,0.2177643135358061,0.17778457066114486,0.039979742874661245,0.19695434362117334,0.02080996991463277,0.11760646815730512,0.10015784537850099,0.1703677922487259,0.04739652128708022,0.1654080148980191,0.05235629863778701,0.04739652128708022,0.02629716140069128,1.0
11301,11,0.18705332600329852,0.13436258166233514,0.05269074434096338,0.13931281796384246,0.047740508039456064,0.15916762722567024,0.02788569877762828,0.1695411205291748,0.017512205474123715,0.13200496191767627,0.05504836408562225,0.047740508039456064,0.014830555663982253,1.0
28214,28,0.34457974637608113,0.2714846059239598,0.07309514045212134,0.3262901150080174,0.01828963136806372,0.16395565304404586,0.18062409333203527,0.3123345673084259,0.03224517906765523,0.2962535066373011,0.04832623973878003,0.04832623973878003,0.05799151482490649,1.0
25212,25,0.07693390251911619,0.02360202552753044,0.05333187699158575,0.02963806179411474,0.04729584072500145,0.02344970718923857,0.053484195329877623,0.03364317864179611,0.04329072387732008,0.02774406674402689,0.0491898357750893,0.0491898357750893,0.0038445286438902946,1.0
20305,20,0.061764705882352944,0.012599940067707696,0.049164765814645246,0.010576853116234233,0.05118785276611871,0.011531213004818748,0.050233492877534196,0.011865148320794106,0.04989955756155884,0.009184122433844338,0.052580583448508605,0.050233492877534196,0.001179173273138875,1.0
04321,04,0.08492400141392718,0.06428470559636282,0.020639295817564365,0.032291313828635815,0.05263268758529137,0.06334406442353932,0.021579936990387863,0.03456426039338112,0.050359741020546064,0.0273109454006836,0.05761305601324358,0.050359741020546064,0.01606031477758366,1.0
30341,30,0.07474687313877308,0.024193280946929643,0.05055359219184344,0.02867788828129029,0.04606898485748279,0.02881124026382878,0.0459356328749443,0.02068162150681019,0.05406525163196289,0.020595698538686154,0.05415117460008693,0.05055359219184344,0.0036308933790308744,1.0
11228,11,0.36298258894776686,0.29215291340900756,0.0708296755387593,0.3256226866659818,0.03735990228178504,0.3122248059716921,0.05075778297607475,0.3291029632091522,0.03387962573861464,0.2941139047420895,0.06886868420567738,0.05075778297607475,0.01538023182906937,1.0
26364,26,0.09381663113006397,0.025530797914201445,0.06828583321586253,0.05222866509407151,0.04158796603599246,0.04860284727189612,0.04521378385816785,0.04231812432408333,0.05149850680598064,0.0378874444252555,0.055929186704808474,0.05149850680598064,0.009317899168967773,1.0
11209,11,0.1547921294827039,0.09773394918497302,0.05705818029773088,0.10828148910762084,0.04651064037508307,0.08612039940283645,0.06867173007986746,0.1087302640080452,0.04606186547465871,0.10305185278834121,0.051740276694362694,0.051740276694362694,0.008352515818417778,1.0
33663,33,0.07514761137949544,0.017809981552470107,0.05733762982702533,0.023139103021562447,0.05200850835793299,0.031045199064248075,0.044102412315247363,0.023904219269752502,0.051243392109742936,0.022853398732567337,0.0522942126469281,0.05200850835793299,0.0042356728002748995,1.0
34211,34,0.1010942760942761,0.06003044056210823,0.041063835532167865,0.05844527144471414,0.04264900464956196,0.04895867718766064,0.052135598906615455,0.043360862880945206,0.05773341321333089,0.04525154924668584,0.05584272684759026,0.052135598906615455,0.006816595423535497,1.0
11210,11,0.10732047321226736,0.06271551959919963,0.044604953613067724,0.02294212826527747,0.08437834494698988,0.07500987294372122,0.03231060026854614,0.05335242301225662,0.053968050200010734,0.05470098732720215,0.05261948588506521,0.05261948588506521,0.0172194655866433,1.0
07303,07,0.08202396804260985,0.034381361845228456,0.04764260619738139,0.02156759866566741,0.06045636937694244,0.04573651934364141,0.03628744869896844,0.02905290015041828,0.05297106789219157,0.028120328879791545,0.053903639162818304,0.05297106789219157,0.008083001694409843,1.0
23204,23,0.12734009042093064,0.07935937400631722,0.04798071641461342,0.07384290486618862,0.05349718555474202,0.09138865966464724,0.0359514307562834,0.06091368570923805,0.06642640471169259,0.06318259328827014,0.0641574971326605,0.05349718555474202,0.01112687093190987,1.0
29442,29,0.12671140939597317,0.06982242537519383,0.05688898402077934,0.08238290361003549,0.04432850578593768,0.07312058365446902,0.053590825741504144,0.09538357704877853,0.031327832347194634,0.06571566457570596,0.060995744820267206,0.053590825741504144,0.010587058308071964,1.0
29443,29,0.085785536159601,0.03185574291386088,0.05392979324574011,0.038650336200703544,0.04713519995889745,0.03467183764134076,0.05111369851826023,0.030584115535020828,0.055201420624580166,0.031096309032060232,0.05468922712754076,0.05392979324574011,0.002993343118126082,1.0
23441,23,0.12168992832893248,0.06203425526259002,0.05965567306634246,0.06615344892581669,0.05553647940311579,0.07812266085555562,0.04356726747337686,0.05706134811043739,0.06462858021849509,0.06608254299571557,0.05560738533321691,0.05560738533321691,0.006965002911599324,1.0
04362,04,0.08413369189396849,0.02784956496191816,0.05628412693205033,0.022366119063333564,0.06176757283063493,0.03551342952436836,0.04862026236960013,0.028223374858498573,0.05591031703546992,0.033854289051151044,0.05027940284281745,0.05591031703546992,0.004697835886639512,1.0
20446,20,0.08514492753623189,0.03318104294591945,0.05196388459031244,0.02856329079346513,0.056581636742766755,0.02941853747464669,0.055726390061585196,0.022190287709236145,0.06295463982699574,0.026269080871214948,0.05887584666501694,0.056581636742766755,0.00363023548739509,1.0
28219,28,0.1668800434512725,0.10112547490258127,0.06575456854869123,0.1279233422715742,0.038956701179698294,0.10327898930264964,0.06360105414862285,0.12710104882717133,0.03977899462410117,0.10943646610522939,0.057443577346043107,0.057443577346043107,0.01154780281913349,1.0
14211,14,0.19703719752467874,0.1493811339060553,0.04765606361862343,0.15054888422571633,0.046488313298962414,0.12318769363685003,0.07384950388782871,0.1390950232744217,0.05794217425025705,0.13933357075178834,0.0577036267728904,0.0577036267728904,0.009825712956460765,1.0
12211,12,0.13419499946081678,0.07413601578571109,0.06005898367510569,0.07622242231764509,0.057972577143171694,0.09143856185846308,0.0427564376023537,0.0678836852312088,0.06631131422960798,0.0800105871092812,0.05418441235153558,0.057972577143171694,0.007810868373181372,1.0
25204,25,0.09855727010412746,0.04254863225166008,0.05600863785246738,0.040424340694484306,0.05813292940964315,0.04255612810502786,0.0560011419990996,0.04017267003655434,0.05838460006757312,0.03474095001781033,0.06381632008631713,0.05813292940964315,0.002858587187046984,1.0
20430,20,0.0673244341265235,0.014721064154439937,0.05260336997208356,0.009634984726691172,0.05768944939983233,-0.001384527797339885,0.06870896192386339,0.008869534358382225,0.05845489976814128,0.008965641075716818,0.058358793050806684,0.058358793050806684,0.00524354157486673,1.0
11342,11,0.12860892388451445,0.06002351335952536,0.0685854105249891,0.08040086542683107,0.048208058457683375,0.06959892052143606,0.05901000336307839,0.07880065590143204,0.04980826798308241,0.0650700295790015,0.06353889430551295,0.05901000336307839,0.007830615316868626,1.0
23446,23,0.11176522273965381,0.04670656805991164,0.06505865467974217,0.052157954893804453,0.059607267845849354,0.059662386685357095,0.05210283605429671,0.053591322153806686,0.05817390058584712,0.050633115394191915,0.06113210734546189,0.059607267845849354,0.004234247007976546,1.0
11243,11,0.20262505468863934,0.1817863502646729,0.02083870442396643,0.11475377196372694,0.0878712827249124,0.14230445145915352,0.06032060322948582,0.1373971700668335,0.06522788462180584,0.16111127436748368,0.04151378032115566,0.06032060322948582,0.022637105077931794,1.0
29206,29,0.18931648015457692,0.10150048591363159,0.08781599424094533,0.16940959427271232,0.019906885881864594,0.0812777512719277,0.10803872888264922,0.14555904269218445,0.04375743746239247,0.12869045127453227,0.06062602888004465,0.06062602888004465,0.03121523584967785,1.0
27228,27,0.19853387874124176,0.12987781622059438,0.06865606252064738,0.1434040965237884,0.05512978221745335,0.09750473528136863,0.10102914345987313,0.15000854432582855,0.04852533441541321,0.1372478553384605,0.06128602340278125,0.06128602340278125,0.0183060759937566,1.0
01231,01,0.12133286110619208,0.05352774315143262,0.06780511795475946,0.05947641597925645,0.06185644512693563,0.08127713915095212,0.04005572195523996,0.05700727924704552,0.06432558185914657,0.07974115249451093,0.041591708611681155,0.06185644512693563,0.011840452268758806,1.0
13218,13,0.3222983749299539,0.2415807870600379,0.08071758786991598,0.289045998121295,0.03325237680865889,0.22285519052831637,0.09944318440163752,0.2643025815486908,0.057995793381263094,0.26018124147331634,0.06211713345663755,0.06211713345663755,0.022289540749982385,1.0
16321,16,0.09161147902869757,0.05217149777710248,0.03943998125159509,0.018233137024210287,0.07337834200448728,0.06707863663505277,0.024532842393644796,0.02480129525065422,0.06681018377804335,0.02897478071393798,0.06263669831475958,0.06263669831475958,0.018398209308246,1.0
29345,29,0.1570796460176991,0.09439633736230468,0.06268330865539443,0.08748613871082014,0.06959350730687897,0.08561255641698076,0.07146708960071835,0.1362825483083725,0.020797097709326612,0.1450805118429293,0.011999134174769804,0.06268330865539443,0.025558753915772583,1.0
08224,08,0.237052463936786,0.17433404772491715,0.06271841621186885,0.16494401318636076,0.07210845075042524,0.1342129294566733,0.10283953448011271,0.20629525184631348,0.030757212090472524,0.20536181536109951,0.031690648575686486,0.06271841621186885,0.02700291648089216,1.0
27212,27,0.25420971642119145,0.2144520853987365,0.03975763102245494,0.1899685291628948,0.06424118725829664,0.23931139930371118,0.01489831711748027,0.16467684507369995,0.0895328713474915,0.19050395757716476,0.06370575884402668,0.06370575884402668,0.025268727695719403,1.0
14215,14,0.300418064187954,0.2365449161865733,0.06387314800138072,0.27272789737689135,0.027690166811062678,0.22827294969476636,0.07214511449318767,0.21446551382541656,0.08595255036253746,0.24256614284644062,0.0578519213415134,0.06387314800138072,0.019356088334769633,1.0
27232,27,0.22130260992240772,0.17371606256579797,0.04758654735660975,0.15732770914315378,0.06397490077925394,0.1167999657422841,0.10450264418012362,0.15491712093353271,0.066385488988875,0.17988782892716124,0.04141478099524648,0.06397490077925394,0.022012097852048634,1.0
27341,27,0.2234722222222222,0.14460207449784312,0.07887014772437909,0.20913041540957816,0.014341806812644048,0.16616075752920195,0.05731146469302026,0.14968089759349823,0.07379132462872398,0.1586137507745022,0.06485847144772,0.06485847144772,0.022971037542235253,1.0
14204,14,0.3584145338885969,0.3307604854082406,0.027654048480356297,0.3443193758469818,0.014095158041615097,0.2507963771028516,0.10761815678574532,0.2931258976459503,0.06528863624264658,0.2906582169192177,0.06775631696937917,0.06528863624264658,0.03300687429855614,1.0
13205,13,0.19598672831880273,0.12990488194861574,0.06608184637018699,0.14418038952174425,0.05180633879705848,0.1081836463422765,0.08780308197652624,0.12312393635511398,0.07286279196368875,0.13692648949151587,0.059060238827286865,0.06608184637018699,0.012332913629071367,1.0
29344,29,0.24654469920907565,0.16303434773422393,0.08351035147485172,0.18225540837999335,0.0642892908290823,0.11967148422676208,0.12687321498231358,0.18032975494861603,0.06621494426045962,0.18844637409406256,0.05809832511501309,0.06621494426045962,0.025003010897046075,1.0
34213,34,0.13531566472742942,0.05858843310716413,0.07672723162026529,0.08649172318759134,0.04882394153983809,0.06600073315423359,0.06931493157319583,0.06877244263887405,0.06654322208855537,0.07770939423559373,0.0576062704918357,0.06654322208855537,0.009671583310041957,1.0
09364,09,0.14331877729257642,0.05623262120259733,0.08708615608997908,0.07605431202655215,0.06726446526602427,0.08267509529165029,0.060643682000926125,0.08683233708143234,0.05648644021114407,0.07561189229603608,0.06770688499654033,0.06726446526602427,0.010501940450092406,1.0
24343,24,0.14645228940929744,0.07713353452509443,0.06931875488420301,0.05155327849205118,0.09489901091724626,0.08485187755383969,0.061600411855457754,0.0775541439652443,0.06889814544405315,0.09746508567174565,0.04898720373755179,0.06889814544405315,0.015005335690599064,1.0
12212,12,0.2773697828189112,0.1965662947875025,0.08080348803140872,0.2079521680917262,0.06941761472718502,0.14321413788791404,0.1341556449309972,0.22120729088783264,0.056162491931078584,0.22275486083850946,0.05461492198040177,0.06941761472718502,0.02916641526142843,1.0
23232,23,0.13723138430784607,0.06579675455828296,0.0714346297495631,0.085462576051201,0.051768808256645066,0.08767619012227378,0.04955519418557229,0.06762750446796417,0.0696038798398819,0.05818128472321015,0.07905009958463591,0.0696038798398819,0.011584800891201537,1.0
27381,27,0.16247770390789687,0.092792562351292,0.06968514155660487,0.1280563945730239,0.034421309334872974,0.08512964203009912,0.07734806187779775,0.11459048837423325,0.047887215533663624,0.09016358130768083,0.07231412260021604,0.06968514155660487,0.016412406456872836,1.0
04361,04,0.10241966457559852,0.041309721707762245,0.061109942867836275,0.024085218942107012,0.07833444563349151,0.05996982277963832,0.0424498417959602,0.016807280480861664,0.08561238409473686,0.031722808808126064,0.07069685576747245,0.07069685576747245,0.01499271715684025,1.0
29208,29,0.1286493423163298,0.05675375802437034,0.07189558429195946,0.05380454609798203,0.07484479621834778,0.05951001281189565,0.06913932950443415,0.06192803010344505,0.06672131221288474,0.05038840607556101,0.07826093624076878,0.07189558429195946,0.004079276326329869,1.0
23233,23,0.22294538421391952,0.17541376042701792,0.047531623786901595,0.14283033569338768,0.08011504852053183,0.15068859871581075,0.07225678549810877,0.11675223708152771,0.10619314713239181,0.15347315880197382,0.0694722254119457,0.07225678549810877,0.018929895114770633,1.0
12421,12,0.15131056393963463,0.07111047919525436,0.08020008474438027,0.08718478411279401,0.06412577982684062,0.07185412862714038,0.07945643531249424,0.0797453299164772,0.07156523402315743,0.0790361787592767,0.07227438518035793,0.07227438518035793,0.005890479425092352,1.0
25210,25,0.12397165431294291,0.04734405712951817,0.07662759718342474,0.05330973956545594,0.07066191474748697,0.05817179028272526,0.06579986403021765,0.05159783735871315,0.07237381695422976,0.05033831712219256,0.07363333719075035,0.07237381695422976,0.0035858357966573693,1.0
23228,23,0.202980679130784,0.12971062345393475,0.07327005567684924,0.16951707847306902,0.033463600657714976,0.18548745736951855,0.017493221761265443,0.08972407132387161,0.11325660780691238,0.10195653421760756,0.10102414491317643,0.07327005567684924,0.03717466954446919,1.0
27230,27,0.31425049451021986,0.2403061851971282,0.07394430931309165,0.23130512319785285,0.08294537131236701,0.16602284937780898,0.14822764513241088,0.2856036424636841,0.028646852046535776,0.28834098814125264,0.025909506368967217,0.07394430931309165,0.044582604496657255,1.0
23216,23,0.12462790947889395,0.06738378963956004,0.057244119839333904,0.0500069389865029,0.07462097049239105,0.06879934503500953,0.05582856444388441,0.046344611793756485,0.07828329768513746,0.049261473553912576,0.07536643592498138,0.07462097049239105,0.009667675034209892,1.0
11232,11,0.20865150743820352,0.14139352114427892,0.0672579862939246,0.1304381280571072,0.07821337938109632,0.12160734539898642,0.0870441620392171,0.13376237452030182,0.0748891329179017,0.1541206963110036,0.0545308111271999,0.0748891329179017,0.010956185718477816,1.0
23215,23,0.14011359802047013,0.0788526114375544,0.06126098658291573,0.06474867757085463,0.0753649204496155,0.0895599939885862,0.05055360403188393,0.0627174824476242,0.07739611557284592,0.056271632338407096,0.08384196568206304,0.0753649204496155,0.012075734178758448,1.0
23235,23,0.1484802718519917,0.07252367542818583,0.07595659642380587,0.07585919460201186,0.07262107724997983,0.08634020223324118,0.062140069618750515,0.06411805748939514,0.08436221436259655,0.05938520460948508,0.08909506724250663,0.07595659642380587,0.009396147312028662,1.0
13224,13,0.3647179049158824,0.28794933484614493,0.07676857006973747,0.23996154847666012,0.12475635643922228,0.3137817738661435,0.05093613104973893,0.3089275658130646,0.05579033910281783,0.27942809817898234,0.08528980673690006,0.07676857006973747,0.026321202802414023,1.0
11324,11,0.23046069218427687,0.14936644580120592,0.08109424638307094,0.1696043262944845,0.060856365889792374,0.1536285962048568,0.07683209597942006,0.15590685606002808,0.07455383612424879,0.14358803980756096,0.0868726523767159,0.07683209597942006,0.008674913152284145,1.0
12207,12,0.41800841391158783,0.33457931796893053,0.0834290959426573,0.35563177542240354,0.06237663848918429,0.3143148838001101,0.10369353011147775,0.3662026524543762,0.05180576145721161,0.34068958672136823,0.0773188271902196,0.0773188271902196,0.017857439812189176,1.0
12217,12,0.3039680166212834,0.2420141013105577,0.06195391531072572,0.2137746042221418,0.09019341239914161,0.19644279505242196,0.10752522156886146,0.25870782136917114,0.04526019525211228,0.22618149049001343,0.07778652613126999,0.07778652613126999,0.02162976389406684,1.0
27213,27,0.2380751816363062,0.17691277704241884,0.06116240459388736,0.1716603572467697,0.0664148243895365,0.11998185347525253,0.11809332816105367,0.1585610806941986,0.07951410094210759,0.1598915513085666,0.07818363032773959,0.07818363032773959,0.019958857035159136,1.0
41341,41,0.15198107628622118,0.09330417566009333,0.05867690062612785,0.06922630177328874,0.08275477451293244,0.08813742983665063,0.06384364644957055,0.061463870108127594,0.09051720617809358,0.07323886984608122,0.07874220644013996,0.07874220644013996,0.011880983356779439,1.0
14366,14,0.20006443298969073,0.10643045210844564,0.0936339808812451,0.16679899966661751,0.03326543332307322,0.1495769584493435,0.050487474540347244,0.12000191956758499,0.08006251342210574,0.1180521282871862,0.08201230470250453,0.08006251342210574,0.022414596169747482,1.0
14150,14,0.2534487281956791,0.17253796203261035,0.08091076616306875,0.15876500431669247,0.09468372387898663,0.16944705693153225,0.08400167126414684,0.17710863053798676,0.07634009765769234,0.20036646549906764,0.053082262696611454,0.08091076616306875,0.013757147293314273,1.0
26213,26,0.10106933425319076,0.016022125393253706,0.08504720885993705,0.015134673954473361,0.0859346602987174,0.025069662015164,0.07599967223802676,0.018604792654514313,0.08246454159867644,0.019623742080688233,0.08144559217250252,0.08246454159867644,0.003496716081370754,1.0
26209,26,0.2805062630480167,0.19527875543182646,0.08522750761619022,0.21963245977010143,0.06087380327791525,0.18257985877709765,0.09792640427091903,0.19700993597507477,0.08349632707294191,0.22258082241704552,0.05792544063097116,0.08349632707294191,0.015307914107383367,1.0
14384,14,0.17961706007496708,0.11002917458980054,0.06958788548516655,0.11991742564414845,0.05969963443081863,0.09391864104203188,0.08569841903293521,0.09539808332920074,0.08421897674576634,0.08909861455180676,0.09051844552316032,0.08421897674576634,0.01149177575886831,1.0
29402,29,0.12822921559417566,0.04505783585518921,0.08317137973898645,0.04397979984542027,0.08424941574875539,0.059508393741087046,0.06872082185308862,0.039068080484867096,0.08916113510930856,0.04226678643013865,0.08596242916403701,0.08424941574875539,0.007063018306524183,1.0
34309,34,0.17453598176489743,0.0900639889000269,0.08447199286487053,0.08510106967814247,0.08943491208675496,0.07253266937874409,0.10200331238615334,0.09207487106323242,0.08246111070166501,0.09241840904536827,0.08211757271952916,0.08447199286487053,0.007427422236620834,1.0
14213,14,0.41102373095694444,0.3268220121208962,0.08420171883604827,0.31725945883804674,0.0937642721188977,0.326547891035551,0.08447583992139346,0.3211151361465454,0.08990859481039903,0.347442004963543,0.06358172599340145,0.08447583992139346,0.010431836388506352,1.0
26208,26,0.3338177368159394,0.23721899120623863,0.09659874560970078,0.27881004661166797,0.05500769020427143,0.2668387352452508,0.06697900157068859,0.24898576736450195,0.08483196945143745,0.21531347859224798,0.11850425822369143,0.08483196945143745,0.022268786474233273,1.0
11201,11,0.22888244948199815,0.16353774508002147,0.06534470440197668,0.1287846370785413,0.10009781240345686,0.14366000413575453,0.08522244534624362,0.13427495956420898,0.09460748991778917,0.1475446404566103,0.08133780902538784,0.08522244534624362,0.011996007531207602,1.0
26206,26,0.14587618264088853,0.06036081535818952,0.08551536728269901,0.0434160956955565,0.10246008694533203,0.06359873000797664,0.08227745263291189,0.06000480055809021,0.08587138208279832,0.05995789773438235,0.08591828490650619,0.08587138208279832,0.007156049090890592,1.0
13228,13,0.20479574215100643,0.12760104765881072,0.07719469449219571,0.12746883714171486,0.07732690500929157,0.09786909436323912,0.10692664778776731,0.1095801293849945,0.09521561276601193,0.11758281435969098,0.08721292779131545,0.08721292779131545,0.011301028570259478,1.0
14362,14,0.16313253012048193,0.07028140111053323,0.0928511290099487,0.09113604807801655,0.07199648204246538,0.10540580824556811,0.05772672187491382,0.07555709034204483,0.0875754397784371,0.06972213315221448,0.09341039696826745,0.0875754397784371,0.013856390641332473,1.0
14206,14,0.21131153744710618,0.13364775612751267,0.0776637813195935,0.15852018807350896,0.052791349373597224,0.12297234613280586,0.08833919131430032,0.11614885181188583,0.09516268563522035,0.12013566271408321,0.09117587473302297,0.08833919131430032,0.015263345726497476,1.0
30203,30,0.16101575192484283,0.07444936280036878,0.08656638912447405,0.06444936102912226,0.09656639089572057,0.07181425881909256,0.08920149310575026,0.07164040952920914,0.08937534239563369,0.05946622334023604,0.10154952858460678,0.08937534239563369,0.0055527581158145226,1.0
04401,04,0.1617304492512479,0.06138529794751684,0.10034515130373106,0.07191671222109085,0.08981373703015706,0.07268929607361904,0.08904115317762887,0.06017635017633438,0.10155409907491353,0.07776198082614429,0.08396846842510362,0.08981373703015706,0.0068483833416417735,1.0
26211,26,0.27126134734830387,0.17136945442273654,0.09989189292556733,0.23430415091361562,0.036957196434688255,0.1037784202730333,0.16748292707527057,0.20640866458415985,0.06485268276414402,0.18137480793645805,0.08988653941184582,0.08988653941184582,0.043659902673614075,1.0
08235,08,0.1476392705470897,0.06799775904061851,0.07964151150647118,0.05840762804818387,0.08923164249890583,0.054538378121818915,0.09310089242527078,0.05155889317393303,0.09608037737315667,0.05687126481412935,0.09076800573296034,0.09076800573296034,0.005563949646066849,1.0
12204,12,0.4351542127807906,0.3436116502073779,0.0915425625734127,0.37031709766426196,0.06483711511652862,0.3076570622842022,0.12749715049658839,0.34613120555877686,0.08902300722201373,0.33374536167164454,0.10140885110914605,0.0915425625734127,0.020270769698219976,1.0
26214,26,0.20102757928305676,0.10717303851333898,0.09385454076971778,0.11917990335042573,0.08184767593263102,0.08850168877035666,0.1125258905127001,0.10056345164775848,0.10046412763529827,0.12671319150131127,0.07431438778174548,0.09385454076971778,0.013493965814433559,1.0
30343,30,0.12761647535449022,0.032808289958831914,0.0948081853956583,0.033373953532401156,0.09424252182208906,0.049722707456661255,0.07789376789782897,0.02679567225277424,0.10082080310171598,0.026892541910251807,0.10072393344423841,0.0948081853956583,0.008383326698049465,1.0
40345,40,0.19937205651491366,0.07979058190329347,0.11958147461162019,0.09272856646002796,0.1066434900548857,0.10421446966389958,0.09515758685101408,0.12563589215278625,0.0737361643621274,0.10380466607749353,0.09556739043742013,0.09556739043742013,0.015120227776197223,1.0
19206,19,0.15326311644846935,0.057409581431268515,0.09585353501720084,0.05306704645789112,0.10019606999057823,0.06624046086272972,0.08702265558573963,0.0529295839369297,0.10033353251153965,0.06848947159387085,0.0847736448545985,0.09585353501720084,0.006558758793835965,1.0
11442,11,0.2824890912540315,0.17923643065054765,0.10325266060348384,0.20921610943220018,0.07327298182183131,0.12921017076858252,0.15327892048544897,0.21814358234405518,0.06434550890997631,0.1856778613863293,0.09681122986770219,0.09681122986770219,0.031076126033352847,1.0
14217,14,0.18319630010277493,0.07804912435071092,0.10514717575206402,0.0775262028671406,0.10567009723563434,0.08519608571717352,0.09800021438560141,0.09245103597640991,0.09074526412636502,0.08826234861045222,0.09493395149232271,0.09800021438560141,0.005794830305866515,1.0
29209,29,0.3829857390157448,0.25936069553045277,0.12362504348529202,0.28417304944515365,0.09881268957059114,0.16080712586398505,0.22217861315175974,0.309770792722702,0.07321494629304276,0.304858199137427,0.07812753987831778,0.09881268957059114,0.05448190526950376,1.0
14210,14,0.19642650630276395,0.09738055278903383,0.09904595351373012,0.08164461776998469,0.11478188853277926,0.10780866949763318,0.08861783680513077,0.08316516131162643,0.11326134499113752,0.09823298943079264,0.09819351687197131,0.09904595351373012,0.00989393468870148,1.0
27216,27,0.2393200468933177,0.11755865717503089,0.12176138971828682,0.16144871958430096,0.07787132730901675,0.11386779099969568,0.12545225589362202,0.15039470791816711,0.08892533897515059,0.14023018838893384,0.09908985850438387,0.09908985850438387,0.01844021230389383,1.0
29363,29,0.20071433573779676,0.09315545870128115,0.10755887703651561,0.10067700877545908,0.10003732696233768,0.10713155916943949,0.09358277656835727,0.10827509313821793,0.09243924259957884,0.1001491963887734,0.10056513934902336,0.10003732696233768,0.00545960717550727,1.0
40230,40,0.16185848102379172,0.06160103973446544,0.10025744128932627,0.060575499879380906,0.10128298114441081,0.05580899029868638,0.10604949072510533,0.08248554170131683,0.07937293932247488,0.06967250460146357,0.09218597642232815,0.10025744128932627,0.009358300958147514,1.0
29212,29,0.14600946905647616,0.0329750237495597,0.11303444530691646,0.036217618775154954,0.10979185028132121,0.0558895700074372,0.09011989904903896,0.0478498600423336,0.09815960901414256,0.0453005907069856,0.10070887834949056,0.10070887834949056,0.008238515600891533,1.0
27321,27,0.25710401087695445,0.12933928397590957,0.12776472690104487,0.1611900427743637,0.09591396810259076,0.11390650263572878,0.14319750824122568,0.17830391228199005,0.0788000985949644,0.15584698374183126,0.10125702713512319,0.10125702713512319,0.023082759357903996,1.0
11214,11,0.27900856909426003,0.2063572915375731,0.07265127755668693,0.1773654967689556,0.10164307232530442,0.1611758617841089,0.11783270731015114,0.17148451507091522,0.1075240540233448,0.19514546593170048,0.08386310316255954,0.10164307232530442,0.01631755103519448,1.0
27225,27,0.326,0.23204936761305123,0.09395063238694878,0.2240775809054973,0.10192241909450273,0.20777346492663823,0.11822653507336178,0.2379569709300995,0.08804302906990052,0.22038163962413038,0.10561836037586964,0.10192241909450273,0.010343942207043582,1.0
40217,40,0.21548835918994472,0.1325475169775237,0.08294084221242101,0.12191007369113628,0.09357828549880844,0.11226432740731776,0.10322403178262696,0.1014309898018837,0.11405736938806102,0.09259670511022754,0.12289165407971718,0.10322403178262696,0.014202530258405436,1.0
13214,13,0.4725891080151981,0.35539703422351465,0.11719207379168345,0.369084033641711,0.1035050743734871,0.4263835423515887,0.046205565663609394,0.40430501103401184,0.06828409698118626,0.3582357560308393,0.11435335198435881,0.1035050743734871,0.02794413103503366,1.0
11341,11,0.17173524150268335,0.06669515642593594,0.1050400850767474,0.0796647643964931,0.09207047710619025,0.0753093459595718,0.09642589554311155,0.04292022064328194,0.1288150208594014,0.037917264367975094,0.13381797713470825,0.1050400850767474,0.016994195873913338,1.0
29401,29,0.1858267716535433,0.08040212050781362,0.10542465114572969,0.08507498519337708,0.10075178646016622,0.07323034429193845,0.11259642736160486,0.0973011925816536,0.08852557907188971,0.07997819825883919,0.10584857339470412,0.10542465114572969,0.00799951671186406,1.0
19212,19,0.16433248453983268,0.05713429133717119,0.1071981932026615,0.07981017521762446,0.08452230932220822,0.05053443866936711,0.11379804587046558,0.056926921010017395,0.10740556352981528,0.06474061720287796,0.09959186733695471,0.1071981932026615,0.010054232541876098,1.0
29362,29,0.19336823734729494,0.08509213560194398,0.10827610174535096,0.0726224108195508,0.12074582652774414,0.08017785813821658,0.11319037920907836,0.12299042195081711,0.07037781539647783,0.1222542742906025,0.07111396305669244,0.10827610174535096,0.02159460520608183,1.0
13122,13,0.46196662414412537,0.3205857299155987,0.14138089422852668,0.36359043386374074,0.09837619028038463,0.45707815256224793,0.0048884715818774405,0.3533952534198761,0.10857137072424927,0.33967781892019827,0.1222888052239271,0.10857137072424927,0.04735289517020611,1.0
12232,12,0.2894249245127642,0.16372375635669295,0.12570116815607124,0.19575225244850342,0.09367267206426078,0.1377739738026341,0.1516509507101301,0.19110997021198273,0.09831495430078147,0.18050371476892127,0.10892120974384292,0.10892120974384292,0.021099183776785845,1.0
14364,14,0.1441850410722006,0.03506049150857211,0.10912454956362849,0.033483528736023845,0.11070151233617676,0.060022640583216574,0.08416240048898402,0.030413227155804634,0.11377181391639596,0.041463679555350574,0.10272136151685002,0.10912454956362849,0.010599797156270628,1.0
28100,28,0.3280245037021632,0.21090956411588246,0.11711493958628072,0.23189778769486788,0.0961267160072953,0.15935996072001063,0.16866454298215255,0.21798385679721832,0.11004064690494486,0.22562539414111893,0.10239910956104425,0.11004064690494486,0.02588080918088523,1.0
11208,11,0.35057661498536946,0.2639283427686523,0.08664827221671717,0.22382394108039919,0.12675267390497028,0.20183103094355095,0.1487455840418185,0.24594047665596008,0.10463613832940938,0.24045837058178626,0.1101182444035832,0.1101182444035832,0.021029639687829393,1.0
23425,23,0.21822045152722444,0.10714472510148267,0.11107572642574177,0.13811055813070874,0.0801098933965157,0.1594588043454342,0.05876164718179025,0.0966196283698082,0.12160082315741624,0.10373434934410078,0.11448610218312366,0.11107572642574177,0.023901145414223425,1.0
13111,13,0.5169860188351597,0.3456530302090305,0.17133298862612922,0.40207267662153556,0.11491334221362415,0.4334053215679105,0.0835806972672492,0.4017246663570404,0.1152613524781193,0.36366288553342685,0.15332313330173286,0.1152613524781193,0.031064811391126896,1.0
26343,26,0.19340878828229027,0.0736063630769028,0.11980242520538747,0.0788038124474047,0.11460497583488558,0.04543941351277371,0.14796937476951655,0.07796031981706619,0.11544846846522408,0.0784060125626224,0.11500277571966787,0.11544846846522408,0.012839067855280727,1.0
13210,13,0.45926914916965395,0.3511833194643499,0.10808582970530406,0.3415748144703863,0.11769433469926766,0.4223989034376184,0.03687024573203557,0.34245210886001587,0.11681704030963808,0.31626354048255545,0.1430056086870985,0.11681704030963808,0.0357634549292099,1.0
12322,12,0.25077978789769184,0.13062119765629537,0.12015859024139647,0.19423276990601793,0.056547017991673915,0.11466864821351411,0.13611113968417773,0.13300615549087524,0.1177736324068166,0.14649606073206445,0.1042837271656274,0.1177736324068166,0.027164522701303945,1.0
13208,13,0.46493076756416063,0.34685456405711085,0.11807620350704978,0.3194144536147645,0.14551631394939613,0.4323952683690545,0.03253549919510612,0.3505316972732544,0.11439907029090624,0.3313079593320316,0.13362280823212902,0.11807620350704978,0.03974399740210682,1.0
01303,01,0.17046379170056958,0.02718579124653396,0.1432780004540356,0.04712697052743104,0.12333682117313854,0.07502653880952243,0.09543725289104715,0.046031299978494644,0.12443249172207493,0.047268969980988965,0.12319482171958061,0.12333682117313854,0.01528034020988122,1.0
12221,12,0.3431476017144457,0.2559454075302067,0.08720219418423897,0.1570861651724315,0.18606143654201418,0.20279509814190275,0.14035250357254295,0.21825334429740906,0.12489425741703664,0.23363386396466948,0.10951373774977621,0.12489425741703664,0.033246611603145605,1.0
11246,11,0.298941901476687,0.17214406131208848,0.1267978401645985,0.14085266197465673,0.15808923950203024,0.14503693406827742,0.15390496740840956,0.19174693524837494,0.10719496622831204,0.19337619653291582,0.10556570494377115,0.1267978401645985,0.022303940565033292,1.0
12222,12,0.38638171693064294,0.25815527410062267,0.12822644283002027,0.29972608047548327,0.08665563645515967,0.1821284173200134,0.20425329961062955,0.2754857540130615,0.11089596291758141,0.2592744227933632,0.12710729413727972,0.12710729413727972,0.03939180578398453,1.0
29211,29,0.20791664171507276,0.08062911665727396,0.1272875250577988,0.09658756159967914,0.11132908011539362,0.08070252669055575,0.12721411502451702,0.07929668575525284,0.12861995595981993,0.08181844458500756,0.1260981971300652,0.12721411502451702,0.006440135697463476,1.0
13308,13,0.15958549222797927,0.025354314700985363,0.1342311775269939,0.028334210325975037,0.13125128190200425,0.045578347996639484,0.11400714423133979,0.03221585601568222,0.12736963621229705,0.04735350588349685,0.11223198634448242,0.12736963621229705,0.009019874376801774,1.0
29210,29,0.3307107264621033,0.20856785659621624,0.12214286986588707,0.13699444861994792,0.1937162778421554,0.1668055275112041,0.16390519895089922,0.20005036890506744,0.13066035755703587,0.23290003041159787,0.09781069605050544,0.13066035755703587,0.033554064027833556,1.0
14208,14,0.4198243616848268,0.2691978974896797,0.15062646419514708,0.3465022046131523,0.0733221570716745,0.2021908183456294,0.21763354333919738,0.32753342390060425,0.09229093778422254,0.28831031844155564,0.13151404324327115,0.13151404324327115,0.05038725964442022,1.0
29201,29,0.24091053400215887,0.10600211259186183,0.13490842141029702,0.11606623238476102,0.12484430161739785,0.13591873458682696,0.1049917994153319,0.10816798359155655,0.13274255041060232,0.10508306937453268,0.13582746462762618,0.13274255041060232,0.01150551100894232,1.0
40342,40,0.17049847405900306,0.061503330387968284,0.10899514367103477,-0.008123819755673327,0.1786222938146764,0.09006751486914041,0.08043095918986265,0.03683922067284584,0.13365925338615722,0.02180150001703888,0.1486969740419642,0.13365925338615722,0.03354207948704188,1.0
12231,12,0.276347912442587,0.12401665503221815,0.15233125741036885,0.140446274516461,0.135901637926126,0.12619228245008593,0.15015562999250107,0.15980035066604614,0.11654756177654085,0.14029745192757231,0.13605046051501468,0.13605046051501468,0.012816868241214318,1.0
13108,13,0.49920048233197023,0.3380785366392913,0.1611219456926789,0.36290017122919344,0.1363003111027768,0.4376173739287076,0.06158310840326264,0.3715732991695404,0.12762718316242982,0.31660546408119616,0.18259501825077407,0.1363003111027768,0.04095623718172916,1.0
11235,11,0.38399890804149445,0.2911330569526292,0.09286585108886525,0.29182542790719496,0.09217348013429949,0.22354525299816305,0.1604536550433314,0.23308777809143066,0.15091112995006378,0.24705270284335937,0.13694620519813508,0.13694620519813508,0.028869702073443883,1.0
12224,12,0.3900027523130015,0.27127321643805624,0.11872953587494528,0.25067873133197244,0.13932402098102908,0.22484144375516335,0.16516130855783817,0.23279201984405518,0.15721073246894635,0.2628580262749263,0.1271447260380752,0.13932402098102908,0.01752704458813627,1.0
29361,29,0.23002488249930883,0.0903293758170132,0.13969550668229563,0.08141438637667513,0.14861049612263372,0.09013286466245904,0.1398920178368498,0.11551547795534134,0.11450940454396749,0.10181744212269347,0.12820744037661536,0.13969550668229563,0.011780415357100674,1.0
14363,14,0.2209147845891061,0.06764048578401267,0.1532742988050934,0.06646125647374242,0.15445352811536367,0.0770270263033768,0.1438877582857293,0.07319407165050507,0.14772071293860103,0.073435991319548,0.1474787932695581,0.14772071293860103,0.003935412264531703,1.0
26303,26,0.2961258151131569,0.1469660398675422,0.1491597752456147,0.15109953224940187,0.14502628286375502,0.13512610065188074,0.16099971446127614,0.15936362743377686,0.13676218767938003,0.13259358255659406,0.16353223255656282,0.1491597752456147,0.009987913179240653,1.0
29425,29,0.3347170832957314,0.18392083396458653,0.15079624933114488,0.14757362485544115,0.18714345844029026,0.15609847927490828,0.17861860402082314,0.2020469754934311,0.13267010780230032,0.1876343313496448,0.1470827519460866,0.15079624933114488,0.020392084699226477,1.0
12220,12,0.4341072115493404,0.297740399117147,0.1363668124321934,0.33197307253587327,0.10213413901346713,0.2497992947792797,0.1843079167700607,0.21267372369766235,0.22143348785167805,0.2831756080614295,0.1509316034879109,0.1509316034879109,0.04086443772199995,1.0
27366,27,0.26060500695410294,0.0866840268439883,0.17392098011011464,0.11503920913440596,0.14556579781969697,0.08153980529097687,0.17906520166312606,0.10354213416576385,0.15706287278833908,0.10310755839707601,0.1574974485570269,0.1574974485570269,0.012215766755031096,1.0
14383,14,0.27534246575342464,0.09688962786627497,0.17845283788714966,0.13083409497354526,0.14450837077987938,0.10352909396642371,0.17181337178700093,0.12311293929815292,0.1522295264552717,0.11608356398099744,0.15925890177242719,0.15925890177242719,0.012434934540268252,1.0
13225,13,0.46822829346619754,0.2924668993681205,0.17576139409807706,0.31674721334528233,0.1514810801209152,0.239926320497082,0.22830197296911553,0.34725677967071533,0.12097151379548221,0.3080095325875171,0.16021876087868042,0.16021876087868042,0.03532572910775814,1.0
25201,25,0.23030183367620552,0.06260668811445348,0.16769514556175202,0.07992421938872424,0.15037761428748128,0.08499717666738836,0.14530465700881717,0.0691160038113594,0.16118582986484611,0.055905464332015146,0.17439636934419037,0.16118582986484611,0.01073502529724709,1.0
27362,27,0.2554112554112554,0.08362928946495571,0.17178196594629971,0.0935672463140702,0.16184400909718522,0.1329563464067386,0.12245490900451683,0.11998064070940018,0.13543061470185525,0.07851786052782814,0.17689339488342729,0.16184400909718522,0.02117186947022233,1.0
29343,29,0.34283387622149836,0.1784434266200389,0.16439044960145946,0.2505970785651584,0.09223679765633996,0.13859514410683088,0.20423873211466748,0.21395237743854523,0.12888149878295313,0.17964698394603432,0.16318689227546404,0.16318689227546404,0.037692640559417935,1.0
13103,13,0.48637709889435615,0.30700957580047106,0.1793675230938851,0.36162317338506583,0.12475392550929032,0.43510223759261146,0.05127486130174469,0.3187629282474518,0.16761417064690437,0.30806227830062416,0.178314820593732,0.16761417064690437,0.048753690141299925,1.0
27221,27,0.3139465689498575,0.15580636630999337,0.15814020263986414,0.12397601819518159,0.18997055075467592,0.12929631038418254,0.18465025856567496,0.14518366754055023,0.16876290140930728,0.14549219828738413,0.16845437066247337,0.16876290140930728,0.011646465414959197,1.0
13113,13,0.5412885608328066,0.3039413343796909,0.23734722645311573,0.37436678520107936,0.16692177563172728,0.5281249813937255,0.013163579439081086,0.3432081639766693,0.19808039685613732,0.32683244842306797,0.21445611240973866,0.19808039685613732,0.07978395119819291,1.0
29342,29,0.3447776900815575,0.09193226513290928,0.25284542494864826,0.14433847903247615,0.20043921104908136,0.10015786991395598,0.24461982016760153,0.12299053370952606,0.22178715637203145,0.09269143547039574,0.25208625461116174,0.24461982016760153,0.020346455071667175,1.0
27301,27,0.4454834993562377,0.1600082115194211,0.28547528783681664,0.2840851411657056,0.1613983581905321,0.12371040288186536,0.32177309647437236,0.20860861241817474,0.23687488693806297,0.18513151802002903,0.2603519813362087,0.2603519813362087,0.05383151895055183,1.0
13101,13,0.521232647288697,0.21585478589530907,0.30537786139338796,0.26050878975656333,0.2607238575321337,0.20887009374287463,0.3123625535458224,0.2633117437362671,0.2579209035524299,0.21155716431823207,0.30967548297046493,0.30537786139338796,0.024522415531201065,1.0
