code,rail_any_share,oof_prediction,residual
15103,0.02170640893606908,0.27166478601033106,-0.249958377074262
26102,0.11172646981665549,0.3492364757952307,-0.23751000597857522
34101,0.10167460485999454,0.31980897496644095,-0.21813437010644643
40133,0.16779107965694381,0.383987057653104,-0.21619597799616017
47201,0.05555640162648676,0.271193716320697,-0.21563731469421024
34103,0.07336496103015927,0.27636314221645547,-0.2029981811862962
47205,0.0009473684210526315,0.19582911298321826,-0.19488174456216562
40136,0.13103852596314908,0.3228705700214938,-0.1918320440583447
47208,0.01381544571010555,0.1988673037499761,-0.18505185803987056
26104,0.24572191343166003,0.416494531698417,-0.17077261826675696
34302,0.06842186415850744,0.23852356668680677,-0.17010170252829931
34102,0.06765090959206174,0.2311184316292858,-0.16346752203722406
34104,0.13050827511687868,0.2922106868148053,-0.1617024116979266
01110,0.03888436482084691,0.20035212927050472,-0.16146776444965782
40134,0.1284463804190002,0.2895360790844903,-0.1610896986654901
40106,0.06273538667904865,0.2226232141749009,-0.15988782749585226
15102,0.030613030951977444,0.18950753417998498,-0.15889450322800752
17212,0.024613381084160835,0.17514351111707555,-0.1505301300329147
33102,0.043592574300572326,0.19012497184024807,-0.14653239753967573
22102,0.054084596490244975,0.20005126977383608,-0.14596667328359111
23115,0.23737527661096902,0.38104834018262823,-0.1436730635716592
28207,0.17478605520311366,0.3160734713350312,-0.14128741613191756
47211,0.0006980802792321117,0.14106742941125777,-0.14036934913202567
40105,0.08581503200337282,0.22080856558169643,-0.1349935335783236
40108,0.06733432772213936,0.20134571499180948,-0.1340113872696701
23114,0.17731277533039647,0.3105752199570949,-0.13326244462669845
47212,0.002171552660152009,0.13298589074570633,-0.13081433808555432
13204,0.2827995428126748,0.40956213214542475,-0.12676258933274998
26106,0.22905011823057847,0.3541208767508458,-0.12507075852026733
40109,0.07807442271452658,0.20117870623885067,-0.12310428352432409
21201,0.045139031714038914,0.1682219663943531,-0.1230829346803142
40130,0.16684870426049783,0.2893360146735237,-0.12248731041302588
23230,0.13851089722314416,0.26047505198085585,-0.12196415475771169
14212,0.0896372214088173,0.21072267795572386,-0.12108545654690656
22206,0.08554707671122841,0.2066266398521349,-0.12107956314090648
47350,0.0013713658804168952,0.12148223127688743,-0.12011086539647053
23116,0.24350517887697393,0.3635773198136413,-0.12007214093666735
23206,0.12924804556322703,0.2492257967646668,-0.11997775120143978
10524,0.02141641452344932,0.14094474470631752,-0.1195283301828682
23100,0.2355519268021422,0.3540154174489014,-0.1184634906467592
26101,0.09408260606944242,0.2114261057583896,-0.11734349968894718
40100,0.07662295463583546,0.19105144409319455,-0.11442848945735909
40218,0.16734542761940022,0.2810043217551865,-0.11365889413578631
14207,0.22482600569179761,0.3377372960067331,-0.11291129031493546
14301,0.09517794784159299,0.20716929984150412,-0.11199135199991113
23103,0.2225781632510317,0.3331155358919976,-0.11053737264096591
14203,0.10375628040513597,0.2124291315633415,-0.10867285115820553
44202,0.03223433295258746,0.13817500093401067,-0.10594066798142321
27220,0.19136528553204885,0.29205170472959335,-0.10068641919754451
22341,0.018052947234506574,0.11715166400463559,-0.09909871677012902
34100,0.10942035876377783,0.20735103456548054,-0.09793067580170271
40343,0.05437505799387585,0.1508773217108503,-0.09650226371697446
23203,0.11063212602231981,0.20706204211849058,-0.09642991609617077
13223,0.08601437258153675,0.18179435645354572,-0.09577998387200896
40132,0.1580402356264425,0.25319495590144464,-0.09515472027500213
04216,0.013692022263450836,0.10876698979146594,-0.09507496752801511
23302,0.05340851785632421,0.1470899533859838,-0.09368143552965959
38205,0.004823601996746873,0.09845552388485095,-0.09363192188810407
19210,0.03045822102425876,0.12269595982699903,-0.09223773880274028
23217,0.11328174022171093,0.20492961791680409,-0.09164787769509315
23225,0.12583888095302267,0.2147280567000368,-0.08888917574701413
23113,0.1811816138513597,0.2696663802339325,-0.08848476638257283
19201,0.019498041163785805,0.10752332140707666,-0.08802528024329084
23236,0.08010841740701702,0.16687150690600636,-0.08676308949898934
28108,0.2403701073932724,0.3267597603981393,-0.08638965300486692
21421,0.01617496297983825,0.10213561078404926,-0.085960647804211
27207,0.1967572362156451,0.2821337411355107,-0.08537650491986562
36402,0.008071249652101308,0.09343453481622964,-0.08536328516412833
23219,0.06419639496466062,0.14832028557599744,-0.08412389061133682
33104,0.029018932001926147,0.11269345340852496,-0.08367452140659881
23102,0.3050479700938489,0.3885189107284014,-0.08347094063455252
34307,0.008411214953271028,0.09150934633622139,-0.08309813138295036
22212,0.0453891733302652,0.12677046867610017,-0.08138129534583496
23210,0.10090979984403431,0.18224049464316816,-0.08133069479913385
23229,0.12485161443494777,0.20557767882930755,-0.08072606439435978
47348,0.0012907768129547055,0.0814543183768299,-0.08016354156387519
13123,0.4028488393189968,0.4820010335048994,-0.07915219418590264
47213,0.0005437614699685072,0.07963034070392085,-0.07908657923395233
11230,0.22281831674405306,0.30144650546250235,-0.07862818871844929
14218,0.11620702889412797,0.1922882767091222,-0.07608124781499424
36403,0.012328148195959466,0.08800840268061202,-0.07568025448465256
23205,0.10061500195914752,0.17626529479226366,-0.07565029283311614
10464,0.011614956245027844,0.08612951941727182,-0.07451456317224397
23110,0.17404947388218525,0.24820757643672656,-0.0741581025545413
47329,0.00752162467092892,0.08132483695404606,-0.07380321228311715
12103,0.25854905720677535,0.3322858883523056,-0.07373683114553026
22130,0.026883386883386883,0.10014061325661619,-0.0732572263732293
47326,0.0008586147681740126,0.07374998423067812,-0.0728913694625041
42308,0.004445043103448276,0.07684169529253708,-0.0723966521890888
23234,0.15404398509794495,0.22622438525218133,-0.07218040015423638
01100,0.21539710987845476,0.2873612636244912,-0.07196415374603646
17201,0.01563895162561059,0.08673771504012642,-0.07109876341451583
21204,0.07783018867924528,0.14889176104072008,-0.0710615723614748
14136,0.39391878489047577,0.4649065108136456,-0.07098772592316982
04105,0.11440356018669272,0.18340182500646743,-0.06899826481977471
35207,0.022136942031912746,0.08958213063619017,-0.06744518860427742
37386,0.04525815510909484,0.11252960944661082,-0.06727145433751598
01205,0.011764383261119947,0.07886710448718348,-0.06710272122606353
37403,0.04512095678173417,0.11099306072376974,-0.06587210394203558
23342,0.018570338336301194,0.0839952452985295,-0.0654249069622283
19384,0.021918070444104133,0.08714621348676795,-0.0652281430426638
21214,0.057585849451930925,0.12239401507959351,-0.06480816562766259
13121,0.40689134489241385,0.4716900749643992,-0.06479873007198533
26210,0.1501930763498408,0.2145120636064124,-0.06431898725657159
27142,0.13400100927759015,0.1973214866352535,-0.06332047735766336
40221,0.17124071832782703,0.2344903201834568,-0.06324960185562978
14401,0.009567174869538524,0.0727357998438916,-0.06316862497435308
23209,0.053564672179882165,0.11625081150549381,-0.06268613932561165
19424,0.006019417475728156,0.06866512549781689,-0.06264570802208874
43216,0.03227819574940193,0.09485700415896027,-0.06257880840955835
23112,0.20452820002361952,0.2665047929492928,-0.061976592925673285
30209,0.03784958582793406,0.09974361832882543,-0.06189403250089137
23226,0.17307219737553448,0.23489911763177063,-0.06182692025623615
23104,0.2462980688024323,0.30810643393641757,-0.06180836513398527
30381,0.021305841924398626,0.08281588558778714,-0.06151004366338852
47324,0.0004350257908147412,0.06156597733182379,-0.06113095154100905
47327,0.00030079711234772146,0.061273753846148665,-0.060972956733800945
40642,0.035922330097087375,0.09682457535803181,-0.06090224526094443
23237,0.12811557012854324,0.18861699878372357,-0.06050142865518032
08221,0.05551007260867814,0.11577102932870197,-0.06026095672002382
40107,0.09868344278121387,0.1582248906041767,-0.05954144782296282
33423,0.05278745644599303,0.11137473152217689,-0.05858727507618386
35206,0.016151234284665503,0.07472253106017815,-0.05857129677551265
23202,0.07383798825105638,0.13205332047320628,-0.058215332222149904
31202,0.014512458673841794,0.07271629054811632,-0.058203831874274525
36401,0.0017145306472353193,0.059721400515295404,-0.058006869868060085
47325,0.0007501875468867217,0.056822656045495676,-0.05607246849860895
40103,0.035453687011760666,0.09141759009537093,-0.05596390308361026
22424,0.0042489214276376,0.06003721382684983,-0.05578829239921223
47210,0.0005212793685072793,0.05602788753083145,-0.05550660816232417
23212,0.09998565960310193,0.1553858864430165,-0.05540022683991458
13222,0.2586985005095356,0.31406520143476124,-0.055366700925225665
17211,0.0158311345646438,0.07108395650985494,-0.05525282194521114
34106,0.058328537431366755,0.11312195589063767,-0.054793418459270916
20206,0.022900445517758255,0.07700883237980398,-0.05410838686204572
23424,0.03672722519932035,0.0903625389029545,-0.05363531370363415
20204,0.03589655616074109,0.08947667129000993,-0.053580115129268836
21213,0.08775769247603624,0.14115377799894518,-0.05339608552290895
27215,0.24191896431644067,0.294962950799865,-0.053043986483424344
21216,0.06804993845612801,0.12103875128241319,-0.052988812826285175
27108,0.1557410423452769,0.20843712799687705,-0.052696085651600166
42307,0.07387914230019493,0.1262544446778769,-0.052375302377681954
27223,0.22696306214066314,0.2792532763238895,-0.05229021418322638
23208,0.10751433524469929,0.15939210276225896,-0.05187776751755967
22216,0.027021137502723905,0.0787340460996637,-0.05171290859693979
26103,0.1377460803960863,0.18919950254925133,-0.051453422153165035
09201,0.026273119158416493,0.07761075127910845,-0.05133763212069196
10204,0.02190530519110097,0.07312172043436639,-0.05121641524326542
42205,0.02755485961592832,0.07827591825727773,-0.050721058641349404
26107,0.20038462451625158,0.25091327555997955,-0.05052865104372797
20361,0.051884155205188416,0.1021211031439368,-0.05023694793874838
43442,0.003000230786983614,0.0515635807518811,-0.04856334996489748
22223,0.005923944200267533,0.05410736502495394,-0.04818342082468641
18207,0.02952807042863328,0.07744384423808459,-0.047915773809451306
43404,0.045952683316871266,0.09373879611721941,-0.04778611280034815
37202,0.02056251477192153,0.06825442170719427,-0.04769190693527274
47328,0.001563314226159458,0.04877673085049403,-0.04721341662433457
39201,0.019156203194333626,0.06630353297027777,-0.047147329775944144
08232,0.009276968058211875,0.0563253136822599,-0.04704834562404803
34105,0.1567538397675384,0.20335517808360368,-0.04660133831606528
40137,0.17143827882203636,0.21779178705748464,-0.04635350823544829
11348,0.04399441340782123,0.09019250623989084,-0.046198092832069604
13209,0.28844130387177064,0.33432013115049847,-0.04587882727872783
16211,0.02897513108298764,0.07479594471498392,-0.045820813631996284
37322,0.0010716199321307376,0.04644562378564668,-0.04537400385351594
47362,0.0004320276497695853,0.04566679754100769,-0.045234769891238105
10207,0.050399891554832585,0.09534203460766051,-0.044942143052827926
01101,0.24359326594222808,0.2884762560010759,-0.04488299005884783
43100,0.028082898279225724,0.07263961300714022,-0.044556714727914504
36203,0.024211997966446366,0.06875428951050841,-0.04454229154406204
21209,0.06617904277309589,0.11060213392794635,-0.044423091154850464
27116,0.2954383464005702,0.33981844280767803,-0.04438009640710783
29426,0.12857948493013346,0.17287743800964356,-0.044297953079510094
27210,0.25626828559050957,0.30038316539665305,-0.04411487980614348
22213,0.02796608700175113,0.07139436702348306,-0.043428280021731935
47215,0.0005257347142631828,0.04392494545769532,-0.043399210743432136
23227,0.08941147399201022,0.1327160001371876,-0.04330452614517738
35344,0.008737092930897538,0.05202691421795789,-0.043289821287060354
21207,0.007062600321027288,0.05013592001296417,-0.04307331969193688
13103,0.48637709889435615,0.5293374269779129,-0.04296032808355671
37204,0.023565034228541337,0.06648686723895841,-0.042921833010417076
19202,0.020056032374260683,0.06293162486679021,-0.042875592492529535
23238,0.17858696743532246,0.22124338221712656,-0.0426564147818041
23107,0.3031880678620246,0.34569882060502594,-0.04251075274300131
23108,0.3005230901354569,0.3430189228615216,-0.042495832726064664
01402,0.0011252813203300824,0.04320323108483102,-0.04207794976450094
04404,0.016408386508659983,0.05830137398275138,-0.0418929874740914
22210,0.04051710414973567,0.08224961274121032,-0.04173250859147465
36202,0.01511508072827207,0.056657835015462954,-0.04154275428719088
21403,0.009482064585383308,0.05068515049576233,-0.04120308591037902
46201,0.040615664418134606,0.08178376055971653,-0.04116809614158193
31384,0.01340033500837521,0.05446014843585895,-0.04105981342748374
36404,0.01947819871336669,0.060460326582956025,-0.04098212786958934
30201,0.05130465444287729,0.09228074119419385,-0.040976086751316566
11203,0.31660221965550145,0.35725604531865995,-0.040653825663158505
34108,0.09627119660554448,0.13685508681991224,-0.04058389021436776
36341,0.028491620111731845,0.06893815146939825,-0.040446531357666404
15107,0.06593121686262818,0.10591302331542447,-0.039981806452796295
37324,0.0025592902235113462,0.042247541293003316,-0.03968825106949197
25211,0.04482671571279166,0.08423081409318436,-0.0394040983803927
17365,0.026419213973799125,0.06575796429839541,-0.039338750324596286
15104,0.040013470487386724,0.07928892216240965,-0.03927545167502293
30404,0.005799971707455086,0.04474247572969269,-0.0389425040222376
22101,0.031174058640299967,0.07008646865117912,-0.03891241001087915
09216,0.07759106426701137,0.1164427598042277,-0.03885169553721633
47311,0.00042707666026051675,0.03921010363447801,-0.03878302697421749
40381,0.015495550782448604,0.053981502855283435,-0.03848595207283483
22214,0.040928640144870125,0.0792222349631691,-0.03829359481829898
21205,0.007009182028457279,0.045301907057750085,-0.038292725029292804
35202,0.01666580538473464,0.05479350250453022,-0.03812769711979558
10345,0.02060907167172693,0.05858692391604723,-0.0379778522443203
23223,0.14150002168915107,0.17945931285974054,-0.037959291170589465
22219,0.017043478260869566,0.054924003008153977,-0.037880524747284414
01204,0.005573106853211888,0.043263049557200485,-0.037689942703988594
40202,0.03751297167207613,0.07520191323329564,-0.03768894156121951
07203,0.014884536838246845,0.05242120264490052,-0.03753666580665368
08203,0.061356859610832745,0.09881276581845805,-0.0374559062076253
36201,0.008899726229984419,0.046342276086818214,-0.0374425498568338
10203,0.02398561680219017,0.061423352533158074,-0.037437735730967904
04421,0.005474836807749,0.04273552416929978,-0.037260687361550776
34207,0.026009697581210234,0.06318438575916767,-0.03717468817795744
43443,0.004422110552763819,0.04146716496797235,-0.03704505441520853
08222,0.016419635572477564,0.05329193809160295,-0.03687230251912539
21202,0.05107589528470442,0.08785359053618008,-0.03677769525147566
20385,0.030222437137330756,0.0669503458675597,-0.03672790873022894
37404,0.03966480446927374,0.07636569770618748,-0.03670089323691374
36405,0.005951115834218916,0.042524679333606354,-0.03657356349938744
19430,0.014204545454545454,0.05071017922201884,-0.036505633767473386
31204,0.019577377252952145,0.0559888842021892,-0.03641150694923705
38402,0.002342419080068143,0.03853229535772222,-0.036189876277654076
17384,0.00444652468991341,0.0405279705996578,-0.03608144590974439
22226,0.0029767529767529767,0.038959651676258096,-0.03598289869950512
30207,0.010020763744696218,0.045783329734675506,-0.03576256598997929
21501,0.0315095261358085,0.06717860248325214,-0.03566907634744364
23201,0.04679493797442905,0.0824447071344228,-0.035649769159993745
37364,0.0012779552715654952,0.036814286679449845,-0.03553633140788435
22306,0.001736111111111111,0.03717167420092399,-0.035435563089812876
28216,0.13038181330864257,0.16580430938447274,-0.03542249607583017
21502,0.016012199771254287,0.051250579269436096,-0.03523837949818181
20450,0.008252063015753939,0.043373767590353246,-0.03512170457459931
19208,0.009486771551470156,0.04456325352796144,-0.03507648197649128
10525,0.032093246048219705,0.0670990577650464,-0.0350058117168267
33204,0.020806503541532517,0.05564238987456965,-0.034835886333037136
22342,0.08376939318828605,0.11822620200376396,-0.03445680881547791
10205,0.022232173677778088,0.0566235560219185,-0.03439138234414041
42391,0.02844574780058651,0.06263710227397656,-0.034191354473390057
08443,0.04382718616158676,0.07793912328862695,-0.03411193712704019
25207,0.11765140143219234,0.15175270953595352,-0.03410130810376118
22203,0.04772605801467373,0.0817952977043017,-0.034069239689627974
40544,0.008117424663627266,0.04218461617335529,-0.03406719150972802
21383,0.01675436167266685,0.05076349179969068,-0.034009130127023834
15106,0.005125552525157529,0.039061308772925074,-0.03393575624776755
08442,0.008836737650296972,0.04273424536244926,-0.03389750771215229
12227,0.33071051917564204,0.3643531237293623,-0.03364260455372026
40341,0.05046457607433217,0.08390012610907494,-0.033435550034742766
40608,0.008551307847082495,0.04192788012351535,-0.033376572276432856
02411,0.0016534391534391533,0.034867160248582316,-0.03321372109514316
08302,0.00691292507506459,0.04005938354446762,-0.033146458469403034
34215,0.0033482142857142855,0.03644439859268268,-0.03309618430696839
47209,0.00014994189751471306,0.03322585779196563,-0.033075915894450914
08228,0.005554874811093412,0.038538840467709765,-0.032983965656616356
22207,0.025337350556107568,0.058260320434937514,-0.03292296987882995
21211,0.03222061978965141,0.06513701306892627,-0.03291639327927486
40348,0.023556581986143188,0.056341825187098814,-0.032785243200955626
11104,0.2449467290650204,0.27763359188220366,-0.03268686281718325
22211,0.023190594326394132,0.05584573147785418,-0.032655137151460054
01213,0.017105871474803514,0.0497222473742005,-0.03261637589939699
24324,0.026215776002481966,0.05826826649625962,-0.03205249049377766
29424,0.10785890425645973,0.13984967907996165,-0.03199077482350192
23204,0.12734009042093064,0.15926992728475445,-0.03192983686382381
10344,0.007545671167593328,0.03945247244607668,-0.031906801278483346
47314,0.0,0.03156671151503055,-0.03156671151503055
25206,0.14805850943139362,0.17940395260946818,-0.031345443178074556
40212,0.012690019828155982,0.04389112439760003,-0.03120110456944405
10426,0.010334137099552188,0.04136037024304158,-0.031026233143489394
37205,0.016133540992771853,0.04704337033600701,-0.030909829343235155
43203,0.0024,0.03318563393237835,-0.030785633932378348
11219,0.21605208447313712,0.24672774690272659,-0.030675662429589468
11346,0.023010752688172043,0.053360272084922264,-0.03034951939675022
25202,0.06925032880315651,0.09939849426435524,-0.030148165461198723
20350,0.0023752969121140144,0.032361069667690597,-0.02998577275557658
18209,0.017753744556634924,0.04773275088114178,-0.029979006324506858
45201,0.009005366666851278,0.038968515515300055,-0.02996314884844878
10523,0.014835680751173709,0.044508372506673444,-0.029672691755499733
01206,0.002286890400777543,0.031564518528557774,-0.02927762812778023
01230,0.018295946669261837,0.047428041957015894,-0.029132095287754057
25208,0.1148976760319112,0.1439031489868032,-0.029005472954892003
10212,0.02559894978667542,0.05459303317520454,-0.02899408338852912
19214,0.024771573604060914,0.053763982404646346,-0.028992408800585432
08341,0.07811066126855601,0.10709122876901633,-0.028980567500460325
17203,0.017148248177883015,0.04611734195274814,-0.028969093774865128
28381,0.035742538655160014,0.0646875458550666,-0.028945007199906586
38213,0.01156008060239686,0.04027506787493076,-0.028714987272533896
21505,0.008633396504527269,0.037240111957486846,-0.028606715452959577
43531,0.000718132854578097,0.029193139236845033,-0.028475006382266937
21215,0.004346426271732131,0.03272392057896241,-0.02837749430723028
06321,0.011077664057796508,0.03942575258687038,-0.028348088529073872
20349,0.007730535615681944,0.035809611949884,-0.02807907633420206
04100,0.1599282348938823,0.18781865414736512,-0.027890419253482818
45401,0.017903364969801553,0.0457502889499346,-0.02784692398013305
34208,0.027906160416544784,0.05569513119889907,-0.02778897078235429
21503,0.02565099106101827,0.05335150650229842,-0.02770051544128015
01212,0.0016256638127235287,0.029220255190564672,-0.027594591377841142
27227,0.2623533029262543,0.28990874096880065,-0.027555438042546343
43441,0.0016431603450636724,0.029190248965631622,-0.02754708862056795
45383,0.0003368137420006736,0.02768405091454524,-0.027347237172544565
42203,0.007476941548873001,0.03478327983186534,-0.02730633828299234
31389,0.0035700119000396666,0.030851864154635988,-0.027281852254596322
14110,0.31290239113559914,0.3400951801867755,-0.027192789051176336
09411,0.005143277002204262,0.03229010051404237,-0.02714682351183811
27147,0.08329148882751694,0.11032382808413801,-0.027032339256621074
38202,0.008667945213753945,0.035686070799022925,-0.02701812558526898
41201,0.013326721626479887,0.04033826564829813,-0.02701154402181824
09202,0.028570598151485205,0.05550142987223621,-0.026930831720751006
24470,0.0064498790647675355,0.03334053421376817,-0.02689065514900063
26344,0.017210944395410415,0.04406230528707217,-0.026851360891661753
11465,0.03740684465668186,0.06425743153754138,-0.026850586880859513
33100,0.04207115921416811,0.0688978303415672,-0.026826671127399088
46482,0.0,0.026675098214591294,-0.026675098214591294
33623,0.002260738507912585,0.02891259490685744,-0.026651856398944854
03211,0.003843197540353574,0.03044634986837246,-0.026603152328018884
14152,0.22335517545064518,0.24989823362764235,-0.026543058176997175
02203,0.010445274025526686,0.03692576086980684,-0.026480486844280154
34431,0.001257071024512885,0.02770812994747332,-0.026451058922960437
18202,0.019080387863622147,0.04548919094237644,-0.026408803078754293
35210,0.029498391408763425,0.05566694573691837,-0.026168554328154944
10209,0.027521466102780983,0.053613579920858113,-0.02609211381807713
28228,0.01616220981486923,0.04219186089157441,-0.026029651076705178
21381,0.04462540716612378,0.07054581821314695,-0.025920411047023174
06426,0.002044989775051125,0.02787738865918719,-0.025832398884136066
08309,0.03950991189427313,0.065322677091267,-0.025812765196993874
34203,0.03956107421311002,0.0653688953095262,-0.02580782109641619
09209,0.01350879548811602,0.03913768677236405,-0.025628891284248032
27209,0.28489317512195905,0.31037924911503345,-0.0254860739930744
03203,0.005257687840068472,0.030724147070876544,-0.02546645923080807
20363,0.023347483323226198,0.048809769804360574,-0.025462286481134376
13110,0.5429081524102014,0.5683609707969537,-0.025452818386752285
21218,0.015879935234773945,0.041266912732349434,-0.02538697749757549
28205,0.003980459562149448,0.029278238783151105,-0.025297779221001657
26202,0.018251655629139073,0.043471523108700366,-0.025219867479561293
25442,0.034678226075358455,0.05987052646377196,-0.025192300388413504
13211,0.35233205173875126,0.3775021548091366,-0.025170103070385363
06201,0.013750948486636877,0.038836282690594005,-0.02508533420395713
01400,0.007039337474120083,0.03210972127586765,-0.025070383801747566
38356,0.0006818956699624957,0.025702204598238083,-0.025020308928275586
42323,0.007156147130385,0.03212082242347812,-0.02496467529309312
07202,0.009524338947875554,0.034375687867885606,-0.02485134892001005
09214,0.029747427502338636,0.05457643663144924,-0.024829009129110603
08229,0.010805061023401634,0.03560234760357023,-0.024797286580168595
21303,0.08225275788658797,0.10701629337541928,-0.024763535488831312
08546,0.009326776326945905,0.03408834508129911,-0.02476156875435321
01631,0.0018668012108980828,0.026541811178607752,-0.02467500996770967
06204,0.004479069372505732,0.029028692658905956,-0.024549623286400223
26205,0.022101810922572365,0.04662356408702435,-0.024521753164451987
23214,0.08088774297919668,0.10535131748755823,-0.02446357450836155
26209,0.2805062630480167,0.304966883299589,-0.024460620251572307
19211,0.023923444976076555,0.048339300832972276,-0.02441585585689572
28213,0.017683939767429397,0.042089456811794275,-0.024405517044364878
01207,0.0025141764022682243,0.02689288098724925,-0.024378704584981023
22215,0.04009767675384545,0.06447061414795686,-0.024372937394111414
22305,0.0008861320336730173,0.025249358110047294,-0.024363226076374277
46527,0.0,0.024340023086398092,-0.024340023086398092
07465,0.013125512715340444,0.03740046497372357,-0.024274952258383123
33202,0.035002783196044586,0.059056708620809265,-0.02405392542476468
04203,0.13772506186534686,0.1617187211271196,-0.023993659261772743
18204,0.011419249592169658,0.03526242027818038,-0.023843170686010717
24209,0.010452961672473868,0.03427202130520436,-0.023819059632730493
27203,0.34121001554756036,0.364930769604077,-0.023720754056516635
46203,0.000724966017217943,0.024438985169192424,-0.02371401915197448
34205,0.018571762896593225,0.042285278316362376,-0.02371351541976915
39205,0.004300430043004301,0.02799873214270007,-0.02369830209969577
09343,0.012228260869565218,0.035836144797298776,-0.02360788392773356
43367,0.0035952747817154596,0.027165623803516833,-0.023570349021801374
46204,0.004428798546445605,0.02799456096471688,-0.023565762418271276
34462,0.0042422469280280865,0.02774831955988655,-0.023506072631858464
11347,0.0313777483151033,0.05484767607843317,-0.023469927763329866
15100,0.0442769702609539,0.0675646655431106,-0.02328769528215669
16208,0.021310243941011348,0.04457179017677891,-0.023261546235767563
10201,0.026362430826511615,0.049480705319661034,-0.02311827449314942
19425,0.01437847866419295,0.03745825367962273,-0.02307977501542978
47306,0.00026737967914438503,0.02333148724348377,-0.023064107564339385
08233,0.0077480086893555395,0.03076539851605777,-0.02301738982670223
25425,0.030365626936583352,0.05333519081770289,-0.022969563881119537
13201,0.2592623711670188,0.2821304489625332,-0.02286807779551442
43444,0.001845444059976932,0.02466093719306228,-0.022815493133085347
46502,0.0004170141784820684,0.02321464756972043,-0.02279763339123836
22220,0.051403501960632064,0.0740442641312533,-0.022640762170621234
28227,0.0035354745925215724,0.026025341054270533,-0.02248986646174896
33622,0.012451520718513982,0.034845712667878746,-0.022394191949364765
07308,0.004174573055028463,0.02651129810999845,-0.02233672505496999
05303,0.004217432052483599,0.02650807410339714,-0.022290642050913544
10428,0.009351256575102279,0.03161286895376711,-0.02226161237866483
01453,0.002802932298404485,0.025044820024752498,-0.02224188772634801
43348,0.0023124357656731757,0.024431974076764715,-0.02211953831109154
02208,0.002415953482658368,0.024487128446196462,-0.022071174963538095
40211,0.03987887059626376,0.06191350059191479,-0.022034629995651034
01692,0.001457226127207269,0.023317465037408808,-0.02186023891020154
27382,0.046453753629199505,0.06825411125534027,-0.021800357626140764
20451,0.008411677387431964,0.030211417034895733,-0.02179973964746377
45341,0.010726142844981697,0.03244626129785543,-0.021720118452873735
09384,0.010963026655202063,0.03266845608169435,-0.021705429426492288
19368,0.013664042774394772,0.03534657557395505,-0.021682532799560277
32201,0.008076387908608764,0.029705103114248888,-0.021628715205640123
16202,0.03317649607104608,0.05476088294385864,-0.021584386872812562
46468,0.0,0.021511188877355755,-0.021511188877355755
43506,0.004801097393689987,0.026265568457910452,-0.021464471064220465
16209,0.027125145557914926,0.048541394138367465,-0.02141624858045254
12403,0.029169413315754778,0.05050701930292835,-0.02133760598717357
43423,0.0024125452352231603,0.023739269919950127,-0.021326724684726968
27383,0.043652784746613146,0.06492391770672239,-0.02127113296010924
01361,0.0011994002998500749,0.022456134874719428,-0.021256734574869353
20214,0.03571027512633352,0.05692258407452904,-0.02121230894819552
47308,0.0005137866072957698,0.021670357887418838,-0.021156571280123066
40205,0.03693630461484471,0.058087910816177646,-0.021151606201332933
17210,0.030747326135227213,0.051870073921666135,-0.02112274778643892
03461,0.0075096407550233404,0.028570346063454224,-0.021060705308430884
36321,0.00273224043715847,0.023780104015481016,-0.021047863578322546
47207,0.0007597547077657785,0.021797751659709808,-0.02103799695194403
43204,0.025965801139962,0.04687176558679993,-0.02090596444683793
18210,0.029528330647619876,0.0504306441721109,-0.020902313524491022
18201,0.018521555065291278,0.03937374717029102,-0.02085219210499974
30205,0.025155986926809943,0.045972669571361896,-0.020816682644551953
26322,0.046219101945297644,0.06702755309294557,-0.020808451147647927
01235,0.010278938838181352,0.031085049529459705,-0.020806110691278353
08521,0.008601225674658639,0.029386782894476306,-0.020785557219817667
33445,0.060384615384615384,0.08114196698614817,-0.02075735160153279
28220,0.01773117254528122,0.038439619981537346,-0.020708447436256126
22100,0.049865760747971694,0.07049626525486251,-0.020630504506890815
24203,0.03439363131957129,0.05497361569668059,-0.020579984377109305
27106,0.4037642301860454,0.42433640954534346,-0.02057217935929806
26100,0.2019345890776325,0.2224922996309374,-0.02055771055330488
07204,0.020549601095978726,0.04109046594234873,-0.020540864846370008
33606,0.0037972280235428137,0.024205227661672084,-0.02040799963812927
46222,0.00010379904504878556,0.02050647025398888,-0.020402671208940095
47302,0.0,0.0204009539865962,-0.0204009539865962
39411,0.003982300884955752,0.024182942238060987,-0.020200641353105234
02207,0.0076636508781266635,0.027811603227341462,-0.0201479523492148
22224,0.029641375945352526,0.04977580069713733,-0.020134424751784803
03501,0.0014112334180073384,0.021494589307202078,-0.02008335588919474
28464,0.056278953299111055,0.07625796357993096,-0.019979010280819907
47301,0.0,0.019966461486875687,-0.019966461486875687
38442,0.0012944983818770227,0.021156415711081546,-0.019861917329204525
45382,0.0006249218847644045,0.02038318866300815,-0.019758266778243744
02402,0.005949585094723657,0.02566981702555808,-0.019720231930834425
39424,0.0050568900126422255,0.024763004501955063,-0.019706114489312837
02412,0.011020881670533642,0.030668328704294784,-0.01964744703376114
10383,0.005964214711729622,0.025596833156939322,-0.0196326184452097
46533,0.0,0.019628000594936565,-0.019628000594936565
09344,0.014334348683031715,0.03393396576565619,-0.019599617082624473
01545,0.00895583146753511,0.028469374949394985,-0.019513543481859873
31372,0.013599274705349048,0.03310581085207326,-0.01950653614672421
18423,0.006522175396347582,0.025995999537321887,-0.019473824140974306
04424,0.0025334781035106766,0.021993968404950128,-0.01946049030143945
46490,0.0,0.019450205866483362,-0.019450205866483362
08219,0.14446533981089693,0.1638740796208964,-0.019408739809999465
10443,0.00357355568790947,0.022965652435926277,-0.019392096748016806
21203,0.003910907616731053,0.023113843758423288,-0.019202936141692235
21521,0.04436166610226888,0.06346825185272867,-0.019106585750459787
04101,0.14093959731543623,0.15999524775494983,-0.0190556504395136
07501,0.01578716561906154,0.03484275793755824,-0.0190555923184967
39387,0.0011641443538998836,0.0202126587767166,-0.019048514422816715
43369,0.004879301489470981,0.023779189810307782,-0.0188998883208368
09345,0.00940248710949348,0.028252439566918645,-0.018849952457425163
46221,0.0003282455276546857,0.019155248565091192,-0.018827003037436507
43208,0.0012617412028599468,0.019961319585792114,-0.018699578382932167
45208,0.001392757660167131,0.020038814611582762,-0.01864605695141563
07503,0.004706734250543085,0.023338833680210957,-0.01863209942966787
17204,0.000968804495252858,0.019584867861050105,-0.01861606336579725
33213,0.017581973424948213,0.036149453091389915,-0.018567479666441702
02442,0.0028204766605556338,0.021369468811871965,-0.01854899215131633
23211,0.0536347806654065,0.07216113356234719,-0.018526352896940684
33203,0.008666666666666666,0.02718187888417096,-0.018515212217504292
17207,0.034341093437269564,0.05285086472605816,-0.0185097712887886
28224,0.0019974087670049665,0.020418404014777732,-0.018420995247772767
04445,0.004371903235208394,0.02278295474013158,-0.018411051504923184
40204,0.04796511627906977,0.0663724178994147,-0.01840730162034493
44201,0.0237997412406462,0.04219562697179119,-0.01839588573114499
08310,0.00530565167243368,0.023680610849406324,-0.018374959176972645
33101,0.044200654573544655,0.06249249150068348,-0.018291836927138823
16205,0.01739696715973579,0.0356585763959403,-0.01826160923620451
08220,0.06276338428546492,0.08101937013411947,-0.018255985848654552
38201,0.03743480869525084,0.055577312580340515,-0.018142503885089672
06202,0.01004926591338023,0.02805973671751965,-0.01801047080413942
13361,0.004913294797687861,0.02292233723896766,-0.018009042441279797
45203,0.006984585741811176,0.024892342499037358,-0.01790775675722618
23111,0.105603414458096,0.12348644188073715,-0.017883027422641154
01225,0.013826169370574789,0.03167248451957284,-0.017846315148998048
47315,0.0,0.01783444970561556,-0.01783444970561556
15205,0.01653253798884118,0.034357770783247685,-0.017825232794406506
01661,0.0029653284671532845,0.020769906063071372,-0.017804577595918088
02424,0.0018552875695732839,0.01957156042477574,-0.017716272855202456
35343,0.03611940298507463,0.05381022033324271,-0.017690817348168082
47313,0.0,0.017658701408369365,-0.017658701408369365
01638,0.001095890410958904,0.01871748036777383,-0.017621589956814926
12427,0.019007731958762885,0.03660355483912015,-0.017595822880357267
45202,0.007289797045423168,0.024847690604078276,-0.017557893558655106
24303,0.02712659075686537,0.04465195874030863,-0.01752536798344326
22304,0.005313496280552604,0.022805436541834027,-0.017491940261281425
07564,0.0,0.017485813511478477,-0.017485813511478477
17324,0.023011942907078357,0.04039753518338855,-0.017385592276310195
44214,0.0025664527956003667,0.019939313782970626,-0.01737286098737026
38204,0.00884321223709369,0.026196715490027868,-0.01735350325293418
11365,0.00963020030816641,0.02693365486023115,-0.017303454552064744
47214,0.00042448825582492216,0.017646647539244123,-0.017222159283419202
25441,0.04223132682004412,0.05940531833755879,-0.01717399151751467
42411,0.002592440987856461,0.019762837255033222,-0.01717039626717676
42214,0.00394563787812363,0.021086802913025317,-0.017141165034901686
33103,0.05609492988133765,0.07318938986978708,-0.017094459988449433
38206,0.01407002891101831,0.031079101222782318,-0.01700907231176401
46492,0.0005006675567423231,0.01744912002706704,-0.01694845247032472
32441,0.0,0.016902418901846374,-0.016902418901846374
46491,0.0,0.01685587371468434,-0.01685587371468434
40101,0.08395061728395062,0.10078841647230741,-0.01683779918835679
40131,0.18878183853946673,0.2055786228224375,-0.016796784282970767
02206,0.0017508128774073677,0.018519615777518032,-0.016768802900110666
14402,0.009259259259259259,0.02601859480445139,-0.01675933554519213
01399,0.0038255547054322878,0.020526106565291607,-0.01670055185985932
17205,0.001172562048075044,0.01783405223773311,-0.016661490189658068
08210,0.020663377460798202,0.03724845374879845,-0.016585076288000246
12233,0.05709555546122172,0.07356694160936256,-0.016471386148140837
20543,0.014018691588785047,0.03040410569745254,-0.016385414108667493
12205,0.023194748358862146,0.03954708234225782,-0.01635233398339567
38203,0.007656481546820973,0.023993255081662966,-0.016336773534841992
43501,0.0031256511773286103,0.01946147217330036,-0.01633582099597175
27204,0.2885532921213127,0.304839883718309,-0.016286591596996303
09210,0.012987781426585012,0.02926484180496069,-0.01627706037837568
20481,0.025519421860885277,0.04177587337004125,-0.016256451509155976
23562,0.013212221304706853,0.029466439949161254,-0.0162542186444544
02202,0.010751446569929308,0.0269719555510194,-0.016220508981090093
32448,0.0,0.016204368998088737,-0.016204368998088737
01209,0.0029906542056074765,0.01919006112539823,-0.016199406919790754
36206,0.010943615016669083,0.027092411586334575,-0.016148796569665492
01202,0.02057354882179744,0.0367171961248365,-0.016143647303039063
04324,0.003668378576669112,0.019782189493724057,-0.016113810917054945
01211,0.004844419601267002,0.020916189342753272,-0.016071769741486268
34369,0.0008162313432835821,0.016880301071547858,-0.016064069728264276
21382,0.01315265045834994,0.029192840185728562,-0.016040189727378622
09342,0.01763175643125542,0.03360875103454428,-0.015976994603288865
27143,0.3024572097199924,0.3184192744818997,-0.015962064761907313
09301,0.022523692068025444,0.03848008920096946,-0.015956397132944014
42210,0.0015389350569405972,0.017472594312799093,-0.015933659255858497
41345,0.025175776820140622,0.041057973509119,-0.01588219668897838
04322,0.013628966639544346,0.029470464120130213,-0.015841497480585866
41209,0.005965817478232828,0.021776540350443064,-0.015810722872210234
43424,0.0003536067892503536,0.016095339521372785,-0.015741732732122433
01607,0.0014052344985069384,0.017082620460538565,-0.015677385962031627
46220,0.0010670840150814541,0.016645023325774153,-0.015577939310692698
12223,0.023507385063449137,0.039073814881500975,-0.015566429818051838
28365,0.007759353741496599,0.02327886054847522,-0.01551950680697862
32204,0.0036499855921621363,0.019132216552482283,-0.015482230960320146
39363,0.0013012361743656475,0.01676299850447345,-0.015461762330107803
15202,0.01950740298926391,0.03490613695675589,-0.015398733967491977
23231,0.021239070884460955,0.03661797971480724,-0.015378908830346288
01219,0.0005474652359575167,0.015904120805680808,-0.015356655569723291
40646,0.01567209162145871,0.03102679108534677,-0.01535469946388806
45441,0.0,0.015354258377534975,-0.015354258377534975
46213,0.0004571080298643913,0.015801962533649412,-0.01534485450378502
01481,0.0005841121495327102,0.015907673096401988,-0.015323560946869277
36301,0.0019704433497536944,0.017269311522998095,-0.015298868173244402
02367,0.019302615193026153,0.03445793032700169,-0.015155315133975535
44204,0.004543125533731853,0.019689689500894107,-0.015146563967162255
11211,0.059937846236995,0.07502864983305571,-0.015090803596060708
31203,0.009052281544430076,0.02411401011861978,-0.015061728574189703
01364,0.00332667997338656,0.01838629017350546,-0.0150596102001189
07505,0.005529953917050691,0.02057495662123089,-0.0150450027041802
31364,0.005307855626326964,0.020345885140104252,-0.01503802951377729
19429,0.008264462809917356,0.02327732472196215,-0.015012861912044793
02446,0.012078362056267491,0.027083432007683362,-0.01500506995141587
02423,0.0014727540500736377,0.016444263606319683,-0.014971509556246045
40226,0.013370619592764135,0.028319331410378255,-0.01494871181761412
43510,0.002325581395348837,0.01725330921532469,-0.014927727819975853
27126,0.29466502971623093,0.3095866679014935,-0.014921638185262542
06203,0.005621937591334995,0.020521385821720396,-0.014899448230385401
18206,0.012694324349185908,0.027544000116151764,-0.014849675766965857
45421,0.014774686037921694,0.029619118074588682,-0.014844432036666988
08223,0.02134947821237951,0.03609252415024219,-0.014743045937862676
11383,0.020665159832095575,0.03535136999527185,-0.014686210163176276
46525,0.0008854781582054309,0.01556345490546108,-0.014677976747255649
08234,0.017855227882037535,0.03251872727216723,-0.014663499390129696
06205,0.01245353159851301,0.027086726018212718,-0.014633194419699708
08227,0.03409214445676516,0.0486821806692285,-0.01459003621246334
46392,0.0019002906326849988,0.016454126890169618,-0.01455383625748462
18205,0.01013255161865919,0.02464607151962307,-0.014513519900963879
39204,0.022545909047206998,0.03696158759092295,-0.014415678543715948
46214,0.0011955593509820667,0.015552617380892909,-0.014357058029910842
36204,0.02428816240442921,0.03862059553251603,-0.014332433128086821
43432,0.0091324200913242,0.02340779328737259,-0.01427537319604839
02405,0.0037974683544303796,0.01801010743083181,-0.01421263907640143
30401,0.012984028495920947,0.027178028693725986,-0.01419400019780504
04444,0.0038910505836575876,0.018071480122674125,-0.014180429539016538
42212,0.0008437394532568343,0.015010417847671693,-0.014166678394414859
01208,0.00448217457760152,0.01864307226598929,-0.014160897688387769
24472,0.00560702096538274,0.019739737286478442,-0.014132716321095702
05463,0.0030312699425654116,0.01716380526815053,-0.01413253532558512
45404,0.010309278350515464,0.024433248689794223,-0.01412397033927876
18442,0.016927362331262054,0.031027488252935574,-0.01410012592167352
20563,0.01366742596810934,0.02769807184311942,-0.01403064587501008
15211,0.03590323077713288,0.04992268037211328,-0.014019449594980402
43447,0.0008254230293025176,0.014797434283254234,-0.013972011253951717
14205,0.3182152220545007,0.3321694181794775,-0.013954196124976781
07422,0.013748191027496382,0.027679718446991672,-0.01393152741949529
14214,0.17730286776196308,0.1912144140036288,-0.013911546241665712
03210,0.004671260072404531,0.0185242696339123,-0.01385300956150777
32526,0.0024410089503661514,0.01624375154977593,-0.013802742599409779
28226,0.006254930688605883,0.020053744780918245,-0.013798814092312362
30383,0.03400093153237075,0.04778205666018228,-0.01378112512781153
05207,0.008431340959132163,0.022209185660842165,-0.013777844701710002
01547,0.0042997542997543,0.018060463429772508,-0.013760709130018207
32528,0.0011589403973509935,0.014889626091122155,-0.013730685693771161
12424,0.024793388429752067,0.038489720609376776,-0.01369633217962471
22103,0.06569388333687717,0.07937772983708025,-0.013683846500203073
46404,0.0018731602890018732,0.015539355502307667,-0.013666195213305794
02204,0.01715162840363054,0.03080434425316746,-0.01365271584953692
33207,0.01583011583011583,0.029452408423265054,-0.013622292593149225
01214,0.0013596633214632567,0.014981178568084072,-0.013621515246620815
05203,0.008830839194119824,0.022445447363239956,-0.013614608169120131
01608,0.0,0.0134846852616873,-0.0134846852616873
13421,0.002592016588906169,0.016071165462748047,-0.013479148873841877
07402,0.007698887938408896,0.021172555112134433,-0.013473667173725536
06365,0.007633587786259542,0.02109186388666796,-0.01345827610040842
01222,0.0061468780329990294,0.01959390331600962,-0.013447025283010592
46224,0.002622122948431582,0.016061955924141166,-0.013439832975709583
13401,0.0031857279388340237,0.01658471612844747,-0.013398988189613447
09386,0.040339702760084924,0.05371734447616615,-0.013377641716081225
04205,0.009111867383906028,0.022477675562242738,-0.01336580817833671
07543,0.009523809523809525,0.022888213962467905,-0.01336440443865838
20386,0.01621384750219106,0.029467653479823323,-0.013253805977632264
46535,0.0010070493454179255,0.014240239312200862,-0.013233189966782938
06323,0.01114099116404149,0.024343690484772588,-0.013202699320731098
10367,0.0,0.013198205798022026,-0.013198205798022026
30206,0.007472499278406722,0.02067006442261213,-0.01319756514420541
38506,0.005513527375304526,0.01867986636728566,-0.013166338991981134
20217,0.029390871958799504,0.04255548907949684,-0.013164617120697338
22461,0.02120100848040339,0.03434671531339586,-0.013145706832992467
08212,0.019702434625789,0.03283709083149426,-0.013134656205705263
32203,0.01454097492458956,0.027662905010510486,-0.013121930085920927
44203,0.014731136631963078,0.027832366449459314,-0.013101229817496236
24344,0.09183794701199953,0.10493414571864458,-0.013096198706645051
35215,0.022627490712597096,0.035670969825034045,-0.013043479112436949
01482,0.0007686395080707148,0.013803703967013478,-0.013035064458942763
37208,0.021171139276357713,0.034163406290085914,-0.012992267013728201
08201,0.03610587931883367,0.04909255782790996,-0.01298667850907629
01331,0.0029548332629801602,0.015908819790875012,-0.012953986527894852
07344,0.00823045267489712,0.021157861160108173,-0.012927408485211053
24202,0.0866145641258404,0.09954102426782221,-0.012926460141981816
25203,0.033750480651588775,0.0466727492072889,-0.012922268555700125
11206,0.07557985244944536,0.08850152234768283,-0.012921669898237467
23207,0.07026119794398406,0.08316052127322633,-0.012899323329242277
17206,0.01906928506908434,0.03195697444743277,-0.01288768937834843
46501,0.0003109452736318408,0.013164870043898444,-0.012853924770266603
01304,0.015194681861348529,0.02803780249617768,-0.01284312063482915
20415,0.006951685783802572,0.019767779348867604,-0.012816093565065032
18382,0.004177109440267335,0.016968596985515057,-0.012791487545247723
41387,0.003387278885961611,0.01613922741145599,-0.01275194852549438
40604,0.03909643788010426,0.05183029869342561,-0.012733860813321354
39211,0.02451257417349534,0.037201391070120195,-0.012688816896624856
47361,0.0,0.012671718233202336,-0.012671718233202336
09213,0.02902119587027106,0.041654035400086976,-0.012632839529815917
31370,0.017212152823053852,0.029752806597021106,-0.012540653773967254
20324,0.010217113665389528,0.02274414232382342,-0.012527028658433893
06209,0.014008872285780995,0.0265281448134753,-0.012519272527694306
12441,0.019394261424017,0.03186520952310357,-0.012470948099086571
42202,0.0230309453894671,0.03550102424347503,-0.01247007885400793
09407,0.021838602329450917,0.034277683995311795,-0.012439081665860878
01233,0.01937740468695348,0.03181309351507583,-0.012435688828122349
46303,0.0,0.012252988107250364,-0.012252988107250364
07481,0.015497683335996165,0.02774494343919252,-0.012247260103196355
27211,0.2696560384697847,0.28189609550271066,-0.012240057032925966
04606,0.011028712683019585,0.02326289024788748,-0.012234177564867894
04422,0.013658820110433014,0.02588644124336329,-0.012227621132930277
45206,0.014236148370712165,0.026450273602157855,-0.01221412523144569
20588,0.0029910269192422734,0.015204236229823307,-0.012213209310581034
43505,0.009551605200318386,0.02176108865873935,-0.012209483458420963
12206,0.05561897513952308,0.06781521791644826,-0.01219624277692518
02401,0.02472382956338769,0.036873531265439234,-0.012149701702051544
46217,0.002668205091223769,0.014805510777006535,-0.012137305685782765
25384,0.02494154325798909,0.037062599579677453,-0.012121056321688365
28208,0.07480990924699533,0.08692894177008513,-0.012119032523089796
16204,0.034612766403099966,0.04668250891326076,-0.012069742510160797
05434,0.008420303605313094,0.020445834169019985,-0.012025530563706891
35216,0.033225625175611125,0.04511244572574282,-0.011886820550131696
12347,0.01552895503073439,0.027401631927739464,-0.011872676897005075
03216,0.028959092750101254,0.040798432588404855,-0.011839339838303601
13381,0.0017921146953405018,0.013624649813681446,-0.011832535118340945
40220,0.12012667642331037,0.13194664135380443,-0.011819964930494059
07212,0.015799147471745337,0.027573694547238917,-0.01177454707549358
13402,0.0,0.011757694929744053,-0.011757694929744053
20410,0.0,0.011743494758318573,-0.011743494758318573
18322,0.04382431914077484,0.05552877481382486,-0.011704455673050021
40227,0.018814139110604332,0.030490757722962,-0.011676618612357668
07541,0.015671641791044775,0.02731811065363227,-0.011646468862587495
34210,0.0032299306910705873,0.014869879648513497,-0.01163994895744291
39202,0.0018008747105737071,0.013366873175886317,-0.01156599846531261
33681,0.004555808656036446,0.016109622765445218,-0.011553814109408773
06210,0.03323624595469256,0.044765679238372824,-0.011529433283680265
43215,0.000959600806064677,0.012472832790190956,-0.01151323198412628
43210,0.004743740219092332,0.016240364471141733,-0.011496624252049403
25383,0.018281172379533035,0.029774762487291315,-0.01149359010775828
46529,0.001105379513633014,0.01255491353118808,-0.011449534017555066
01403,0.0026954177897574125,0.014128400514663157,-0.011432982724905744
24210,0.035967936204676663,0.04739340580820748,-0.011425469603530816
01691,0.0010676156583629894,0.01248994353177952,-0.01142232787341653
40206,0.035358160358160355,0.046761766977175635,-0.01140360661901528
24562,0.019696969696969695,0.031088086348250648,-0.011391116651280953
01601,0.005400192864030858,0.016656380133400147,-0.011256187269369288
47381,0.0011675423234092236,0.012423222333884997,-0.011255680010475774
20209,0.01875363294276012,0.03000368072750648,-0.01125004778474636
07547,0.004188481675392671,0.015421049725119535,-0.011232568049726863
34368,0.0021114864864864866,0.013290638656313372,-0.011179152169826886
01332,0.00357653791130186,0.014754314116193728,-0.011177776204891868
01428,0.012801575578532743,0.023953312228157685,-0.011151736649624941
23213,0.043869863827562444,0.054952448082997686,-0.011082584255435242
01221,0.0046955705118171855,0.015756858254630964,-0.011061287742813779
23101,0.33875221413107653,0.3498065275780817,-0.011054313447005193
10384,0.02181818181818182,0.032839289309781215,-0.011021107491599395
10210,0.0239095459420808,0.03490133070662213,-0.01099178476454133
42209,0.00041013862685587726,0.0114002305703669,-0.010990091943511023
46530,0.00022326412145568208,0.011205902585463313,-0.010982638464007632
02450,0.00129366106080207,0.012244281899529997,-0.010950620838727927
01401,0.0027821939586645467,0.013686265832775093,-0.010904071874110546
20562,0.008735868448098663,0.019634685905138557,-0.010898817457039894
01370,0.0014970059880239522,0.012306451812055665,-0.010809445824031714
26465,0.014195239135182355,0.024980461457676708,-0.010785222322494353
01425,0.010466222645099905,0.021205029120737708,-0.010738806475637803
16210,0.019759378394184977,0.030479084701554682,-0.010719706307369705
15307,0.020653347732181426,0.03132610374902368,-0.010672756016842252
03202,0.007333869957964404,0.018006080360592123,-0.010672210402627719
42211,0.0010284287078527877,0.011691142082038117,-0.01066271337418533
46505,0.0007751937984496124,0.011363693624545696,-0.010588499826096083
13220,0.28551494660011806,0.2960617010836401,-0.010546754483522047
12426,0.027977044476327116,0.03851458285330187,-0.010537538376974756
01559,0.002119285498032092,0.012644184975712309,-0.010524899477680217
41210,0.024363536819052834,0.03488029304980508,-0.01051675623075225
01555,0.004817618719889883,0.015328906426754073,-0.01051128770686419
07364,0.0,0.010489295301488916,-0.010489295301488916
43512,0.002728512960436562,0.013194933902037383,-0.01046642094160082
01423,0.007429420505200594,0.017886593774947772,-0.010457173269747178
05201,0.016316727570521158,0.026766678723485947,-0.010449951152964789
01610,0.0018472237313919375,0.012295506083079902,-0.010448282351687965
01646,0.0014316392269148174,0.011850894513835825,-0.010419255286921008
21341,0.03672207189795129,0.04708991438347306,-0.01036784248552177
43206,0.02377257336343115,0.03409355986106567,-0.010320986497634521
15208,0.023056531656494666,0.03336310595787182,-0.010306574301377155
27141,0.2825975159344855,0.29289159753632127,-0.010294081601835758
01458,0.004367934224049332,0.014613879331567176,-0.010245945107517845
21604,0.001326259946949602,0.011551513338104679,-0.010225253391155077
32505,0.0003736920777279522,0.010596242112806796,-0.010222550035078843
40382,0.07335685566587347,0.08357554505775668,-0.01021868939188321
39209,0.0046696240952603316,0.014885663806947315,-0.010216039711686983
43205,0.011312443688056863,0.021492340800161443,-0.01017989711210458
03206,0.022869302273490873,0.033025561795400366,-0.010156259521909492
08447,0.02851605758582503,0.03867150898937897,-0.01015545140355394
27222,0.21179227827803132,0.22187125280528672,-0.010078974527255397
44209,0.008465259454705365,0.018542021072983462,-0.010076761618278097
09205,0.024937817670595868,0.034961537839587095,-0.010023720168991227
03207,0.006052021632758177,0.016052682885323504,-0.010000661252565327
40210,0.00811819475972452,0.018102120472017823,-0.009983925712293304
07421,0.0191784743094318,0.029160744219255793,-0.009982269909823992
43514,0.007343550446998723,0.017307777958334433,-0.009964227511335709
08207,0.04208704461986576,0.05204717795045642,-0.009960133330590662
09204,0.03095742009541916,0.040911323655517064,-0.009953903560097902
35305,0.008415147265077139,0.018364801145527535,-0.009949653880450396
01398,0.001184834123222749,0.011025147982628406,-0.009840313859405658
45443,0.0,0.009818999464548225,-0.009818999464548225
21217,0.009949794614331356,0.019733345549164397,-0.009783550934833041
01520,0.0,0.009773236778981051,-0.009773236778981051
19207,0.037226681428176034,0.04694246603551444,-0.009715784607338407
01452,0.001387443635102324,0.011090871628820947,-0.009703427993718624
20409,0.004878048780487805,0.014579828892974576,-0.00970178011248677
15101,0.05888232102572889,0.06855988863167051,-0.009677567605941614
45402,0.01555190289543558,0.025218959500630436,-0.009667056605194856
15224,0.0007472445357743321,0.010411128433351997,-0.009663883897577665
11233,0.2001104685164728,0.20977084298191223,-0.009660374465439436
01549,0.0,0.009600779851098595,-0.009600779851098595
43202,0.018145926657049578,0.027745686335749288,-0.00959975967869971
01223,0.0021571937722753703,0.011740002457687915,-0.009582808685412544
45205,0.004712182061579652,0.01428510763447251,-0.009572925572892858
43425,0.00392156862745098,0.013447334954484462,-0.009525766327033482
01406,0.0026109660574412533,0.012112847526657962,-0.009501881469216707
28222,0.012020663620107291,0.021508215515690942,-0.009487551895583651
33461,0.019284654689302787,0.02876320574620847,-0.009478551056905683
32202,0.009310847698463149,0.01877657371938889,-0.009465726020925741
44322,0.0,0.00941173698515179,-0.00941173698515179
08202,0.07171755278323425,0.08111891581236734,-0.009401363029133095
07461,0.016800874838453127,0.026187505092569494,-0.009386630254116367
45442,0.0,0.009377945291199992,-0.009377945291199992
10444,0.015250544662309368,0.024582866967649903,-0.009332322305340535
43513,0.004419889502762431,0.01375015229897303,-0.0093302627962106
36302,0.0,0.009259254457317186,-0.009259254457317186
04212,0.011995386389850057,0.02121359575904797,-0.009218209369197912
20485,0.03379152348224513,0.0430063013597575,-0.009214777877512369
36342,0.0032552083333333335,0.012424844916411206,-0.009169636583077873
01218,0.01474010861132661,0.02388849061424909,-0.009148382002922482
07544,0.0025412960609911056,0.011660756704576326,-0.00911946064358522
13382,0.0,0.009102201046206088,-0.009102201046206088
05202,0.012784156942959417,0.021858801018347335,-0.009074644075387918
27231,0.22557292959377845,0.2346317027609982,-0.009058773167219758
46223,0.0061271017383870046,0.015152005613442448,-0.009024903875055442
45429,0.0,0.009021260361134618,-0.009021260361134618
10421,0.03108735405823604,0.04009367465012996,-0.009006320591893921
32449,0.0006720430107526882,0.009630029252441939,-0.008957986241689251
26212,0.010712063294515068,0.019669631900434553,-0.008957568605919486
47357,0.0,0.008944404068710759,-0.008944404068710759
01544,0.0,0.008934819806104177,-0.008934819806104177
08208,0.09747559552608362,0.10628189137659941,-0.008806295850515788
27205,0.3851604104061617,0.39394609568056166,-0.008785685274399935
13202,0.2958390070179114,0.30461985600819,-0.008780848990278645
39403,0.01959890610756609,0.028336360554976566,-0.008737454447410475
01512,0.0005927682276229994,0.009322807054538694,-0.008730038826915695
01519,0.0018165304268846503,0.01053946634976409,-0.00872293592287944
32386,0.0,0.008720447930702535,-0.008720447930702535
11381,0.026732673267326732,0.03543922575781545,-0.008706552490488715
39405,0.001430615164520744,0.010119213896002933,-0.00868859873148219
32207,0.01688299900154307,0.025520884528511773,-0.008637885526968703
45430,0.0,0.008596166000925491,-0.008596166000925491
26105,0.1991689144856747,0.20774779725584913,-0.008578882770174434
28301,0.10382156349898286,0.11238169659838468,-0.008560133099401818
03201,0.02563080644274641,0.03417122011093788,-0.008540413668191468
14361,0.036438168982008655,0.04497597186888065,-0.008537802886871997
05327,0.0012658227848101266,0.009790354262327581,-0.008524531477517455
41208,0.02449300861190851,0.03300356073309084,-0.00851055212118233
11109,0.23512719335068424,0.24362035576646004,-0.008493162415775801
01639,0.0016764459346186086,0.010075336351625896,-0.008398890417007287
40228,0.020018450184501844,0.028389184340913077,-0.008370734156411232
01648,0.0009852216748768472,0.009350985596659325,-0.008365763921782478
07209,0.022945603622345958,0.03125593699518118,-0.00831033337283522
01561,0.0006337135614702154,0.008930940089760529,-0.008297226528290314
37341,0.04827318587504851,0.05656107925940023,-0.008287893384351722
05349,0.017894736842105262,0.026181575074773006,-0.008286838232667744
01517,0.0,0.008196602768855445,-0.008196602768855445
02343,0.0017513134851138354,0.009931705319158879,-0.008180391834045043
06361,0.002900953170327393,0.011062736623539331,-0.008161783453211939
41205,0.01468515037593985,0.022832458300081262,-0.008147307924141412
39302,0.02633889376646181,0.03445292709868983,-0.008114033332228019
34214,0.011272936723442772,0.0193632146429138,-0.008090277919471027
37203,0.04653615148319655,0.05462283874697783,-0.008086687263781277
20205,0.019890130706573216,0.027958157499751567,-0.008068026793178352
01484,0.0003505082369435682,0.008408389397676469,-0.0080578811607329
01220,0.007904626150058313,0.01595869212105604,-0.008054065970997728
39341,0.002228826151560178,0.010231077764760068,-0.008002251613199889
41346,0.027404526166902404,0.03539502662706156,-0.007990500460159155
19366,0.030238240684178377,0.0381769215253802,-0.007938680841201824
46532,0.0012320328542094457,0.009124721640206852,-0.007892688785997406
26203,0.026974551002010957,0.03485215871317476,-0.007877607711163807
29450,0.0,0.00784889948159407,-0.00784889948159407
07207,0.020566223820850497,0.028356012828826906,-0.0077897890079764096
01436,0.005611672278338945,0.013372772013347977,-0.007761099735009032
20407,0.0010087424344317419,0.00871086259995755,-0.007702120165525808
32209,0.007430758838099527,0.015128485836995725,-0.007697726998896198
07446,0.0,0.007684852839295236,-0.007684852839295236
01346,0.008008153756552125,0.01568798735388856,-0.007679833597336436
34545,0.0017600469345849222,0.009426308352891346,-0.007666261418306424
20210,0.03281327389796929,0.04046325802791431,-0.007649984129945019
01103,0.19129741955381926,0.19891518030040498,-0.007617760746585711
38215,0.04941264217788551,0.05701415942632962,-0.007601517248444108
01513,0.001321003963011889,0.008914053860743659,-0.007593049897731769
22140,0.021295164950253097,0.02885185091098708,-0.0075566859607339824
36388,0.009198045415349238,0.01675193204765575,-0.007553886632306514
01667,0.0,0.007542556016943146,-0.007542556016943146
30382,0.02753368482718219,0.0350437289064243,-0.00751004407924211
47359,0.0,0.00750536009696456,-0.00750536009696456
23561,0.006218202374222725,0.013684850344454613,-0.007466647970231888
22221,0.05563250230840259,0.06306226509113157,-0.007429762782728978
35341,0.003778337531486146,0.011103864730157809,-0.0073255271986716625
05204,0.009515435103476431,0.016827533975643755,-0.007312098872167324
21504,0.021739130434782608,0.029043292388404324,-0.007304161953621716
15213,0.04321518987341772,0.05049461190368395,-0.007279422030266228
45431,0.001722158438576349,0.008999722168785173,-0.007277563730208825
44207,0.03215480867161356,0.03941709842745436,-0.007262289755840798
23105,0.2871513714643222,0.29441164855465685,-0.007260277090334666
05464,0.004663557628247834,0.011898248092254468,-0.007234690464006634
24208,0.08753568030447194,0.09472466519435754,-0.007188984889885605
35212,0.032547528517110264,0.03967831440593927,-0.007130785888829004
22325,0.07667894587701898,0.08375244568613165,-0.007073499809112663
07367,0.0,0.007055401280161664,-0.007055401280161664
11369,0.0297029702970297,0.03675405427922148,-0.007051083982191779
10425,0.02193623866627669,0.028976800961235165,-0.0070405622949584745
20218,0.05019166696521334,0.05723115239745633,-0.0070394854322429895
29449,0.002390438247011952,0.009426242011518314,-0.007035803764506361
01483,0.0015885623510722795,0.00861673671319111,-0.0070281743621188305
02201,0.01797040991835877,0.024956253078711802,-0.0069858431603530315
04302,0.0,0.006972875640020939,-0.006972875640020939
01560,0.0,0.006972190003839378,-0.006972190003839378
47382,0.0,0.00693714767265726,-0.00693714767265726
06366,0.011143695014662757,0.018021182024917436,-0.006877487010254679
06322,0.013642564802182811,0.020517410160074863,-0.006874845357892052
27361,0.14232436246346133,0.149198547909668,-0.00687418544620666
22205,0.09334780586137385,0.10020905921621905,-0.006861253354845193
01396,0.0011682242990654205,0.00802738776230198,-0.00685916346323656
20412,0.0,0.006808692458235866,-0.006808692458235866
07205,0.021362772859242266,0.02816889302379282,-0.006806120164550553
21219,0.007956698240866035,0.01476068735315037,-0.0068039891122843345
01236,0.022582228767795778,0.02936930998676056,-0.006787081218964781
19209,0.03231568691133485,0.0391020174799343,-0.006786330568599452
01642,0.0014154281670205238,0.00819721786675336,-0.006781789699732836
43511,0.0,0.006776406729428785,-0.006776406729428785
36383,0.02553191489361702,0.032299160413630054,-0.006767245520013034
01514,0.0008880994671403197,0.007649604222584835,-0.006761504755444516
03506,0.0027906976744186047,0.009480140650859236,-0.006689442976440632
20321,0.07089151450053706,0.07748876525496257,-0.006597250754425507
44205,0.008280992315519842,0.014864460528075902,-0.00658346821255606
01581,0.007838745800671893,0.014418269427779457,-0.006579523627107564
35204,0.0077129953823514485,0.01429116119836047,-0.006578165816009022
02425,0.0,0.006576306128461754,-0.006576306128461754
47303,0.0,0.006550011430927392,-0.006550011430927392
04406,0.06298090624109433,0.06951622403524618,-0.006535317794151854
30304,0.00762660158633313,0.014146664440980925,-0.006520062854647795
39210,0.0043921685401622865,0.010903747497386982,-0.006511578957224696
45207,0.009259259259259259,0.01576842199176458,-0.006509162732505323
26463,0.0,0.006499702622382368,-0.006499702622382368
46218,0.023331019110607667,0.029798622164374372,-0.006467603053766705
01367,0.0009115770282588879,0.007370736254736297,-0.00645915922647741
35211,0.01629721704302189,0.02272299190789444,-0.006425774864872551
01371,0.0017780938833570413,0.008175680063689432,-0.00639758618033239
20220,0.04827525480441147,0.054584058076550465,-0.006308803272138994
02205,0.008843169103049992,0.015150869378659915,-0.006307700275609923
03483,0.006017505470459519,0.012322960374309123,-0.006305454903849604
01637,0.011742892459826947,0.018022049774359627,-0.00627915731453268
01647,0.001091703056768559,0.007365248505506835,-0.006273545448738276
07545,0.010810810810810811,0.017073641404717108,-0.006262830593906296
01632,0.0008853474988933156,0.007147311248001278,-0.006261963749107963
23563,0.0,0.0062332994918977425,-0.0062332994918977425
38386,0.0007049700387733521,0.006925041794966511,-0.006220071756193159
39208,0.008868877063719471,0.015070808793097645,-0.006201931729378173
12409,0.026424159231297185,0.03262384094790256,-0.006199681716605378
01468,0.000774593338497289,0.006923836272118603,-0.006149242933621314
45361,0.014426028238182934,0.020562978388639408,-0.006136950150456474
44211,0.014736561764836432,0.020845430915889168,-0.006108869151052736
26201,0.01813948451375352,0.024220595391350404,-0.006081110877596885
33215,0.01121894755587214,0.01726770937396424,-0.006048761818092101
01362,0.0011229646266142617,0.007151428170271745,-0.006028463543657483
42383,0.0012406947890818859,0.007189188341574987,-0.005948493552493101
43433,0.013643254168772108,0.01958076663178433,-0.005937512463012221
02443,0.00354251012145749,0.009447508451530397,-0.005904998330072906
43403,0.03214020665639093,0.0379632536429902,-0.005823046986599266
01430,0.012302284710017574,0.018121130936919944,-0.005818846226902369
01668,0.00591016548463357,0.011708265244756736,-0.005798099760123167
18208,0.03542649727767695,0.04120685861157783,-0.005780361333900877
03302,0.0014655593551538837,0.00723282182703495,-0.005767262471881066
32206,0.017276194749831726,0.023032835604425355,-0.005756640854593629
08226,0.041888804265041886,0.04761066148456192,-0.005721857219520031
07342,0.04431034482758621,0.05000406327006436,-0.005693718442478152
36368,0.003475842891901286,0.009145025306622446,-0.005669182414721159
38401,0.06265736277965614,0.06830434033862115,-0.005646977558965011
46534,0.0008861320336730173,0.006500483257723306,-0.005614351224050289
29322,0.010043041606886656,0.015653440334066963,-0.005610398727180306
20203,0.02701243300889615,0.03260086063696627,-0.005588427628070117
01216,0.014011951370286421,0.01957866783697383,-0.00556671646668741
39364,0.0,0.005543828713505946,-0.005543828713505946
32525,0.0009328358208955224,0.006463417499158489,-0.005530581678262966
21212,0.06541248920431077,0.07088818479774428,-0.005475695593433513
46531,0.00043122035360068997,0.005893598776893097,-0.005462378423292407
13363,0.007475083056478406,0.012922226465685818,-0.0054471434092074125
19364,0.0035087719298245615,0.00894879934617873,-0.005440027416354168
01109,0.1772750842623801,0.1826736504789174,-0.005398566216537309
01633,0.001971414489896501,0.0073643457186384105,-0.005392931228741909
01229,0.008327024981074944,0.01364887509778175,-0.005321850116706805
24441,0.02767639902676399,0.03294042149788493,-0.005264022471120941
01397,0.003036437246963563,0.00824391717021594,-0.005207479923252377
01643,0.011052457934675025,0.01625704542864675,-0.0052045874939717265
21404,0.04803156359893644,0.05321170491733602,-0.005180141318399577
05368,0.013064133016627079,0.018220842533063112,-0.0051567095164360335
47360,0.0017953321364452424,0.006930462578019281,-0.0051351304415740385
34304,0.11125951649525845,0.11637644712061583,-0.005116930625357383
46208,0.014384228116935313,0.019498009751788507,-0.005113781634853194
01641,0.0003901677721420211,0.005488641631036516,-0.0050984738588944955
20417,0.004484304932735426,0.009570416493597501,-0.0050861115608620755
01363,0.0021008403361344537,0.007131665107291144,-0.00503082477115669
20448,0.005479452054794521,0.01050747382674905,-0.005028021771954529
47355,0.0,0.0049916611916063615,-0.0049916611916063615
01511,0.003117692907248636,0.008088515433403455,-0.004970822526154819
36489,0.025611930620846168,0.03056353187087333,-0.004951601250027162
01392,0.002325581395348837,0.007264108008576142,-0.004938526613227305
10366,0.004123711340206186,0.009011608058217211,-0.004887896718011026
04213,0.0135931289040318,0.01844316944569899,-0.00485004054166719
01552,0.001987083954297069,0.006792399701226074,-0.004805315746929005
02209,0.011562178828365879,0.01636747329744056,-0.00480529446907468
33586,0.0056657223796034,0.010421421941623996,-0.004755699562020596
06207,0.029228666869116307,0.03396554524435111,-0.0047368783752348015
01404,0.003003003003003003,0.007709657486587758,-0.004706654483584755
10211,0.03026952842057108,0.03492002177214469,-0.004650493351573613
10208,0.032978783274241655,0.03762759537085016,-0.004648812096608508
01694,0.0009037505648441031,0.005523336655190904,-0.004619586090346801
01609,0.0006389776357827476,0.005240613855618501,-0.004601636219835754
28209,0.019213522841535994,0.023810655205024425,-0.004597132363488431
43428,0.004355400696864111,0.008949187196268318,-0.004593786499404207
46304,0.0,0.004542053039087748,-0.004542053039087748
36207,0.01851366692865252,0.02303801302123472,-0.004524346092582197
41203,0.08066646062206738,0.0851543197825061,-0.004487859160438715
01575,0.00847457627118644,0.01293379030265726,-0.0044592140314708185
01518,0.001088139281828074,0.0055448869301038825,-0.0044567476482758085
47358,0.0,0.00444509212274462,-0.00444509212274462
01634,0.002139495079161318,0.006566046669932753,-0.004426551590771435
17461,0.01371173469387755,0.018129194094769572,-0.004417459400892021
13362,0.005405405405405406,0.009819247328491838,-0.004413841923086432
41423,0.02868554829339143,0.03308709855495934,-0.004401550261567907
40605,0.03985507246376811,0.044238927697762526,-0.004383855233994413
01471,0.0014044943820224719,0.0057759206610802334,-0.004371426279057762
01486,0.0,0.004368991872159803,-0.004368991872159803
07445,0.0076103500761035,0.011962940254088717,-0.004352590177985217
17463,0.009508963367108339,0.013796932827669545,-0.004287969460561206
15223,0.026594650205761315,0.030880835215936573,-0.004286185010175258
01429,0.014890939597315436,0.019174328909578823,-0.004283389312263387
40219,0.1986481498569715,0.20291970374336743,-0.00427155388639594
45403,0.0,0.004235836385700975,-0.004235836385700975
42322,0.036751080914144536,0.04094019625712329,-0.004189115342978757
40402,0.04596480582524272,0.05014265364745638,-0.004177847822213664
36205,0.03191027944730157,0.036069118301387725,-0.004158838854086154
02441,0.018923713778829097,0.02306674977347897,-0.004143035994649873
24207,0.06354351733524505,0.06768566668705608,-0.004142149351811036
08204,0.0634126615644985,0.06755258541807994,-0.004139923853581445
10202,0.04262845297050065,0.04675961526483321,-0.004131162294332559
01485,0.0,0.004110197913991723,-0.004110197913991723
05210,0.01451194932335157,0.018606685961234472,-0.004094736637882903
01604,0.0034453057708871662,0.007538831564485578,-0.004093525793598412
01693,0.00043084877208099956,0.004519470926576447,-0.004088622154495448
33208,0.053197073080366794,0.05724049901152416,-0.004043425931157363
03441,0.004074241738343142,0.008100839938087518,-0.004026598199744376
41327,0.037492317148125384,0.04148666588417126,-0.003994348736045879
27102,0.3811455115659412,0.385066006560128,-0.0039204949941868406
09215,0.02574345317354638,0.02966268679443524,-0.003919233620888859
02381,0.023898586866167915,0.027816431999598136,-0.003917845133430221
07484,0.012363636363636363,0.01623812755235585,-0.003874491188719487
20411,0.02523474178403756,0.029093500751159046,-0.0038587589671214874
10522,0.07406712919557472,0.07777914862831588,-0.0037120194327411593
42201,0.05041813496029033,0.05412119116696767,-0.003703056206677338
28223,0.023762172541489508,0.027361798204639666,-0.0035996256631501584
17202,0.02030862380692091,0.023891023815210587,-0.0035824000082896774
08364,0.01747269890795632,0.02102887772351638,-0.0035561788155600606
06363,0.019787644787644786,0.02333967674235109,-0.0035520319547063042
47353,0.0,0.003533331639553586,-0.003533331639553586
02426,0.0028368794326241137,0.006363535177552151,-0.0035266557449280373
01562,0.0020876826722338203,0.005606911219675202,-0.0035192285474413814
01334,0.017409470752089137,0.0209217224116245,-0.0035122516595353613
24341,0.057094711800565,0.06054947869798662,-0.003454766897421614
35213,0.012114219786558985,0.015560696607028442,-0.0034464768204694567
38488,0.0068319838056680165,0.010272767636971466,-0.003440783831303449
06461,0.015273876404494381,0.01870160291998614,-0.0034277265154917594
41207,0.02646728971962617,0.02985794512160714,-0.003390655401980972
45405,0.018473652331920047,0.021860701113258166,-0.0033870487813381193
01563,0.0014627011214041932,0.004832937814782181,-0.0033702366933779874
21507,0.0033259423503325942,0.006686929077745147,-0.0033609867274125523
03215,0.015391038657886246,0.018747038565140345,-0.0033559999072540984
16206,0.046726276319584654,0.050048478256100495,-0.003322201936515841
01487,0.002204261572373255,0.005495809692346297,-0.0032915481199730424
41204,0.03367003367003367,0.03695874877592308,-0.003288715105889413
19365,0.028324850630670504,0.031604426117475576,-0.003279575486805072
13364,0.010570824524312896,0.013796684413511874,-0.0032258598891989777
06302,0.0410641989589358,0.0442859124427807,-0.0032217134838448958
39301,0.006493506493506494,0.009711242795697071,-0.003217736302190577
39305,0.008264462809917356,0.011398989538301525,-0.0031345267283841693
16342,0.03586462367401919,0.038999049818112065,-0.0031344261440928722
46523,0.0,0.0030720253102617134,-0.0030720253102617134
01516,0.007234279354479688,0.0102936156071308,-0.003059336252651111
20429,0.0056657223796034,0.008686820459406927,-0.0030210980798035273
40447,0.03412462908011869,0.03714348847333357,-0.003018859393214876
06211,0.027989047763918466,0.03098650151808731,-0.0029974537541688426
44461,0.01745254133496632,0.020422793865980785,-0.0029702525310144647
06381,0.020333239197966677,0.023301456421194258,-0.002968217223227581
05209,0.013272658323852863,0.01620333710105889,-0.002930678777206026
01433,0.02720348204570185,0.0300633755712607,-0.0028598935255588487
46524,0.0,0.0028504134045464063,-0.0028504134045464063
30428,0.022288522288522288,0.025127636927025437,-0.00283911463850315
43212,0.014168006430868168,0.017001889198012127,-0.002833882767143959
31390,0.022451081359423274,0.02527588136070608,-0.002824800001282806
33205,0.028665229321834573,0.03146353644245512,-0.002798307120620548
23362,0.15934384419197775,0.16207302606156104,-0.0027291818695832915
44462,0.015365512959801335,0.018082922188815475,-0.0027174092290141397
05346,0.010342084327764518,0.013022217750609471,-0.002680133422844953
29453,0.005376344086021506,0.008015043057462423,-0.0026386989714409174
42208,0.01797253634894992,0.02052728898217142,-0.0025547526332215
39306,0.0026666666666666666,0.0052012443475116365,-0.00253457768084497
30422,0.02782462057335582,0.030347865584390198,-0.0025232450110343786
40231,0.09397810218978102,0.09649882010612211,-0.002520717916341092
43482,0.016699092088197146,0.019177411793295927,-0.002478319705098781
12202,0.043603731815306766,0.04607047546489479,-0.0024667436495880227
46215,0.016669421292470427,0.019132432895991484,-0.002463011603521057
01227,0.012195121951219513,0.01465547774079336,-0.002460355789573848
01333,0.008365867261572783,0.010770794555205083,-0.0024049272936323
18483,0.026840679635557745,0.02921765144236186,-0.002376971806804115
43484,0.02556976097832129,0.027945982742651615,-0.002376221764330326
44208,0.012861326881446582,0.01521773500545211,-0.002356408124005529
07542,0.023687580025608196,0.02602096717596863,-0.002333387150360435
40213,0.06341712389945132,0.06570356042687632,-0.0022864365274249954
16207,0.036745796241345205,0.03901958775591004,-0.0022737915145648324
06206,0.029156736473809643,0.03138641604167402,-0.0022296795678643754
24215,0.03173803526448363,0.03396127912690088,-0.0022232438624172554
01405,0.0030349013657056147,0.005183354307387546,-0.0021484529416819316
01337,0.0272608125819135,0.02940016897408158,-0.0021393563921680812
43368,0.037295081967213116,0.0392686236277399,-0.0019735416605267814
37406,0.023283346487766376,0.025225032047750128,-0.0019416855599837524
01586,0.009664753850800362,0.011577240581750622,-0.00191248673095026
15216,0.019182652210175146,0.021069557937080492,-0.0018869057269053462
30427,0.005780346820809248,0.007593692864269296,-0.0018133460434600476
29447,0.006097560975609756,0.007887980279476474,-0.001790419303866718
02387,0.015219842164599774,0.01699436693533919,-0.0017745247707394145
01550,0.0029239766081871343,0.004682718252044561,-0.0017587416438574269
38214,0.013361611876988335,0.015119093221433382,-0.0017574813444450471
01108,0.2486366797203821,0.25036885635884565,-0.0017321766384635617
01602,0.004155124653739612,0.005848736560769515,-0.0016936119070299028
01463,0.0050062578222778474,0.0066609602135202055,-0.001654702391242358
02384,0.023170993349066724,0.02473228319018579,-0.0015612898411190672
15586,0.004784688995215311,0.00633442456934387,-0.001549735574128559
21506,0.02056476365868631,0.02210289473861355,-0.00153813107992724
16201,0.0380141137557437,0.03953206393553544,-0.001517950179791741
40223,0.14150409951936668,0.14298454542172354,-0.0014804459023568528
23427,0.029885057471264367,0.031360258456380664,-0.001475200985116297
30392,0.012452350698856416,0.01391957591854142,-0.0014672252196850036
31201,0.02154400548272279,0.022997135132629746,-0.0014531296499069556
03213,0.017823799015447294,0.019252488972494444,-0.0014286899570471502
25443,0.03602262578148258,0.03744301086223536,-0.0014203850807527757
24212,0.014994416972403892,0.01641095826199033,-0.0014165412895864368
14382,0.05603293949158611,0.057342454153279536,-0.001309514661693427
40225,0.0277386768237145,0.02902884664819656,-0.0012901698244820597
28218,0.05076942751182915,0.052040958192425386,-0.001271530680596239
08236,0.029296875,0.030554842252466772,-0.001257967252466772
23224,0.13932453132978334,0.14057491246966283,-0.0012503811398794917
29452,0.011547344110854504,0.012682970380544055,-0.001135626269689551
47354,0.002242152466367713,0.003261302969879759,-0.0010191505035120462
26111,0.19490918776740082,0.19591642543813595,-0.0010072376707351283
39206,0.02510016497761018,0.026063849012219142,-0.0009636840346089609
01662,0.012565971349585323,0.013495967842181393,-0.0009299964925960705
43214,0.016999813188866057,0.017820755191560025,-0.0008209420026939682
21401,0.028861921941620204,0.02968261219293389,-0.0008206902513136875
11225,0.2062609670141705,0.20705863687755188,-0.000797669863381395
04102,0.17562348152916502,0.17635496225244768,-0.0007314807232826626
43507,0.005069708491761723,0.005723766525548291,-0.0006540580337865672
27226,0.2664925783397471,0.2671439297064547,-0.0006513513667075754
03484,0.014570552147239263,0.01512938811208348,-0.0005588359648442173
08231,0.031546266008759774,0.03204227318506776,-0.0004960071763079887
01409,0.007104795737122558,0.007582175145048108,-0.0004773794079255501
34204,0.0319248152665184,0.032385009476109346,-0.00046019420959094587
28210,0.13753787472238962,0.13792682215582006,-0.00038894743343043103
03402,0.028194361127774445,0.028572171140367995,-0.00037781001259355046
05213,0.018889745566692366,0.019264644651362416,-0.0003748990846700502
04301,0.023823704586063133,0.024145866976863307,-0.0003221623908001743
33666,0.021618724316598177,0.021932163686812157,-0.0003134393702139797
37207,0.03726298433635614,0.03738961742566391,-0.00012663308930776357
05348,0.02394822006472492,0.024040149018656427,-9.192895393150824e-05
07322,0.022822543083372147,0.022903441080140072,-8.089799676792506e-05
27322,0.03617571059431524,0.036233290582339,-5.7579988023755135e-05
12422,0.04422351731230716,0.04427693341950224,-5.3416107195079776e-05
20404,0.013215859030837005,0.013230805446425218,-1.4946415588213205e-05
01663,0.006394490900147565,0.006386674031081306,7.81686906625896e-06
06402,0.016578249336870028,0.016559387358911416,1.8861977958611886e-05
11221,0.31344106429513946,0.3134148041180683,2.6260177071135704e-05
32343,0.00899177348383394,0.008906807923367507,8.496556046643303e-05
42207,0.010505581089954037,0.010417306690300589,8.827439965344852e-05
07447,0.017907634307257305,0.017807775923917826,9.98583833394795e-05
06367,0.0164021164021164,0.016159109529752778,0.00024300687236362278
23501,0.07578609134725729,0.07550791684546693,0.0002781745017903653
40401,0.06284597850862911,0.06256701261323337,0.0002789658953957358
01437,0.005110732538330494,0.004822037937614056,0.00028869460071643746
28586,0.01629051416935347,0.015994211033579783,0.00029630313577368866
05215,0.01730135481508605,0.017001534011163034,0.0002998208039230142
01391,0.005649717514124294,0.005332391575851535,0.00031732593827275835
45209,0.01998274870615296,0.01966380132394161,0.00031894738221134936
11212,0.1314504141006583,0.1310888611852586,0.00036155291539971546
24216,0.03033058236583205,0.029822274969626316,0.0005083073962057344
32205,0.017303822937625755,0.016733088157048562,0.000570734780577193
03366,0.007958801498127341,0.007286591421415103,0.0006722100767122385
19422,0.006305170239596469,0.005612355958520781,0.0006928142810756878
07208,0.014416775884665793,0.013697549422737161,0.0007192264619286324
02361,0.03285954455142901,0.0321236038075677,0.0007359407438613103
30361,0.04469646430953969,0.04395686265028123,0.0007396016592584598
15222,0.023767500785031346,0.022846629802779773,0.0009208709822515725
06213,0.034173282706247844,0.033237760297250014,0.0009355224089978298
01636,0.01660862577015805,0.015636701607390485,0.0009719241627675658
30391,0.02031316123571731,0.01932824836752828,0.0009849128681890286
23215,0.14011359802047013,0.13911758986203793,0.0009960081584322045
35203,0.024940491371248832,0.023865691773160568,0.0010747995980882642
20521,0.05699558173784978,0.055764089740868626,0.0012314919969811516
28481,0.06407430730478589,0.06279577322811492,0.001278534076670973
29345,0.1570796460176991,0.15579990665293283,0.0012797393647662747
19443,0.008849557522123894,0.0075611506443900925,0.0012884068777338012
01469,0.008830022075055188,0.0075012221053365425,0.001328799969718645
22208,0.07702257761053621,0.07568672900552482,0.0013358486050113888
15482,0.02249747219413549,0.02108018017831426,0.0014172920158212303
01543,0.01602229188436085,0.014598938851766918,0.0014233530325939315
03209,0.017220879837379664,0.015779888032958524,0.00144099180442114
01347,0.011353711790393014,0.009904750960429752,0.0014489608299632622
13307,0.013002364066193853,0.0115525969424871,0.0014497671237067526
39427,0.009787928221859706,0.008302299207202438,0.0014856290146572672
41206,0.026784952657169667,0.025257109340634493,0.001527843316535174
30202,0.0525671173819322,0.05098603633689513,0.0015810810450370694
06208,0.02912142152023692,0.027522980508836756,0.0015984410114001646
30344,0.02356637863315004,0.021953338458162653,0.0016130401749873853
03208,0.01641380534114098,0.01478911209631913,0.0016246932448218503
40448,0.009358288770053475,0.007720608423558241,0.0016376803464952343
05214,0.02296392711044998,0.021191445627083152,0.0017724814833668286
01432,0.010865191146881288,0.008976871367377404,0.0018883197795038845
08211,0.037534785854883596,0.03546737580421991,0.002067410050663687
01584,0.020443420673769076,0.01836783881972081,0.002075581854048266
33643,0.00872093023255814,0.006608691557585324,0.0021122386749728153
01226,0.025345937799698588,0.0232182790565611,0.0021276587431374866
41425,0.02278932997269481,0.02063759954502577,0.00215173042766904
43211,0.04083742569139313,0.038616379621500115,0.0022210460698930123
11349,0.04169914263445051,0.03934175733456679,0.0023573852998837186
46225,0.05019458568871971,0.047819787573437515,0.002374798115282198
03322,0.049204439096135845,0.04681717149201875,0.002387267604117095
03503,0.02079722703639515,0.018402635724129316,0.0023945913122658327
22429,0.013858497447118891,0.011459476734989888,0.0023990207121290033
22222,0.03855554679492234,0.03614230437567605,0.0024132424192462865
40625,0.029568890545409367,0.027137752784776793,0.002431137760632574
07368,0.017772884554891476,0.015267001347492894,0.0025058832073985814
34209,0.015363189276232755,0.012814020137410993,0.002549169138821762
09361,0.06148784124209552,0.05890640480278362,0.002581436439311899
32501,0.011133603238866396,0.0084496808330441,0.002683922405822296
47356,0.0106951871657754,0.007947866680482944,0.0027473204852924565
20215,0.05710436921635235,0.054347376762152934,0.002756992454199414
32527,0.007782101167315175,0.004996021475906089,0.0027860796914090866
07548,0.010869565217391304,0.008067062230859285,0.0028025029865320194
44210,0.02233336207639907,0.019492681427736844,0.0028406806486622263
10448,0.02545103092783505,0.022572078236666505,0.0028789526911685466
33214,0.01637371835111948,0.013476195155896535,0.0028975231952229445
01460,0.020236425566018835,0.017321062845897777,0.0029153627201210577
21220,0.02232449512295645,0.01936401396374384,0.0029604811592126093
08542,0.04044772322564233,0.03747741369583005,0.0029703095298122817
01635,0.016599040944300997,0.01356247002552145,0.003036570918779548
01665,0.012426648256817397,0.009332887662527043,0.003093760594290354
44206,0.031376916022533737,0.028275043395722822,0.0031018726268109142
17361,0.05113126681949567,0.047928619658949595,0.0032026471605460724
12443,0.09655172413793103,0.09330286050687066,0.0032488636310603752
10429,0.03338469440164355,0.030122465560472454,0.003262228841171097
33216,0.05501769379715564,0.05164426200960959,0.0033734317875460523
20202,0.03181174045604844,0.028350557447600847,0.003461183008447593
29446,0.014814814814814815,0.011335675520832861,0.0034791392939819542
03381,0.025611766197540256,0.022130600434734554,0.003481165762805702
39412,0.01777634130575307,0.01424072123100812,0.0035356200747449495
01649,0.013498312710911136,0.009928408919332112,0.003569903791579024
28442,0.06173291811687122,0.0579986359846587,0.003734282132212517
28443,0.05073684210526316,0.046980235375603516,0.003756606729659641
47375,0.007751937984496124,0.003952653660603305,0.003799284323892819
08564,0.06426944354051416,0.060469325088914234,0.0038001184515999223
01564,0.01435602953240361,0.01052793190263515,0.0038280976297684604
19442,0.010380622837370242,0.006337195240453396,0.004043427596916845
07504,0.04098073555166375,0.036837180912678374,0.004143554638985372
03482,0.02227488151658768,0.01803353688399334,0.004241344632594339
09211,0.03908772411898056,0.034809079865922604,0.004278644253057955
04208,0.03240058910162003,0.028086270777118057,0.004314318324501975
01457,0.014823965410747375,0.01048903437816083,0.004334931032586545
07483,0.02137571937517128,0.017017336534755352,0.004358382840415929
39212,0.023850974930362118,0.019480731912980814,0.004370243017381304
35502,0.01977848101265823,0.015376336533553882,0.004402144479104347
33210,0.02025435704192181,0.015788850434601546,0.0044655066073202646
30406,0.030405405405405407,0.02591939652254341,0.0044860088828619984
06212,0.02282453637660485,0.01827697564679859,0.00454756072980626
42213,0.021482214589276356,0.016895046564549845,0.004587168024726512
01472,0.011986301369863013,0.007372612932527509,0.004613688437335504
43468,0.03488372093023256,0.03018665826094042,0.0046970626692921374
21361,0.058377618005626755,0.053606438402553594,0.004771179603073161
40421,0.05831788302713636,0.053520845571529065,0.004797037455607292
10206,0.024631000605298693,0.019799569190744434,0.00483143141455426
28212,0.05540218943360305,0.0505501473121023,0.004852042121500748
06428,0.02053366687513029,0.015641890503226757,0.004891776371903533
20208,0.045861916353175484,0.04093112072133669,0.004930795631838791
23106,0.335385502082733,0.3304434081617213,0.004942093921011692
01664,0.013056578506863073,0.008108260154351397,0.004948318352511676
30424,0.01768867924528302,0.012701440196304085,0.004987239048978933
43213,0.035451422963689895,0.030410102827380908,0.005041320136308987
04341,0.02021193092621664,0.015143513382534994,0.005068417543681647
01645,0.0156794425087108,0.010583813917979126,0.005095628590731675
21221,0.04655643958229736,0.04140191700111798,0.005154522581179384
46206,0.023558586484810913,0.018369508853199573,0.00518907763161134
10382,0.02443609022556391,0.01921239315978636,0.0052236970657775494
34107,0.16058035483370403,0.15534966676358383,0.0052306880701201985
01470,0.012755102040816327,0.007471400866680745,0.005283701174135582
20219,0.04592096645076778,0.0404908341547498,0.005430132296017978
01644,0.013513513513513514,0.008063230442667636,0.005450283070845878
02408,0.028848860118209963,0.023396698341966577,0.005452161776243386
16343,0.04107455713451431,0.03551771194610846,0.005556845188405844
39303,0.022094140249759846,0.016452503187118838,0.005641637062641008
17209,0.05228977718060687,0.04661173693940295,0.00567804024120392
07521,0.03429887286389528,0.028602525365919153,0.00569634749797613
02307,0.026955602536997886,0.021258392839390416,0.00569720969760747
24214,0.03956118429412512,0.03376299645380758,0.005798187840317541
28585,0.021102318478411774,0.015182605874482162,0.005919712603929612
26365,0.03266932270916335,0.02673854031090295,0.005930782398260396
20323,0.0478231748158071,0.04186968327457216,0.005953491541234937
23447,0.1028757510434344,0.09689403818570265,0.005981712857731747
27212,0.25420971642119145,0.2482140895135049,0.005995626907686541
06301,0.03474500447360573,0.02871737064134785,0.006027633832257878
24461,0.04111951187160101,0.03508991626142094,0.006029595610180072
22344,0.034851208308368284,0.02881861421731934,0.006032594091048945
45204,0.018737308473324717,0.012696107637536735,0.006041200835787982
20388,0.04726867335562988,0.041196621476520104,0.006072051879109773
29385,0.018145161290322582,0.011965316260902158,0.006179845029420424
03205,0.027401849122336862,0.02115792847758914,0.0062439206447477205
37206,0.048476257973068745,0.042174275409948406,0.00630198256312034
11106,0.24192232196025673,0.23561496342052152,0.006307358539735214
15206,0.028387707262521773,0.0220461179003641,0.0063415893621576735
20432,0.02723290801752047,0.02083443909675091,0.006398468920769562
04209,0.15651106488901012,0.14977155565225,0.006739509236760116
04202,0.03435235292256084,0.027526332704756937,0.0068260202178039055
05212,0.02066590126291619,0.013791818729699453,0.0068740825332167365
01203,0.06267403314917128,0.0557144505266471,0.006959582622524177
15405,0.028254847645429362,0.021278580470715572,0.00697626717471379
22209,0.04353390399462907,0.03652405028671094,0.00700985370791813
02210,0.02920818437666388,0.022181478006956842,0.0070267063697070364
30421,0.03613401157691633,0.029094748214177343,0.007039263362738985
05361,0.022663682148852827,0.015609236627042397,0.007054445521810429
07482,0.028428093645484948,0.02126023081420596,0.007167862831278987
20383,0.051311569772222676,0.044130734671703725,0.007180835100518951
25213,0.04767371931551036,0.04043003204774037,0.007243687267769985
38484,0.028169014084507043,0.020915149400744074,0.007253864683762969
39203,0.024024024024024024,0.01669284510242418,0.007331178921599842
01408,0.03134669716130768,0.023939917136944128,0.0074067800243635545
38207,0.02010708589655958,0.01269102496719159,0.007416060929367991
15210,0.020663101604278075,0.013189393058863652,0.007473708545414423
07522,0.03172381618847679,0.024237115810096507,0.007486700378380284
40207,0.047543347258678696,0.040053552958214785,0.007489794300463912
12225,0.04832658334782717,0.040787624538142185,0.007538958809684984
20212,0.032680896289079796,0.025112411619961632,0.007568484669118164
24205,0.09042106786282737,0.08281341526521184,0.007607652597615533
02406,0.030837004405286344,0.023101408677543712,0.007735595727742631
06403,0.02637577336372517,0.018570676167639414,0.007805097196085756
24471,0.03228900255754476,0.02438143519739771,0.007907567360147048
31403,0.03260869565217391,0.024645400948788056,0.007963294703385856
42321,0.03432228039557882,0.026356825505134504,0.00796545489044432
14132,0.4120428945202619,0.40406170489581855,0.00798118962444333
31371,0.03569102514002866,0.02768385147551513,0.008007173664513527
01393,0.023450586264656615,0.015382956334083485,0.00806762993057313
39428,0.01847903340440654,0.010410384549790869,0.00806864885461567
08205,0.042587837414667755,0.034438597004130427,0.008149240410537328
19346,0.04494210847044485,0.03675482928271687,0.008187279187727985
07466,0.035064417585336696,0.026833292137558286,0.00823112544777841
08230,0.045700448245659234,0.03738945282944933,0.008310995416209901
39410,0.042797975149562816,0.03439736372429465,0.008400611425268163
08216,0.05770845830833833,0.049250974353817256,0.008457483954521075
01395,0.022306597057427623,0.01379416437598949,0.008512432681438132
01431,0.02120141342756184,0.01268790100654679,0.008513512421015048
12234,0.03628426250626208,0.02767609417259518,0.008608168333666899
20213,0.03143696290655934,0.02276424055030712,0.00867272235625222
38422,0.028093337427080135,0.019407450609537937,0.008685886817542197
40601,0.0515863405182853,0.042897716365534654,0.008688624152750644
20306,0.0215311004784689,0.012840224895854045,0.008690875582614856
07201,0.04226073919960837,0.03337894549992815,0.008881793699680222
01578,0.03616858237547893,0.027181036878411523,0.008987545497067408
20307,0.019417475728155338,0.010385389641296443,0.009032086086858895
40214,0.04637736938323872,0.037305672974676754,0.009071696408561966
30204,0.045563549160671464,0.03647370748011389,0.009089841680557577
17386,0.0410142954390742,0.03192288530366882,0.009091410135405383
02445,0.023932820153953815,0.014813040018618925,0.00911978013533489
40229,0.048769190047644254,0.039646153990158826,0.009123036057485427
13122,0.46196662414412537,0.4528321753112248,0.009134448832900544
08225,0.031829787234042554,0.022668912526444703,0.009160874707597851
41424,0.03910963178697732,0.029942388058418656,0.009167243728558667
44213,0.03717166175159454,0.027984596089535945,0.009187065662058593
13108,0.49920048233197023,0.48987472384949604,0.009325758482474189
04581,0.04279782816991377,0.03337387513672414,0.009423953033189623
03485,0.031569173630454965,0.02213874668656639,0.009430426943888574
06362,0.027229786051681023,0.01778932017105649,0.009440465880624534
01434,0.0282021151586369,0.01872524867080138,0.009476866487835519
39304,0.03055229142185664,0.02100370507073016,0.00954858635112648
24204,0.04539403273382234,0.03582894594469933,0.00956508678912301
02321,0.028891509433962265,0.019299396794554016,0.009592112639408248
20207,0.05133860992171619,0.04173969613696848,0.009598913784747712
24211,0.0342974148963399,0.024653359344982948,0.009644055551356955
15217,0.03550877192982456,0.02572215238353381,0.009786619546290749
27219,0.18957071825924285,0.1797090358566203,0.009861682402622557
06382,0.023009950248756218,0.013125134931657985,0.009884815317098233
09203,0.0490341551069304,0.03912726135622977,0.009906893750700627
01465,0.02336448598130841,0.013442852918987174,0.009921633062321236
06364,0.02294154619736015,0.01299642561386202,0.00994512058349813
01228,0.02546709508508866,0.01551956233477137,0.009947532750317291
03214,0.026242161119150988,0.01626196874442967,0.009980192374721319
15108,0.04780937740199846,0.03782306680664014,0.009986310595358323
13104,0.5582809649300629,0.5482710244122392,0.010009940517823668
15204,0.03600245663821767,0.025986700317575682,0.010015756320641986
27217,0.23802201359663322,0.2279980935671497,0.010023920029483518
02303,0.025252525252525252,0.015148177713703364,0.010104347538821888
28229,0.05514060997001075,0.04503308464805121,0.010107525321959542
05206,0.03379681315335431,0.02365308661018875,0.01014372654316556
37201,0.050599153169448324,0.04039492769959743,0.010204225469850892
20403,0.04710676446617767,0.03684099326632786,0.01026577119984981
41401,0.042059145673603505,0.031758662233028874,0.010300483440574631
07464,0.03795202291442893,0.027528038087792712,0.010423984826636219
33209,0.023433284513990595,0.012790227562993462,0.010643056950997133
18501,0.031049410359755187,0.02036962894344835,0.010679781416306836
01343,0.035391566265060244,0.024661383414101855,0.010730182850958388
40621,0.07104947782913884,0.060317036702780075,0.010732441126358766
09206,0.03955383490808674,0.028549493632301737,0.011004341275785003
01427,0.03397260273972603,0.022882296964073442,0.011090305775652586
39307,0.03512396694214876,0.023946838872250638,0.011177128069898123
07214,0.04390015391822258,0.03267587004756037,0.01122428387066221
06401,0.022280856053943126,0.01096610616343065,0.011314749890512475
01345,0.027671913835956918,0.016349171782279234,0.011322742053677684
11103,0.3458926496223126,0.3345685297039662,0.011324119918346365
15105,0.08801617414905696,0.07663712621557531,0.011379047933481656
01462,0.0158311345646438,0.004421498221416826,0.011409636343226975
06324,0.024466571834992887,0.012855870698665102,0.011610701136327785
31302,0.034688995215311005,0.02303114305177382,0.011657852163537187
33346,0.04030931227377427,0.028646397192518873,0.011662915081255394
20414,0.018156424581005588,0.0064508165570436446,0.011705608023961943
39344,0.027855153203342618,0.01613625462040492,0.011718898582937697
15209,0.047674612435405904,0.035805150397199594,0.01186946203820631
29204,0.12133506608767314,0.10945514388777569,0.011879922199897447
13113,0.5412885608328066,0.5293420735941072,0.0119464872386994
15227,0.0393723880049857,0.027410748570078122,0.011961639434907578
15504,0.03648648648648649,0.024490918676137424,0.011995567810349064
07502,0.033693163231926726,0.02155142179102885,0.012141741440897875
20303,0.03126656067832538,0.01911978459092982,0.012146776087395561
07408,0.03624298111281266,0.024075447253165672,0.01216753385964699
01585,0.032383808095952024,0.02018133875258226,0.012202469343369764
36208,0.021081859317153433,0.008857452890662485,0.012224406426490949
28202,0.2757995419070241,0.2634911844356008,0.012308357471423281
01454,0.02825077399380805,0.015831014610474262,0.012419759383333787
20309,0.0411790203727785,0.028741929769388233,0.012437090603390266
26407,0.029709891646277527,0.017240704039196683,0.012469187607080844
31401,0.02396644697423607,0.01144503544256365,0.01252141153167242
20486,0.029465930018416207,0.016875579492400122,0.012590350526016085
31329,0.036632390745501286,0.023911773611581224,0.012720617133920063
25209,0.044870015727634376,0.032103143812102754,0.012766871915531622
28215,0.07511304397914807,0.062335382044513554,0.012777661934634518
27140,0.258728880387913,0.24594567639700304,0.01278320399090993
12235,0.04669204798505854,0.03389528045600261,0.012796767529055932
01438,0.03466204506065858,0.021792572172805894,0.012869472887852684
12228,0.19775560464112524,0.18479583848586756,0.01295976615525768
20422,0.03988183161004431,0.02692033482987023,0.012961496780174084
21208,0.06278464541314248,0.049693834845996404,0.013090810567146074
30208,0.04804339403332042,0.03492906390728241,0.013114330126038007
26204,0.25418460962366596,0.24091124931550673,0.013273360308159232
23221,0.03946647177050978,0.026128306459402503,0.013338165311107274
29386,0.026717557251908396,0.013359562836102045,0.013357994415806351
12215,0.050351414669309785,0.03691410711223957,0.013437307557070212
01464,0.030352748154224774,0.01690904629801097,0.013443701856213804
16323,0.04942223610243598,0.03593649596883696,0.013485740133599017
03524,0.02913800080938891,0.015503693442612702,0.013634307366776208
15225,0.032773058617989036,0.019021304149952848,0.013751754468036188
44341,0.0571773220747889,0.04335265313006671,0.013824668944722188
11385,0.060153411384739605,0.04623450189710346,0.013918909487636147
09208,0.06325955933208181,0.04916052068373983,0.014099038648341986
16322,0.05133216747248225,0.03722753929907893,0.01410462817340332
20201,0.05091790786283339,0.03676809691551788,0.014149810947315516
37387,0.056741028128031036,0.04255860182918211,0.014182426298848923
26110,0.2751451510912679,0.26090175900398405,0.014243392087283868
01546,0.02125984251968504,0.006960656859711332,0.014299185659973707
11218,0.07179571222121243,0.05740555892072731,0.014390153300485126
36468,0.026343519494204427,0.011950332705161104,0.014393186789043323
41202,0.033320126035357826,0.018922014481457496,0.01439811155390033
40503,0.04832251829352478,0.033839483508096777,0.014483034785428006
31386,0.04051863857374392,0.02585078654464039,0.014667852029103534
46452,0.03660280240205891,0.021912970139723417,0.014689832262335493
18481,0.04370327774583094,0.028997932841044065,0.014705344904786873
30366,0.030177799135031234,0.015250282476968408,0.014927516658062827
40602,0.039316239316239315,0.024364777537057996,0.01495146177918132
01455,0.03409881697981907,0.019041548095275168,0.015057268884543902
20590,0.0426430230103441,0.027556554768851403,0.0150864682414927
28225,0.036945634027727374,0.021848041574591238,0.015097592453136136
20402,0.04630087329049267,0.030971448484077832,0.015329424806414839
34202,0.06019369745833538,0.044744085920179935,0.015449611538155446
15212,0.032432432432432434,0.01693428687278367,0.015498145559648763
01456,0.032432432432432434,0.01664731809121683,0.015785114341215604
28501,0.03738863735942748,0.021547660063058426,0.015840977296369057
34212,0.055305910819218804,0.03942820131464424,0.015877709504574566
15218,0.04063581030783378,0.024654749512373605,0.015981060795460175
23445,0.04745808545159546,0.03117732781880034,0.016280757632795118
07210,0.03973379538473655,0.0234204584846231,0.01631333690011345
24201,0.0572400070139593,0.04081668337574466,0.016423323638214644
42204,0.04213540281319919,0.025686013774417878,0.016449389038781313
07213,0.04140592797991532,0.024934270869486023,0.016471657110429295
24543,0.039323046291687404,0.022777405496863686,0.016545640794823718
08214,0.061203152645970725,0.04447196462953399,0.016731188016436735
12218,0.059986178299930894,0.04320254929058596,0.016783629009344936
38210,0.05590376701487813,0.03907139187635111,0.01683237513852702
01224,0.060448318301959125,0.04352896245006257,0.016919355851896557
07405,0.031512605042016806,0.014486820818237808,0.017025784223778997
18404,0.04242182832105158,0.025301480050424638,0.017120348270626945
40609,0.04067796610169491,0.02345934823100066,0.01721861787069425
31325,0.03143093465674111,0.014202818809113518,0.01722811584762759
22301,0.06801431880395872,0.05077304546665561,0.01724127333730311
40344,0.08863654285939594,0.07138995796906927,0.01724658489032667
07362,0.03533240353324035,0.018046588476291855,0.017285815056948498
12210,0.09230889888110426,0.07495898443572334,0.01734991444538092
20211,0.043160790197549384,0.025571461804222297,0.017589328393327087
30390,0.04382736701237872,0.026184073337405418,0.017643293674973304
19205,0.05539297658862876,0.037713984490574774,0.017678992098053986
46219,0.044715447154471545,0.027018225447880018,0.017697221706591527
15226,0.036354841110366895,0.018561739135025006,0.01779310197534189
17407,0.04310344827586207,0.02507116096076017,0.0180322873151019
14111,0.38591549295774646,0.3678472861405813,0.018068206817165144
05363,0.05892047795632468,0.04081493839401861,0.018105539562306067
40522,0.055104151277884476,0.03699718571497457,0.01810696556290991
33212,0.058709949918542205,0.04057590245983932,0.01813404745870288
21210,0.04911229946524064,0.030902063761183887,0.018210235704056756
23361,0.08522545570834666,0.06694604030215691,0.018279415406189756
25214,0.06480324797001874,0.046437919378237096,0.018365328591781645
23222,0.14046366987543457,0.1220399040145056,0.018423765860928976
07211,0.037783844149398185,0.019356830601629987,0.018427013547768198
11327,0.13430265926917925,0.11580083642007562,0.018501822849103636
03507,0.034870992963252544,0.01624984823779465,0.018621144725457894
15385,0.03035333175243064,0.01171183974861537,0.01864149200381527
39386,0.032050606220347916,0.013365955084125242,0.018684651136222676
01107,0.25383187209902014,0.23507028897995544,0.0187615831190647
05366,0.05184829572731637,0.033068477726088695,0.018779818001227674
19213,0.05964742815744989,0.04074662818734562,0.01890079997010427
22302,0.05357784969435455,0.03448241636997328,0.019095433324381267
11361,0.07734375,0.05824414504457412,0.019099604955425883
20425,0.04211332312404288,0.022836059921255966,0.019277263202786915
01394,0.028002154011847066,0.008651845720397825,0.019350308291449243
10449,0.0381927109335996,0.01882947541306419,0.01936323552053541
27202,0.19638035191720776,0.176925706078597,0.019454645838610757
29451,0.02830188679245283,0.008705012853350284,0.019596873939102546
40610,0.05868966343274644,0.03907662373232327,0.01961303970042317
04501,0.042169550676166935,0.022302638603018447,0.019866912073148488
04215,0.03761263123088369,0.017681208333267414,0.019931422897616274
46210,0.03877563742908796,0.01881507779556576,0.019960559633522203
15342,0.05416350291065553,0.03419815102541586,0.019965351885239672
44212,0.0367663023811247,0.01678526983377851,0.019981032547346192
11207,0.055785350854716496,0.03570951049260124,0.02007584036211526
03301,0.04120102329338898,0.021058500469611423,0.02014252282377756
29444,0.029045643153526972,0.008738799842405614,0.020306843311121356
15461,0.05714285714285714,0.036546772492370795,0.020596084650486346
35208,0.04418057154640592,0.023542379888866843,0.02063819165753908
28106,0.33344013670831996,0.3127422059077534,0.020697930800566533
14341,0.21605113636363638,0.19531031281512193,0.020740823548514448
40203,0.06283101682516459,0.0420697586554077,0.020761258169756894
24443,0.03603366649132036,0.015208677893772355,0.020824988597548003
35201,0.04612751462826501,0.025274743560918377,0.020852771067346634
12236,0.049507726819541374,0.028509320928450595,0.02099840589109078
20541,0.07137030995106036,0.05032765419535337,0.02104265575570699
01571,0.036340038935756006,0.015202706310263775,0.02113733262549223
20362,0.05843659170873489,0.03717991869739484,0.02125667301134005
01459,0.031057563587684068,0.009779208607018912,0.021278354980665156
07423,0.035101404056162244,0.013758765758504663,0.021342638297657583
07561,0.046031746031746035,0.0246636124344386,0.021368133597307434
21206,0.04102591821842653,0.01954334615126088,0.02148257206716565
20416,0.04561074664167448,0.024028559716979613,0.021582186924694866
11241,0.23279869470184403,0.21120147657884153,0.0215972181230025
20382,0.055742863564846035,0.03405119052595528,0.021691673038890753
10424,0.038348082595870206,0.01664073355767587,0.021707349038194337
21302,0.07969563476171405,0.05795997201854067,0.021735662743173387
23442,0.11603624101084793,0.09412995751813845,0.021906283492709483
08215,0.05472483428395252,0.03279786030883236,0.02192697397512016
27121,0.3609881335031435,0.33853087267792303,0.022457260825220482
05211,0.052840158520475564,0.03036532019206763,0.022474838328407933
36387,0.04620168813860506,0.023607483631768966,0.022594204506836097
14216,0.3043316962866127,0.28169114700656117,0.022640549280051547
12226,0.055683242791475136,0.032871288370239275,0.02281195442123586
31402,0.036021926389976505,0.01308730718599119,0.022934619203985315
28201,0.09268767948833792,0.06973252951911475,0.022955149969223168
46216,0.04043595732014471,0.017277591712682318,0.023158365607462393
12213,0.07958464395346193,0.056392758203587405,0.023191885749874526
02323,0.033820138355111454,0.010487014420446594,0.02333312393466486
20384,0.051193755739210284,0.027847491560253918,0.023346264178956366
24561,0.037787182587666265,0.014413042938565284,0.023374139649100983
15581,0.045531197301854974,0.022103838764489493,0.02342735853736548
01215,0.04334987006850933,0.019905950236601765,0.023443919831907564
21362,0.08416149068322981,0.060696454886782165,0.023465035796447646
13227,0.24411561445587218,0.22059929841963657,0.023516316036235607
11408,0.08022209458165805,0.05669200661302244,0.023530087968635607
39402,0.04488025645860833,0.02125303264174101,0.023627223816867323
11234,0.21983190146911596,0.19616620882275548,0.02366569264636048
13221,0.30468599961590165,0.28101381498495065,0.023672184630951
40384,0.07853526433533498,0.05477192165065697,0.02376334268467801
45406,0.03942115768463074,0.01551954664809275,0.02390161103653799
04321,0.08492400141392718,0.06062931686666424,0.02429468454726294
02362,0.04497792494481236,0.02055224975076838,0.024425675194043983
27122,0.33394400276529557,0.3095104894575272,0.024433513307768384
23109,0.32676220737954736,0.3021608820514377,0.024601325328109658
08224,0.237052463936786,0.2124081690623573,0.024644294874428707
12349,0.060185997543428675,0.03548160270910392,0.024704394834324753
10521,0.07099236641221374,0.046251959485087896,0.02474040692712584
19204,0.07480659266733938,0.05002563813317158,0.0247809545341678
39401,0.04483925549915398,0.0197250617153874,0.025114193783766576
07407,0.046610169491525424,0.02141947155983776,0.025190697931687666
20561,0.05384778460886156,0.028266377588530754,0.025581407020330807
19423,0.07129000969932105,0.04558124375830097,0.025708765941020076
40215,0.0922845125243267,0.0665704662759914,0.0257140462483353
06341,0.04688038607376767,0.02109516058966559,0.02578522548410208
03303,0.04438095238095238,0.0184469410072363,0.025934011373716082
24442,0.05503187000628423,0.029063538770095772,0.025968331236188455
33211,0.06232782369146005,0.03627590076215371,0.026051922929306345
34211,0.1010942760942761,0.07483975949841597,0.02625451659586013
20423,0.040195545898967955,0.013874977376970197,0.02632056852199776
12216,0.38006448577755847,0.3533742084862597,0.026690277291298747
14342,0.2327205587220037,0.2059308566910153,0.026789702030988405
20482,0.06558070657922573,0.03872991734677667,0.026850789232449053
11215,0.19280693054866843,0.1659406444943114,0.026866286054357036
23220,0.146842505706315,0.11981935416175674,0.027023151544558255
11343,0.1162705129148576,0.08923443020629117,0.02703608270856643
20583,0.05949589683470106,0.03240212340755485,0.02709377342714621
27206,0.269433465085639,0.24225987557949102,0.027173589506147955
14106,0.37056263836934117,0.34315162238650926,0.02741101598283191
25204,0.09855727010412746,0.07088001556397967,0.027677254540147786
11237,0.23052143220456542,0.20268084627553276,0.027840585929032657
40224,0.16419046238585303,0.13627585551620602,0.027914606869647002
14204,0.3584145338885969,0.32988129042940156,0.028533243459195334
11202,0.09714957453921896,0.06837166796767807,0.02877790657154089
11240,0.15459873958838305,0.12565962103870632,0.028939118549676734
41441,0.04295185932545402,0.01400615403143583,0.02894570529401819
20413,0.03818615751789976,0.009207366295500855,0.02897879122239891
31328,0.03984206748025843,0.010855115133420086,0.028986952346838346
13114,0.5837769461866863,0.5547483430764079,0.02902860311027844
20304,0.054285714285714284,0.02492563044255932,0.029360083843154965
01210,0.04967648303803592,0.020234587540607352,0.02944189549742857
07301,0.06009984639016897,0.03016483838656018,0.029935008003608793
04206,0.06310013717421124,0.0330382291549284,0.030061908019282844
13102,0.530087736658091,0.4999188456732998,0.03016889098479114
04103,0.17753163171489864,0.14719050675137182,0.03034112496352681
28221,0.05341062584421432,0.022897709846230723,0.030512915997983597
11362,0.06525285481239804,0.034617312488647155,0.030635542323750882
22225,0.08451298396925096,0.05380246547799409,0.030710518491256868
11363,0.09016134134767478,0.05905521470402784,0.031106126643646946
12463,0.06824512534818941,0.0367149555991513,0.03153016974903811
04207,0.1149579291494721,0.08316262843643304,0.03179530071303906
12230,0.09081112852664577,0.058893237637524756,0.03191789088912102
02301,0.04956413449564134,0.017618895157134995,0.03194523933850635
01461,0.045636052481460354,0.013667742874360022,0.03196830960710033
15361,0.07201955622414441,0.039601124234542096,0.032418431989602314
11239,0.1995845212048885,0.1671272624718129,0.03245725873307562
40216,0.17151382248265448,0.13903159739589854,0.03248222508675594
27218,0.24943824432626768,0.21649409054261956,0.03294415378364812
30362,0.05261180007515971,0.01933200830511673,0.03327979177004298
14101,0.3460445651774898,0.312555700084748,0.03348886509274185
02304,0.0580168776371308,0.024491751518229604,0.0335251261189012
13107,0.5534433344929841,0.5198280092336879,0.033615325259296225
14115,0.2932634759914444,0.2595450593501233,0.033718416641321136
12410,0.0573873121869783,0.023271521916763283,0.03411579027021501
25210,0.12397165431294291,0.08979439657869306,0.034177257734249844
01407,0.05184534270650264,0.01764645743883022,0.03419888526767242
04323,0.09606226637308618,0.061811250594545834,0.034251015778540346
26366,0.18749270796873177,0.15254593386102008,0.03494677410771169
11231,0.21863671317148192,0.18368142114703134,0.03495529202445058
12423,0.0781055900621118,0.04281949020720089,0.035286099854910914
11245,0.317191844300278,0.281619930817632,0.035571913482646045
24343,0.14645228940929744,0.1105128299471883,0.035939459462109136
11238,0.23892650585414021,0.20285041840994086,0.03607608744419935
20305,0.061764705882352944,0.025667272496337802,0.03609743338601514
28204,0.3584515084098798,0.3221024084690326,0.03634909994084723
01102,0.18466106948515623,0.148183627264056,0.03647744222110022
20602,0.04213938411669368,0.005593978068447922,0.03654540604824576
01234,0.09433820772403449,0.05764437857366505,0.03669382915036944
12239,0.13672372973957383,0.09985722049092488,0.036866509248648954
27214,0.2030070573795643,0.16608305858956007,0.036923998790004214
11242,0.13242998385000196,0.0948565310629272,0.03757345278707476
33663,0.07514761137949544,0.03750132031443189,0.03764629106506355
13111,0.5169860188351597,0.4792934086499915,0.03769261018516823
03321,0.061309712116418856,0.02329800943397701,0.03801170268244185
12219,0.09658228567254547,0.05853615220306165,0.038046133469483816
12237,0.0681131812479673,0.030044849051883742,0.03806833219608355
14321,0.16873683758112348,0.1302240233349564,0.03851281424616709
11326,0.13518078318528712,0.09601787131925105,0.03916291186603607
27224,0.25683073895602593,0.21755482372418158,0.039275915231844344
01424,0.05141269106067624,0.011990199179126367,0.03942249188154987
14131,0.2836978794376936,0.24365513685925344,0.04004274257844015
04214,0.07432928551256707,0.033985602822190576,0.04034368269037649
43364,0.06287563569116968,0.022367420226777464,0.04050821546439221
40647,0.06280641314429575,0.022261740665734192,0.040544672478561555
11301,0.18705332600329852,0.14619522344340818,0.040858102559890336
11216,0.10511385715395974,0.06424701160397026,0.04086684554998948
13229,0.4070617566793572,0.36579384283094013,0.04126791384841705
04505,0.06766304347826087,0.026322805577778104,0.04134023790048276
29443,0.085785536159601,0.04415912598658421,0.041626410173016784
28446,0.07138677589233469,0.029736422903874824,0.04165035298845987
14105,0.4333674104887134,0.391423866202606,0.041943544286107415
20430,0.0673244341265235,0.024899589325602826,0.04242484480092068
13119,0.5397901264622599,0.4970923209041232,0.04269780555813668
28203,0.2804338877624137,0.2376292778181673,0.04280460994424637
07444,0.05128205128205128,0.008431016852915916,0.04285103442913536
14211,0.19703719752467874,0.1535838856963902,0.04345331182828854
29441,0.07222699914015478,0.028603534266617707,0.04362346487353707
11243,0.20262505468863934,0.15892593186495307,0.043699122823686265
11108,0.42642483030484224,0.38269675297044975,0.04372807733439249
01106,0.12592410486944,0.08197028274870417,0.04395382212073583
35321,0.09493219129193434,0.05080142430365156,0.04413076698828278
29207,0.07414775296138891,0.029923625149771507,0.0442241278116174
29362,0.19336823734729494,0.14912572779840974,0.0442425095488852
16321,0.09161147902869757,0.046755742803293525,0.04485573622540404
13207,0.3209056115162709,0.27591514603516276,0.04499046548110813
28105,0.3480387756933848,0.3028601196787984,0.04517865601458643
27124,0.35684154742978275,0.3113351120117308,0.04550643541805194
27117,0.37275838867273203,0.3271143035635224,0.04564408510920964
26108,0.1891239407425471,0.14318716597023096,0.04593677477231614
23233,0.22294538421391952,0.17674672729888738,0.04619865691503214
12238,0.08790445771420637,0.04162767963183436,0.046276778082372
27208,0.2177643135358061,0.17139128941357673,0.04637302412222938
12102,0.2871118089826031,0.24038855735502349,0.04672325162757959
28206,0.38317977793527047,0.336301128056275,0.04687864987899548
40345,0.19937205651491366,0.1522125733260053,0.04715948318890836
30341,0.07474687313877308,0.027569829124490387,0.047177044014282694
23441,0.12168992832893248,0.07441879667725923,0.04727113165167325
12229,0.10687073920598851,0.059295203479635746,0.047575535726352765
27144,0.2676213100320614,0.219389908821781,0.04823140121028041
11210,0.10732047321226736,0.059041155080107266,0.04827931813216009
04211,0.12422062350119904,0.07581763825068254,0.048402985250516506
07303,0.08202396804260985,0.03352642506138525,0.0484975429812246
26207,0.24205864386072082,0.19311399844208296,0.048944645418637855
14151,0.17319236280546843,0.12405042791112311,0.04914193489434532
23216,0.12462790947889395,0.07532252671374837,0.04930538276514558
13303,0.09624606110426086,0.04693665529289241,0.049309405811368445
40383,0.10047917434574272,0.05079447530059071,0.049684699045152006
12106,0.36218893737469043,0.31212072712197303,0.050068210252717404
40342,0.17049847405900306,0.11991175040044905,0.05058672365855402
13117,0.5796650586558492,0.529014762468202,0.05065029618764716
11101,0.22556132954211197,0.1747149673695942,0.050846362172517784
04104,0.20266888320699655,0.15173036215569322,0.05093852105130334
26367,0.07423117709437964,0.02308663857900446,0.051144538515375176
12104,0.17840729063730335,0.12708625095603057,0.05132103968127277
14134,0.46844511476646084,0.41672213258024793,0.05172298218621291
14215,0.300418064187954,0.24822969935433978,0.05218836483361425
29202,0.2347142857142857,0.18236963843567902,0.05234464727860669
14153,0.331992857820055,0.2795175924809427,0.05247526533911229
14104,0.3837306356837607,0.3311979093369154,0.052532726346845304
12342,0.0944967414916727,0.041612880891266794,0.0528838606004059
13105,0.5909664885866925,0.5376672248718195,0.053299263714873035
13203,0.4667907633551037,0.4133996576466107,0.053391105708493036
11228,0.36298258894776686,0.3082545770952965,0.05472801185247034
27145,0.22442477876106195,0.16965374672772426,0.05477103203333769
29203,0.22590139808682855,0.1709677984444577,0.05493359964237085
27127,0.4334913503378498,0.37829981543511115,0.05519153490273865
11224,0.36825815914924825,0.31290952709087216,0.05534863205837609
28217,0.3085569419203103,0.2525655936383503,0.05599134828196001
25212,0.07693390251911619,0.020684750080563082,0.05624915243855311
20446,0.08514492753623189,0.028360371697121044,0.056784555839110844
13120,0.49811949143957046,0.44128967669089436,0.0568298147486761
27118,0.43729464476210794,0.3796230955782577,0.05767154918385026
04362,0.08413369189396849,0.025995748870181454,0.05813794302378704
27114,0.39624457661695833,0.33775319216933114,0.05849138444762719
34213,0.13531566472742942,0.07668053649995235,0.058635128227477074
14113,0.4084585291326188,0.3492177055110938,0.059240823621524996
27120,0.4112359168691692,0.35174807222109444,0.05948784464807477
27381,0.16247770390789687,0.1028097184649431,0.059667985442953764
13212,0.4044473367549913,0.34440524971805814,0.060042087036933145
11342,0.12860892388451445,0.06845308510711892,0.060155838777395526
14118,0.45077087019855894,0.39060282343733016,0.06016804676122878
11209,0.1547921294827039,0.09457725183190782,0.060214877650796084
28111,0.1924629108429137,0.13204573364191355,0.06041717720100015
01105,0.30532073108684593,0.24474001977692375,0.06058071130992218
40135,0.20777027027027026,0.1461798860181902,0.06159038425208005
29205,0.24452439680272992,0.18281326863912323,0.06171112816360669
13305,0.12259615384615384,0.060659483309885666,0.061936670536268175
40349,0.17845925667422788,0.11630091182261473,0.062158344851613145
13224,0.3647179049158824,0.30235719433882746,0.062360710577054945
14150,0.2534487281956791,0.18948888769911104,0.06395984049656805
28219,0.1668800434512725,0.10261229293272718,0.06426775051854532
26214,0.20102757928305676,0.13659202044378202,0.06443555883927474
23228,0.202980679130784,0.13838475386174134,0.06459592526904265
13205,0.19598672831880273,0.13138974353777036,0.06459698478103237
12207,0.41800841391158783,0.3533625339955012,0.06464587991608661
13106,0.5295803854598683,0.46452496086859796,0.06505542459127034
12329,0.14172630665799177,0.07650547892065072,0.06522082773734104
14217,0.18319630010277493,0.11675633439897062,0.06643996570380431
20452,0.07879114948731786,0.011881814488087535,0.06690933499923032
01104,0.2706537678422602,0.20366669599582124,0.06698707184643896
27146,0.3619256379502874,0.29470821368918526,0.06721742426110217
40217,0.21548835918994472,0.14806678687739402,0.06742157231255069
11201,0.22888244948199815,0.16140465568934656,0.06747779379265159
04361,0.10241966457559852,0.03489668219628175,0.06752298237931677
13206,0.3992844304555849,0.33170770136602956,0.06757672908955537
29402,0.12822921559417566,0.06052833481908279,0.06770088077509287
29427,0.2418474251143574,0.17310883461049792,0.06873859050385947
29442,0.12671140939597317,0.05726549733195054,0.06944591206402262
01231,0.12133286110619208,0.05143945439884345,0.06989340670734864
23446,0.11176522273965381,0.04162368255606497,0.07014154018358884
13208,0.46493076756416063,0.3947833822771495,0.07014738528701114
27229,0.24750903100313604,0.17721010343889362,0.07029892756424241
11102,0.3717865908797313,0.30115470637096803,0.07063188450876329
29208,0.1286493423163298,0.057824413057984,0.0708249292583458
23232,0.13723138430784607,0.06433902491605127,0.0728923593917948
13109,0.6013261988548412,0.5280141401054631,0.07331205874937807
11229,0.4151757878075687,0.34067722968975217,0.07449855811781653
13215,0.4002934660643899,0.32515934685165865,0.07513411921273128
11227,0.4036200977842505,0.3280010998869023,0.07561899789734822
27216,0.2393200468933177,0.16367186132826778,0.07564818556504993
09364,0.14331877729257642,0.06730902286048437,0.07600975443209204
14366,0.20006443298969073,0.12362634628687186,0.07643808670281887
11222,0.3138543128997036,0.2372948044310629,0.07655950846864071
29344,0.24654469920907565,0.16985234451532263,0.07669235469375302
12217,0.3039680166212834,0.2272020787120409,0.07676593790924252
12208,0.17098416369353997,0.09362561528829572,0.07735854840524425
41341,0.15198107628622118,0.07421189833370904,0.07776917795251213
08235,0.1476392705470897,0.0697908246011886,0.0778484459459011
26364,0.09381663113006397,0.015953339347464998,0.07786329178259897
29363,0.20071433573779676,0.12199480904424624,0.07871952669355052
01217,0.13504450569708035,0.056068258044711744,0.0789762476523686
12211,0.13419499946081678,0.05488316012689937,0.07931183933391742
11464,0.1875667281374357,0.10648184822138246,0.08108487991605323
14201,0.2867988791178749,0.2056288850711156,0.08116999404675929
27103,0.4562959946478955,0.3747844106809217,0.08151158396697378
23235,0.1484802718519917,0.06670551239443336,0.08177475945755834
27123,0.44034780792229156,0.3581864387006466,0.08216136922164496
13115,0.5799626996153397,0.49759506702309947,0.08236763259224028
14107,0.3981761327210163,0.31579775698395035,0.08237837573706597
13228,0.20479574215100643,0.12215948766658251,0.08263625448442392
23425,0.21822045152722444,0.13474140814473554,0.0834790433824889
14362,0.16313253012048193,0.07888494973447643,0.0842475803860055
11232,0.20865150743820352,0.1241941909395994,0.08445731649860412
26213,0.10106933425319076,0.016571252927204898,0.08449808132598585
14112,0.3496143958868895,0.262785480254102,0.0868289156327875
26211,0.27126134734830387,0.184215037422078,0.08704630992622586
14206,0.21131153744710618,0.12388239683391779,0.08742914061318839
11217,0.2183465784458269,0.13035085143138359,0.0879957270144433
26206,0.14587618264088853,0.057792963533616744,0.08808321910727179
12421,0.15131056393963463,0.06310682028056794,0.08820374365906669
11107,0.49574799066632097,0.4075113198661947,0.08823667080012626
27232,0.22130260992240772,0.13301254499594764,0.08829006492646008
14384,0.17961706007496708,0.08970511376998999,0.08991194630497709
13214,0.4725891080151981,0.38240593179938726,0.09018317621581085
27228,0.19853387874124176,0.10828694997959243,0.09024692876164933
14114,0.3113302325581395,0.22091029405607832,0.0904199385020612
19212,0.16433248453983268,0.07383625745595765,0.09049622708387503
27115,0.44566377980780636,0.3551556215946007,0.09050815821320568
34309,0.17453598176489743,0.08393132826684495,0.09060465349805248
29211,0.20791664171507276,0.11719838227048497,0.09071825944458779
14108,0.3812726673260798,0.29053192197092864,0.09074074535515114
11110,0.20485606901853592,0.11391943492033231,0.09093663409820361
11324,0.23046069218427687,0.1394384684146841,0.09102222376959276
27230,0.31425049451021986,0.223072539598324,0.09117795491189587
27213,0.2380751816363062,0.1448246914860061,0.0932504901503001
30343,0.12761647535449022,0.03380518802066943,0.0938112873338208
19206,0.15326311644846935,0.05944900936028112,0.09381410708818823
30203,0.16101575192484283,0.06703139976475794,0.09398435216008488
13213,0.3805802195091873,0.28655733879051504,0.09402288071867226
13112,0.5345387676800865,0.4400824148390414,0.09445635284104503
12101,0.2829851196569224,0.18846432698665816,0.09452079267026425
14364,0.1441850410722006,0.04830318889953454,0.09588185217266605
26208,0.3338177368159394,0.23739167832737246,0.09642605848856695
12100,0.2742087069740148,0.17736059220296166,0.09684811477105312
11235,0.38399890804149445,0.2866662455092586,0.09733266253223583
08217,0.23690129663932258,0.1390356747186843,0.09786562192063827
27128,0.44546757182119284,0.34703285637150083,0.09843471544969201
28382,0.18246536685479733,0.08263880786347039,0.09982655899132695
11223,0.42618368178906296,0.3257572431589143,0.10042643863014866
14213,0.41102373095694444,0.3093591270085523,0.10166460394839216
26109,0.26969084553200784,0.16768302773626872,0.10200781779573911
13116,0.6291475441007425,0.5266090568415441,0.10253848725919834
11105,0.43126549834337036,0.32818231902217443,0.10308317932119593
13210,0.45926914916965395,0.3560921565497122,0.10317699261994173
11214,0.27900856909426003,0.17465988428581916,0.10434868480844087
28100,0.3280245037021632,0.2228190204137761,0.10520548328838708
29361,0.23002488249930883,0.12477488589524477,0.10524999660406406
29206,0.18931648015457692,0.08372622967878175,0.10559025047579516
13118,0.5519382537804361,0.44601715939138054,0.10592109438905561
27107,0.4097073518915061,0.30171160570450467,0.10799574618700142
28107,0.3725772041579035,0.2638015543081543,0.10877564984974925
12203,0.4584239198865115,0.34856240565100327,0.10986151423550822
13218,0.3222983749299539,0.21170171534615026,0.11059665958380363
40230,0.16185848102379172,0.050643642463251905,0.11121483856053982
11341,0.17173524150268335,0.059815502953361376,0.11191973854932197
29212,0.14600946905647616,0.03366361915416503,0.11234584990231114
11100,0.3372902155887231,0.224578314958239,0.11271190063048409
12212,0.2773697828189112,0.16360071010976562,0.1137690727091456
12204,0.4351542127807906,0.3210231112552361,0.1141311015255545
29401,0.1858267716535433,0.0712648226424391,0.11456194901110421
27113,0.384059595884097,0.268607614868128,0.11545198101596899
29210,0.3307107264621033,0.21506109022757353,0.11564963623452978
27341,0.2234722222222222,0.10726955495645753,0.11620266726576468
04401,0.1617304492512479,0.04524303698836033,0.11648741226288759
14102,0.5101306553985963,0.39320685929554666,0.1169237961030496
27109,0.4817326624371035,0.36428979968659086,0.11744286275051263
14363,0.2209147845891061,0.10305520633761528,0.11785957825149082
14135,0.5352676532605211,0.4171093581949755,0.11815829506554554
27321,0.25710401087695445,0.1385517732237087,0.11855223765324574
27225,0.326,0.2064270084558861,0.11957299154411391
12105,0.2644312180400704,0.14309298308641705,0.12133823495365337
14137,0.485354576774805,0.36355008742972045,0.12180448934508453
27119,0.46740918589658087,0.3453354338237588,0.12207375207282206
28214,0.34457974637608113,0.2205293463909135,0.12405039998516762
13219,0.4715943962641761,0.3465025301497187,0.12509186611445738
12221,0.3431476017144457,0.2171774339945098,0.12597016771993588
29425,0.3347170832957314,0.2082831048262045,0.12643397846952692
14116,0.42082003437269827,0.29420917050801504,0.12661086386468323
12224,0.3900027523130015,0.26226612508786223,0.1277366272251393
14117,0.44980971506410705,0.32078666172693654,0.1290230533371705
11208,0.35057661498536946,0.22047404380534338,0.13010257118002608
28101,0.4789250622021676,0.3480780216052666,0.130847040596901
26343,0.19340878828229027,0.06243296155195531,0.13097582673033498
13308,0.15958549222797927,0.02789871580748909,0.13168677642049018
14210,0.19642650630276395,0.06410114396653772,0.13232536233622622
27125,0.39195038439175656,0.25915981235246627,0.1327905720392903
12322,0.25077978789769184,0.11396660174997443,0.13681318614771742
14103,0.5034692635423007,0.36463610514287226,0.13883315839942845
12232,0.2894249245127642,0.14967648954580703,0.13974843496695716
12220,0.4341072115493404,0.2921718529212643,0.1419353586280761
25201,0.23030183367620552,0.08780566655367808,0.14249616712252744
28109,0.2567918216775565,0.1123619765231835,0.144429845154373
27221,0.3139465689498575,0.16833608928572744,0.14561047966413007
01303,0.17046379170056958,0.021868814096073653,0.14859497760449591
14383,0.27534246575342464,0.12563191173108545,0.14971055402233918
27111,0.44803534061846084,0.2976253870247339,0.15040995359372694
11442,0.2824890912540315,0.13190986601819235,0.15057922523583914
27100,0.39266694572502264,0.24073190573896508,0.15193503998605756
29209,0.3829857390157448,0.2285345302291028,0.15445120878664198
11246,0.298941901476687,0.14265859834469696,0.15628330313199001
13101,0.521232647288697,0.36121944448328114,0.16001320280541587
14133,0.5960976884298537,0.4350283270643582,0.1610693613654955
27104,0.32980809906549247,0.16815141418712762,0.16165668487836485
27362,0.2554112554112554,0.09069925514154446,0.16471200026971095
26303,0.2961258151131569,0.1273017745596255,0.1688240405535314
12222,0.38638171693064294,0.21583030025264566,0.17055141667799728
28102,0.42067721570878086,0.24957863994340673,0.17109857576537413
12231,0.276347912442587,0.10444077692240304,0.17190713552018394
29201,0.24091053400215887,0.06828118562242677,0.1726293483797321
27366,0.26060500695410294,0.0836103742621747,0.17699463269192822
14208,0.4198243616848268,0.24095955890336296,0.17886480278146383
14109,0.52562296009924,0.3430733356664757,0.18254962443276435
14100,0.4084627866109914,0.21506358226508723,0.19339920434590416
28110,0.4116711234471787,0.21405967154755637,0.19761145189962234
13225,0.46822829346619754,0.2699577487261411,0.19827054474005645
14130,0.45849626307079444,0.25097923685961776,0.20751702621117668
29343,0.34283387622149836,0.12256882125352225,0.2202650549679761
29342,0.3447776900815575,0.1119868516442017,0.23279083843735582
13100,0.5204319617899702,0.25446978006863324,0.26596218172133695
27301,0.4454834993562377,0.16183943788081936,0.2836440614754183
