code,observed,group_oof_prediction,residual
01100,0.21539710987845476,0.15841490682049064,0.056982203057964115
01202,0.02057354882179744,0.02395990942558062,-0.003386360603783181
01203,0.06267403314917128,0.07014715114831492,-0.007473117999143644
01204,0.005573106853211888,0.032124260804776074,-0.026551153951564186
01205,0.011764383261119947,0.08626639032303818,-0.07450200706191823
01206,0.002286890400777543,0.05278193527641896,-0.050495044875641416
01207,0.0025141764022682243,0.02282411751278924,-0.020309941110521014
01208,0.00448217457760152,0.018901833005736418,-0.014419658428134897
01209,0.0029906542056074765,0.017306286159477414,-0.014315631953869938
01210,0.04967648303803592,0.024384985747593332,0.02529149729044259
01211,0.004844419601267002,0.03506386275498053,-0.030219443153713527
01212,0.0016256638127235287,0.044778198435524816,-0.04315253462280129
01213,0.017105871474803514,0.05294584679492206,-0.03583997532011854
01214,0.0013596633214632567,0.015483362349891026,-0.01412369902842777
01215,0.04334987006850933,0.007151962837918399,0.03619790723059093
01216,0.014011951370286421,0.02390953796650297,-0.009897586596216548
01217,0.13504450569708035,0.11435225123582551,0.020692254461254833
01218,0.01474010861132661,0.03221635650660222,-0.01747624789527561
01219,0.0005474652359575167,0.009693833513001585,-0.009146368277044068
01220,0.007904626150058313,0.011664906867933374,-0.003760280717875061
01221,0.0046955705118171855,0.011318128798944338,-0.0066225582871271525
01222,0.0061468780329990294,0.0229430969362292,-0.016796218903230173
01223,0.0021571937722753703,0.010377923063172319,-0.008220729290896948
01224,0.060448318301959125,0.10662210069894451,-0.046173782396985386
01225,0.013826169370574789,0.019436870833174233,-0.005610701462599444
01226,0.025345937799698588,0.037320663877400725,-0.011974726077702138
01227,0.012195121951219513,0.055794540734693115,-0.043599418783473606
01228,0.02546709508508866,0.006691543896793606,0.018775551188295055
01229,0.008327024981074944,0.012438301207770362,-0.004111276226695418
01230,0.018295946669261837,0.06050652103693824,-0.042210574367676404
01231,0.12133286110619208,0.07974115249451093,0.041591708611681155
01233,0.01937740468695348,0.012092795589270962,0.007284609097682519
01234,0.09433820772403449,0.1681455414401885,-0.07380733371615401
01235,0.010278938838181352,0.07733251796342774,-0.0670535791252464
01236,0.022582228767795778,0.04031148025784174,-0.01772925149004596
01303,0.17046379170056958,0.047268969980988965,0.12319482171958061
01304,0.015194681861348529,0.03364685204528266,-0.01845217018393413
01331,0.0029548332629801602,0.024057466333677106,-0.021102633070696947
01332,0.00357653791130186,0.02251497475799403,-0.01893843684669217
01333,0.008365867261572783,0.018371203887248833,-0.01000533662567605
01334,0.017409470752089137,0.024017903028473682,-0.006608432276384545
01337,0.0272608125819135,0.029613810859823557,-0.002352998277910058
01343,0.035391566265060244,0.023089386935160397,0.012302179329899847
01345,0.027671913835956918,0.030276756310917897,-0.00260484247496098
01346,0.008008153756552125,0.010195826255660817,-0.0021876724991086918
01347,0.011353711790393014,0.009189575763447227,0.0021641360269457864
01361,0.0011994002998500749,0.018469904309033724,-0.01727050400918365
01362,0.0011229646266142617,0.024827960500010585,-0.023704995873396324
01363,0.0021008403361344537,0.01604093374806878,-0.013940093411934328
01364,0.00332667997338656,0.01770395386955425,-0.01437727389616769
01367,0.0009115770282588879,0.011196128858559876,-0.010284551830300987
01370,0.0014970059880239522,0.015303820978599537,-0.013806814990575586
01371,0.0017780938833570413,0.005904254626999603,-0.004126160743642561
01391,0.005649717514124294,0.008337100808052,-0.0026873832939277066
01392,0.002325581395348837,0.014442319598080261,-0.012116738202731424
01393,0.023450586264656615,0.006066589281038842,0.017383996983617773
01394,0.028002154011847066,0.008830963620259369,0.019171190391587697
01395,0.022306597057427623,0.011365422209513074,0.010941174847914549
01396,0.0011682242990654205,0.009181284230002168,-0.008013059930936747
01397,0.003036437246963563,0.02100922212708979,-0.017972784880126227
01398,0.001184834123222749,0.014007097810554495,-0.012822263687331746
01399,0.0038255547054322878,0.022683029655731116,-0.01885747495029883
01400,0.007039337474120083,0.03194840847485359,-0.02490907100073351
01401,0.0027821939586645467,0.010045635057350864,-0.007263441098686318
01402,0.0011252813203300824,0.04815929228586912,-0.04703401096553904
01403,0.0026954177897574125,0.02689141451624214,-0.02419599672648473
01404,0.003003003003003003,0.011262813543341695,-0.008259810540338692
01405,0.0030349013657056147,0.003596106504225427,-0.0005612051385198123
01406,0.0026109660574412533,0.013251627549071651,-0.010640661491630399
01407,0.05184534270650264,0.014719299043167204,0.03712604366333543
01408,0.03134669716130768,0.02106849424758287,0.010278202913724811
01409,0.007104795737122558,0.012711054353191933,-0.0056062586160693755
01423,0.007429420505200594,0.04143646938052556,-0.03400704887532496
01424,0.05141269106067624,0.01614117282273425,0.03527151823794199
01425,0.010466222645099905,0.04927580292921378,-0.03880958028411388
01427,0.03397260273972603,0.012347452604463585,0.021625150135262443
01428,0.012801575578532743,0.016539395482806724,-0.00373781990427398
01429,0.014890939597315436,0.01777057752660316,-0.002879637929287724
01430,0.012302284710017574,0.026636413412491212,-0.014334128702473638
01431,0.02120141342756184,0.010158413191859283,0.011043000235702555
01432,0.010865191146881288,0.027918823128836007,-0.01705363198195472
01433,0.02720348204570185,0.02268929203383248,0.004514190011869371
01434,0.0282021151586369,0.02078097323484751,0.007421141923789388
01436,0.005611672278338945,0.030962684215033273,-0.02535101193669433
01437,0.005110732538330494,0.015401117187033651,-0.010290384648703157
01438,0.03466204506065858,0.01933957490254467,0.015322470158113909
01452,0.001387443635102324,0.04766113065345946,-0.046273687018357136
01453,0.002802932298404485,0.053152153095352206,-0.05034922079694772
01454,0.02825077399380805,0.010431611574474371,0.01781916241933368
01455,0.03409881697981907,0.014417680662950474,0.019681136316868596
01456,0.032432432432432434,0.01628915872591921,0.016143273706513223
01457,0.014823965410747375,0.016945185861263194,-0.002121220450515819
01458,0.004367934224049332,0.027215311357200622,-0.02284737713315129
01459,0.031057563587684068,0.021218112151742123,0.009839451435941945
01460,0.020236425566018835,0.027817583716153345,-0.00758115815013451
01461,0.045636052481460354,0.012133636928689469,0.033502415552770885
01462,0.0158311345646438,0.007442917847925237,0.008388216716718563
01463,0.0050062578222778474,0.02012885481731464,-0.015122596995036795
01464,0.030352748154224774,0.017843963855474106,0.012508784298750669
01465,0.02336448598130841,0.01636732283765078,0.006997163143657632
01468,0.000774593338497289,0.007445833317104217,-0.006671239978606928
01469,0.008830022075055188,0.013427544570074654,-0.004597522495019466
01470,0.012755102040816327,0.03600883837806216,-0.023253736337245832
01471,0.0014044943820224719,-0.0013788489855626335,0.0027833433675851053
01472,0.011986301369863013,0.00687332708010345,0.005112974289759563
01481,0.0005841121495327102,0.014682057531800005,-0.014097945382267295
01482,0.0007686395080707148,0.013134681958933678,-0.012366042450862962
01483,0.0015885623510722795,0.016402406245205198,-0.014813843894132919
01484,0.0003505082369435682,0.0060472586833118375,-0.005696750446368269
01485,0.0,0.006675510797271092,-0.006675510797271092
01486,0.0,0.010764569670628908,-0.010764569670628908
01487,0.002204261572373255,0.006296881940519333,-0.004092620368146078
01511,0.003117692907248636,0.009364637326561828,-0.006246944419313193
01512,0.0005927682276229994,0.0044675437066403895,-0.00387477547901739
01513,0.001321003963011889,0.007094166962048745,-0.005773162999036856
01514,0.0008880994671403197,0.008018373423811093,-0.007130273956670773
01516,0.007234279354479688,0.008850710614242446,-0.001616431259762758
01517,0.0,0.0010221148580101258,-0.0010221148580101258
01518,0.001088139281828074,-0.0015340753585050965,0.0026222146403331705
01519,0.0018165304268846503,0.0005074316294102488,0.0013090987974744015
01520,0.0,0.006978868322567611,-0.006978868322567611
01543,0.01602229188436085,0.012489647808028415,0.003532644076332435
01544,0.0,0.012496557457033798,-0.012496557457033798
01545,0.00895583146753511,0.011554667786213176,-0.002598836318678065
01546,0.02125984251968504,0.016512345111391886,0.004747497408293153
01547,0.0042997542997543,0.008897234815540625,-0.004597480515786325
01549,0.0,0.02367630607400783,-0.02367630607400783
01550,0.0029239766081871343,0.011041250585749347,-0.008117273977562213
01552,0.001987083954297069,0.010486793803537106,-0.008499709849240037
01555,0.004817618719889883,0.011878808191562923,-0.00706118947167304
01559,0.002119285498032092,0.015148151798862461,-0.01302886630083037
01560,0.0,0.007515117491222134,-0.007515117491222134
01561,0.0006337135614702154,0.004426798764666298,-0.0037930852031960826
01562,0.0020876826722338203,0.019298742797455748,-0.017211060125221927
01563,0.0014627011214041932,0.011360546558059972,-0.00989784543665578
01564,0.01435602953240361,0.010986529279966552,0.0033695002524370583
01571,0.036340038935756006,0.007828533490095699,0.028511505445660307
01575,0.00847457627118644,0.00943769485708032,-0.0009631185858938792
01578,0.03616858237547893,0.026538157927879995,0.009630424447598936
01581,0.007838745800671893,0.011179461439615256,-0.003340715638943363
01584,0.020443420673769076,0.011946972297815002,0.008496448375954074
01585,0.032383808095952024,0.01067373563709613,0.021710072458855895
01586,0.009664753850800362,0.010711615987924444,-0.001046862137124082
01601,0.005400192864030858,0.013135981755925202,-0.007735788891894344
01602,0.004155124653739612,0.005693347512523886,-0.0015382228587842734
01604,0.0034453057708871662,0.007024908716236233,-0.003579602945349067
01607,0.0014052344985069384,0.019251129349736787,-0.017845894851229848
01608,0.0,0.01567018527421441,-0.01567018527421441
01609,0.0006389776357827476,0.00893749911874818,-0.008298521482965431
01610,0.0018472237313919375,0.0069417256426650975,-0.00509450191127316
01631,0.0018668012108980828,0.018121914639511842,-0.01625511342861376
01632,0.0008853474988933156,0.008579926927973783,-0.007694579429080467
01633,0.001971414489896501,0.005026360629981505,-0.003054946140085004
01634,0.002139495079161318,0.0146563185038057,-0.012516823424644382
01635,0.016599040944300997,0.0014523418472175975,0.0151466990970834
01636,0.01660862577015805,0.01232200336704281,0.0042866224031152395
01637,0.011742892459826947,0.022622358515425572,-0.010879466055598625
01638,0.001095890410958904,0.01276226233349416,-0.011666371922535255
01639,0.0016764459346186086,0.007227069656095722,-0.0055506237214771135
01641,0.0003901677721420211,0.008970296977028447,-0.008580129204886426
01642,0.0014154281670205238,0.008067090277588618,-0.006651662110568094
01643,0.011052457934675025,0.02117801396376453,-0.010125556029089504
01644,0.013513513513513514,0.01360771569845616,-9.42021849426461e-05
01645,0.0156794425087108,0.019593186250224527,-0.003913743741513726
01646,0.0014316392269148174,0.008235511694443073,-0.006803872467528256
01647,0.001091703056768559,0.003907985717727269,-0.0028162826609587103
01648,0.0009852216748768472,0.010413560969947874,-0.009428339295071027
01649,0.013498312710911136,0.01027910899583264,0.003219203715078495
01661,0.0029653284671532845,0.05109917055513548,-0.048133842087982194
01662,0.012565971349585323,0.00925366327902366,0.0033123080705616623
01663,0.006394490900147565,0.0163311299119879,-0.009936639011840337
01664,0.013056578506863073,0.007492931569664629,0.005563646937198444
01665,0.012426648256817397,0.021304561065582185,-0.008877912808764788
01667,0.0,0.018374445621523114,-0.018374445621523114
01668,0.00591016548463357,0.024679697359212723,-0.01876953187457915
01691,0.0010676156583629894,0.017450923245740102,-0.016383307587377112
01692,0.001457226127207269,0.008859153805134856,-0.007401927677927587
01693,0.00043084877208099956,0.009830881860459696,-0.009400033088378697
01694,0.0009037505648441031,0.018792308715587826,-0.017888558150743722
02201,0.01797040991835877,0.04333973631504258,-0.02536932639668381
02202,0.010751446569929308,0.0012962556331354153,0.009455190936793893
02203,0.010445274025526686,0.05923036533290866,-0.04878509130738197
02204,0.01715162840363054,0.021071284368044924,-0.003919655964414383
02205,0.008843169103049992,0.024575876216190125,-0.015732707113140135
02206,0.0017508128774073677,0.00869913394400345,-0.0069483210665960814
02207,0.0076636508781266635,0.014615874158634745,-0.006952223280508082
02208,0.002415953482658368,0.017425796669189288,-0.01500984318653092
02209,0.011562178828365879,0.025104014555097566,-0.013541835726731687
02210,0.02920818437666388,0.027244488441758745,0.001963695934905134
02301,0.04956413449564134,0.024468008226714286,0.025096126268927058
02303,0.025252525252525252,0.014132036347780305,0.011120488904744947
02304,0.0580168776371308,0.028615571503987934,0.029401306133142867
02307,0.026955602536997886,0.019756085432461643,0.007199517104536243
02321,0.028891509433962265,0.026729861463808943,0.0021616479701533214
02323,0.033820138355111454,0.01916749956807884,0.014652638787032615
02343,0.0017513134851138354,0.010320928527238551,-0.008569615042124716
02361,0.03285954455142901,0.0325150139841675,0.0003445305672615112
02362,0.04497792494481236,0.03644643020941381,0.008531494735398555
02367,0.019302615193026153,0.026499155261295877,-0.0071965400682697245
02381,0.023898586866167915,0.02477428760211181,-0.0008757007359438962
02384,0.023170993349066724,0.025068090803099234,-0.0018970974540325099
02387,0.015219842164599774,0.02697049892412419,-0.011750656759524416
02401,0.02472382956338769,0.03039587093818457,-0.00567204137479688
02402,0.005949585094723657,0.020882947978744945,-0.014933362884021289
02405,0.0037974683544303796,0.022835274767844763,-0.019037806413414383
02406,0.030837004405286344,0.01576719506242437,0.015069809342861975
02408,0.028848860118209963,0.02000855753050909,0.008840302587700872
02411,0.0016534391534391533,0.013160663049387879,-0.011507223895948725
02412,0.011020881670533642,0.018317240472206786,-0.007296358801673144
02423,0.0014727540500736377,0.006006281930406691,-0.004533527880333054
02424,0.0018552875695732839,0.011651649221740466,-0.009796361652167183
02425,0.0,0.01453598711087132,-0.01453598711087132
02426,0.0028368794326241137,0.003602406346668162,-0.0007655269140440482
02441,0.018923713778829097,0.020369179408052496,-0.001445465629223399
02442,0.0028204766605556338,0.0219173370122523,-0.019096860351696665
02443,0.00354251012145749,0.0213552687237109,-0.017812758602253412
02445,0.023932820153953815,0.024236580412776695,-0.00030376025882287994
02446,0.012078362056267491,0.03198038053153021,-0.01990201847526272
02450,0.00129366106080207,0.017044921589789964,-0.015751260528987895
03201,0.02563080644274641,0.010259337647887903,0.015371468794858508
03202,0.007333869957964404,0.012262973474708644,-0.00492910351674424
03203,0.005257687840068472,0.02535318132165687,-0.0200954934815884
03205,0.027401849122336862,0.012893590256124951,0.01450825886621191
03206,0.022869302273490873,0.018435287951405956,0.004434014322084918
03207,0.006052021632758177,0.022236097990757313,-0.016184076357999136
03208,0.01641380534114098,0.017872977617498606,-0.001459172276357626
03209,0.017220879837379664,0.012787691397395932,0.004433188439983731
03210,0.004671260072404531,0.02943555610117038,-0.02476429602876585
03211,0.003843197540353574,0.022953570368707182,-0.01911037282835361
03213,0.017823799015447294,0.017974754879114083,-0.00015095586366678862
03214,0.026242161119150988,0.019256754305137284,0.006985406814013703
03215,0.015391038657886246,0.012489718780263372,0.002901319877622875
03216,0.028959092750101254,0.060353077255348574,-0.031393984505247316
03301,0.04120102329338898,0.02355638297704407,0.01764464031634491
03302,0.0014655593551538837,0.01727330768557786,-0.015807748330423976
03303,0.04438095238095238,0.02825387835713772,0.016127074023814664
03321,0.061309712116418856,0.026700886415322547,0.03460882570109631
03322,0.049204439096135845,0.046313153208823746,0.002891285887312099
03366,0.007958801498127341,0.021439682415938098,-0.013480880917810757
03381,0.025611766197540256,0.022305520311637433,0.0033062458859028226
03402,0.028194361127774445,0.024978930172707373,0.0032154309550670723
03441,0.004074241738343142,0.030474593153807572,-0.02640035141546443
03461,0.0075096407550233404,0.028963009064360327,-0.021453368309336987
03482,0.02227488151658768,0.030018377327454777,-0.007743495810867099
03483,0.006017505470459519,0.019176070283792493,-0.013158564813332975
03484,0.014570552147239263,0.018820348857618067,-0.0042497967103788045
03485,0.031569173630454965,0.025354815083077575,0.00621435854737739
03501,0.0014112334180073384,0.020995534509866354,-0.019584301091859015
03503,0.02079722703639515,0.03366106171647932,-0.01286383468008417
03506,0.0027906976744186047,0.025260021396063634,-0.022469323721645028
03507,0.034870992963252544,0.040967980161836046,-0.006096987198583502
03524,0.02913800080938891,0.02499077896742611,0.004147221841962801
04100,0.1599282348938823,0.1565778860202441,0.0033503488736381926
04202,0.03435235292256084,0.03578395229914967,-0.0014315993765888282
04203,0.13772506186534686,0.21276207745927067,-0.07503701559392381
04205,0.009111867383906028,0.029038654843145426,-0.019926787459239398
04206,0.06310013717421124,0.028970800598083324,0.03412933657612792
04207,0.1149579291494721,0.08389876869288918,0.031059160456582927
04208,0.03240058910162003,0.03238964516963881,1.0943931981220734e-05
04209,0.15651106488901012,0.2011431453487912,-0.04463208045978109
04211,0.12422062350119904,0.08067732118696692,0.04354330231423212
04212,0.011995386389850057,0.01796568953053341,-0.005970303140683352
04213,0.0135931289040318,0.022479605820599012,-0.008886476916567212
04214,0.07432928551256707,0.0332515839293212,0.04107770158324587
04215,0.03761263123088369,0.02148376746804715,0.016128863762836537
04216,0.013692022263450836,0.11935150949265283,-0.10565948722920199
04301,0.023823704586063133,0.021633976070948864,0.002189728515114269
04302,0.0,0.014162986689531719,-0.014162986689531719
04321,0.08492400141392718,0.0273109454006836,0.05761305601324358
04322,0.013628966639544346,0.03450585954853222,-0.020876892908987872
04323,0.09606226637308618,0.06641028466168665,0.02965198171139953
04324,0.003668378576669112,0.022998384684844123,-0.01933000610817501
04341,0.02021193092621664,0.024065106456696815,-0.003853175530480174
04361,0.10241966457559852,0.031722808808126064,0.07069685576747245
04362,0.08413369189396849,0.033854289051151044,0.05027940284281745
04401,0.1617304492512479,0.07776198082614429,0.08396846842510362
04404,0.016408386508659983,0.1322632671643616,-0.11585488065570161
04406,0.06298090624109433,0.095501236089698,-0.032520329848603674
04421,0.005474836807749,0.019992660065495577,-0.014517823257746577
04422,0.013658820110433014,0.031154549452043725,-0.017495729341610713
04424,0.0025334781035106766,0.017788693099670655,-0.015255214996159979
04444,0.0038910505836575876,0.01810843955498541,-0.014217388971327821
04445,0.004371903235208394,0.018870131551156646,-0.014498228315948252
04501,0.042169550676166935,0.021759406223400918,0.020410144452766017
04505,0.06766304347826087,0.02890582392842695,0.03875721954983392
04581,0.04279782816991377,0.021497405740184383,0.021300422429729383
04606,0.011028712683019585,0.025565990828569175,-0.01453727814554959
05201,0.016316727570521158,0.08119058666744478,-0.06487385909692361
05202,0.012784156942959417,0.026763316085125305,-0.013979159142165888
05203,0.008830839194119824,0.02112378724258289,-0.012292948048463065
05204,0.009515435103476431,0.016981078247158707,-0.007465643143682275
05206,0.03379681315335431,0.03693402260712419,-0.0031372094537698778
05207,0.008431340959132163,0.028321081382926487,-0.019889740423794322
05209,0.013272658323852863,0.019435871989051258,-0.006163213665198395
05210,0.01451194932335157,0.014188771670474255,0.00032317765287731386
05211,0.052840158520475564,0.05558117704263274,-0.0027410185221571765
05212,0.02066590126291619,0.024476241458104224,-0.0038103401951880347
05213,0.018889745566692366,0.021851734760683014,-0.002961989193990648
05214,0.02296392711044998,0.027922911799396183,-0.004958984688946202
05215,0.01730135481508605,0.02069950526297338,-0.0033981504478873305
05303,0.004217432052483599,0.021487847770813376,-0.017270415718329775
05327,0.0012658227848101266,0.043748593694696185,-0.04248277090988606
05346,0.010342084327764518,0.026798676027068126,-0.016456591699303608
05348,0.02394822006472492,0.027362196426947108,-0.003413976362222189
05349,0.017894736842105262,0.023041568068323817,-0.005146831226218555
05361,0.022663682148852827,0.04001273929504707,-0.017349057146194242
05363,0.05892047795632468,0.06326546814986944,-0.0043449901935447635
05366,0.05184829572731637,0.0412174818008758,0.010630813926440566
05368,0.013064133016627079,0.028020774104273137,-0.014956641087646058
05434,0.008420303605313094,0.02617421615511542,-0.017753912549802325
05463,0.0030312699425654116,0.02199070091397058,-0.01895943097140517
05464,0.004663557628247834,0.026928306446417534,-0.0222647488181697
06201,0.013750948486636877,0.05142786374010345,-0.03767691525346657
06202,0.01004926591338023,0.026130192520153216,-0.016080926606772985
06203,0.005621937591334995,0.01809342729852098,-0.012471489707185986
06204,0.004479069372505732,0.02456327773802687,-0.02008420836552114
06205,0.01245353159851301,0.028730506498149885,-0.016276974899636875
06206,0.029156736473809643,0.032761879341557935,-0.003605142867748292
06207,0.029228666869116307,0.031517719679554496,-0.0022890528104381885
06208,0.02912142152023692,0.018784911521936655,0.010336509998300266
06209,0.014008872285780995,0.020987514904583233,-0.006978642618802239
06210,0.03323624595469256,0.03480321861284424,-0.0015669726581516788
06211,0.027989047763918466,0.020830690787380528,0.0071583569765379385
06212,0.02282453637660485,0.01947488440939446,0.0033496519672103903
06213,0.034173282706247844,0.026394330371465727,0.007778952334782117
06301,0.03474500447360573,0.03808813779007254,-0.003343133316466816
06302,0.0410641989589358,0.04285236959011038,-0.0017881706311745765
06321,0.011077664057796508,0.03190482943495925,-0.020827165377162744
06322,0.013642564802182811,0.029273496394007635,-0.015630931591824826
06323,0.01114099116404149,0.022464672897596474,-0.011323681733554984
06324,0.024466571834992887,0.023343438891055786,0.001123132943937101
06341,0.04688038607376767,0.021679854223697816,0.025200531850069853
06361,0.002900953170327393,0.015020413239281036,-0.012119460068953643
06362,0.027229786051681023,0.020169622176161493,0.00706016387551953
06363,0.019787644787644786,0.03108696025685704,-0.011299315469212253
06364,0.02294154619736015,0.026922334877456315,-0.003980788680096166
06365,0.007633587786259542,0.017967753195132517,-0.010334165408872976
06366,0.011143695014662757,0.02162640243495361,-0.010482707420290853
06367,0.0164021164021164,0.025252089183558705,-0.008849972781442304
06381,0.020333239197966677,0.019832751667908786,0.0005004875300578908
06382,0.023009950248756218,0.019154762283827308,0.0038551879649289106
06401,0.022280856053943126,0.024928099855089574,-0.0026472438011464483
06402,0.016578249336870028,0.022162852320302906,-0.005584602983432878
06403,0.02637577336372517,0.017263694855088017,0.009112078508637152
06426,0.002044989775051125,0.02190338461925257,-0.019858394844201446
06428,0.02053366687513029,0.021012492317498528,-0.00047882544236823796
06461,0.015273876404494381,0.023409104701135046,-0.008135228296640665
07201,0.04226073919960837,0.03694115418777364,0.005319585011834729
07202,0.009524338947875554,0.026266554804421464,-0.01674221585654591
07203,0.014884536838246845,0.040695907988296164,-0.02581137115004932
07204,0.020549601095978726,0.042978758015187565,-0.02242915691920884
07205,0.021362772859242266,0.02423843809459842,-0.002875665235356154
07207,0.020566223820850497,0.022141609744065677,-0.00157538592321518
07208,0.014416775884665793,0.018485927019662715,-0.004069151134996922
07209,0.022945603622345958,0.022527766960211235,0.00041783666213472334
07210,0.03973379538473655,0.02182524049344632,0.01790855489129023
07211,0.037783844149398185,0.02115538253240235,0.016628461616995834
07212,0.015799147471745337,0.0355785539557091,-0.019779406483963764
07213,0.04140592797991532,0.02396013733918837,0.017445790640726946
07214,0.04390015391822258,0.024443929033648504,0.019456224884574075
07301,0.06009984639016897,0.028613938478663753,0.03148590791150522
07303,0.08202396804260985,0.028120328879791545,0.053903639162818304
07308,0.004174573055028463,0.02682142053230603,-0.02264684747727757
07322,0.022822543083372147,0.0070716176137815,0.015750925469590647
07342,0.04431034482758621,0.015404345998070716,0.028905998829515493
07344,0.00823045267489712,0.018810013659166014,-0.010579560984268894
07362,0.03533240353324035,0.02388653201116709,0.011445871522073263
07364,0.0,0.015995643251843578,-0.015995643251843578
07367,0.0,0.015128463296328103,-0.015128463296328103
07368,0.017772884554891476,0.014908451039411443,0.0028644335154800332
07402,0.007698887938408896,0.017773821201073098,-0.0100749332626642
07405,0.031512605042016806,0.021717758552908098,0.009794846489108708
07407,0.046610169491525424,0.017180185064635672,0.029429984426889752
07408,0.03624298111281266,0.026418261525457523,0.00982471958735514
07421,0.0191784743094318,0.023961138384858097,-0.004782664075426296
07422,0.013748191027496382,0.017504257288781043,-0.003756066261284661
07423,0.035101404056162244,0.0163889462407103,0.018712457815451944
07444,0.05128205128205128,0.013126304065450185,0.038155747216601095
07445,0.0076103500761035,0.0073280402107762516,0.0002823098653272488
07446,0.0,0.003021001308258449,-0.003021001308258449
07447,0.017907634307257305,0.018657847769286307,-0.0007502134620290014
07461,0.016800874838453127,0.025699029573329618,-0.008898154734876491
07464,0.03795202291442893,0.026934883850447802,0.011017139063981128
07465,0.013125512715340444,0.015099158221199248,-0.001973645505858804
07466,0.035064417585336696,0.022127246028538543,0.012937171556798154
07481,0.015497683335996165,0.025423474882672915,-0.00992579154667675
07482,0.028428093645484948,0.01761465595562829,0.010813437689856657
07483,0.02137571937517128,0.01975586445031493,0.0016198549248563517
07484,0.012363636363636363,0.014785747343511853,-0.0024221109798754897
07501,0.01578716561906154,0.02418942924566734,-0.008402263626605799
07502,0.033693163231926726,0.015676858029092466,0.01801630520283426
07503,0.004706734250543085,0.017363215775766133,-0.012656481525223048
07504,0.04098073555166375,0.02181432301157829,0.019166412540085456
07505,0.005529953917050691,0.018780741937366452,-0.01325078802031576
07521,0.03429887286389528,0.023980809970627827,0.010318062893267456
07522,0.03172381618847679,0.025863059420086383,0.0058607567683904085
07541,0.015671641791044775,0.026270585895276005,-0.01059894410423123
07542,0.023687580025608196,0.02515804738320073,-0.001470467357592535
07543,0.009523809523809525,0.027275848101713483,-0.01775203857790396
07544,0.0025412960609911056,0.009197256400758233,-0.0066559603397671275
07545,0.010810810810810811,0.033158173499567706,-0.022347362688756894
07547,0.004188481675392671,0.0028974061063312406,0.00129107556906143
07548,0.010869565217391304,0.007629406597185737,0.0032401586202055674
07561,0.046031746031746035,0.023964497778693118,0.022067248253052917
07564,0.0,0.021933590230846234,-0.021933590230846234
08201,0.03610587931883367,0.09617924314543128,-0.06007336382659761
08202,0.07171755278323425,0.05960324398398864,0.012114308799245604
08203,0.061356859610832745,0.0774929189779119,-0.016136059367079153
08204,0.0634126615644985,0.03014803039157104,0.03326463117292746
08205,0.042587837414667755,0.03575434592743554,0.006833491487232217
08207,0.04208704461986576,0.05129851194053918,-0.00921146732067342
08208,0.09747559552608362,0.11653609778148626,-0.019060502255402637
08210,0.020663377460798202,0.03147980706594533,-0.01081642960514713
08211,0.037534785854883596,0.04158610016102748,-0.004051314306143881
08212,0.019702434625789,0.033518707426982035,-0.013816272801193036
08214,0.061203152645970725,0.05371956967146205,0.007483582974508678
08215,0.05472483428395252,0.04463597723202464,0.010088857051927878
08216,0.05770845830833833,0.04277013943152074,0.01493831887681759
08217,0.23690129663932258,0.19991847391543444,0.03698282272388814
08219,0.14446533981089693,0.1897613667533543,-0.04529602694245738
08220,0.06276338428546492,0.07782301096921826,-0.015059626683753338
08221,0.05551007260867814,0.12034510129574617,-0.06483502868706803
08222,0.016419635572477564,0.06860216270311287,-0.0521825271306353
08223,0.02134947821237951,0.07064269290181391,-0.0492932146894344
08224,0.237052463936786,0.20536181536109951,0.031690648575686486
08225,0.031829787234042554,0.03112372452735057,0.0007060627066919831
08226,0.041888804265041886,0.06924284959767299,-0.027354045332631104
08227,0.03409214445676516,0.04318024018956687,-0.009088095732801713
08228,0.005554874811093412,0.030699468172632978,-0.025144593361539565
08229,0.010805061023401634,0.032662183299149376,-0.021857122275747744
08230,0.045700448245659234,0.03903515967790949,0.006665288567749741
08231,0.031546266008759774,0.036432236189331973,-0.0048859701805721995
08232,0.009276968058211875,0.055304699313137494,-0.04602773125492562
08233,0.0077480086893555395,0.029992225881420094,-0.022244217192064555
08234,0.017855227882037535,0.0214157200515959,-0.0035604921695583658
08235,0.1476392705470897,0.05687126481412935,0.09076800573296034
08236,0.029296875,0.03621024620366721,-0.00691337120366721
08302,0.00691292507506459,0.036233251664084115,-0.029320326589019525
08309,0.03950991189427313,0.0713503927282347,-0.031840480833961564
08310,0.00530565167243368,0.03138794128379242,-0.026082289611358743
08341,0.07811066126855601,0.12334552716716167,-0.04523486589860566
08364,0.01747269890795632,0.020823917513603428,-0.0033512186056471084
08442,0.008836737650296972,0.05997782347493271,-0.05114108582463574
08443,0.04382718616158676,0.06745739335009032,-0.02363020718850356
08447,0.02851605758582503,0.042254906941524555,-0.013738849355699526
08521,0.008601225674658639,0.027091871371288864,-0.018490645696630226
08542,0.04044772322564233,0.03549075526873287,0.004956967956909461
08546,0.009326776326945905,0.02716942775728755,-0.017842651430341645
08564,0.06426944354051416,0.10215024344925035,-0.03788079990873619
09201,0.026273119158416493,0.05276088541822955,-0.026487766259813056
09202,0.028570598151485205,0.050377032461923085,-0.02180643431043788
09203,0.0490341551069304,0.03738397051870718,0.011650184588223221
09204,0.03095742009541916,0.03676435226840697,-0.005806932172987809
09205,0.024937817670595868,0.03813796912693214,-0.013200151456336271
09206,0.03955383490808674,0.024304010580344468,0.015249824327742273
09208,0.06325955933208181,0.04329542285232071,0.019964136479761106
09209,0.01350879548811602,0.02976585185015919,-0.01625705636204317
09210,0.012987781426585012,0.02192302611595759,-0.008935244689372577
09211,0.03908772411898056,0.04682702658446042,-0.0077393024654798595
09213,0.02902119587027106,0.029927608095403353,-0.0009064122251322936
09214,0.029747427502338636,0.04498639287544989,-0.015238965373111257
09215,0.02574345317354638,0.041868560757745914,-0.016125107584199532
09216,0.07759106426701137,0.067562023348019,0.010029040918992371
09301,0.022523692068025444,0.03383244812146044,-0.011308756053434996
09342,0.01763175643125542,0.029301821146106244,-0.011670064714850825
09343,0.012228260869565218,0.048665294373570485,-0.03643703350400527
09344,0.014334348683031715,0.032072670532289294,-0.01773832184925758
09345,0.00940248710949348,0.029902542072464622,-0.020500054962971144
09361,0.06148784124209552,0.05044777883584836,0.011040062406247157
09364,0.14331877729257642,0.07561189229603608,0.06770688499654033
09384,0.010963026655202063,0.02872213109895025,-0.017759104443748185
09386,0.040339702760084924,0.037353554271712025,0.0029861484883728986
09407,0.021838602329450917,0.03475754916219778,-0.012918946832746865
09411,0.005143277002204262,0.03394281694645262,-0.028799539944248356
10201,0.026362430826511615,0.06430462625903781,-0.03794219543252619
10202,0.04262845297050065,0.0321815452758478,0.010446907694652847
10203,0.02398561680219017,0.041108487805999544,-0.017122871003809374
10204,0.02190530519110097,0.05652964949444766,-0.03462434430334669
10205,0.022232173677778088,0.03985175919051829,-0.0176195855127402
10206,0.024631000605298693,0.025121917013709805,-0.0004909164084111114
10207,0.050399891554832585,0.06294779150145018,-0.012547899946617591
10208,0.032978783274241655,0.03929698796847411,-0.006318204694232457
10209,0.027521466102780983,0.03728053781247009,-0.009759071709689104
10210,0.0239095459420808,0.03899488453615391,-0.015085338594073114
10211,0.03026952842057108,0.03917499040353254,-0.008905461982961462
10212,0.02559894978667542,0.03422295278158437,-0.008624002994908949
10344,0.007545671167593328,0.038151957824478604,-0.030606286656885275
10345,0.02060907167172693,0.06427622797488561,-0.04366715630315868
10366,0.004123711340206186,0.016317896787919166,-0.012194185447712981
10367,0.0,0.026819043556099625,-0.026819043556099625
10382,0.02443609022556391,0.025801883142399284,-0.001365792916835376
10383,0.005964214711729622,0.013220193827425716,-0.007255979115696094
10384,0.02181818181818182,0.025770807826303054,-0.003952626008121234
10421,0.03108735405823604,0.021214746474581492,0.009872607583654547
10424,0.038348082595870206,0.01714059290577575,0.021207489690094457
10425,0.02193623866627669,0.01679840329505615,0.005137835371220541
10426,0.010334137099552188,0.04606825770852783,-0.03573412060897564
10428,0.009351256575102279,0.05037586878676839,-0.04102461221166611
10429,0.03338469440164355,0.01934403337374232,0.014040661027901233
10443,0.00357355568790947,0.017139100036742516,-0.013565544348833046
10444,0.015250544662309368,0.045500642809761974,-0.030250098147452605
10448,0.02545103092783505,0.015985408872983435,0.009465622054851616
10449,0.0381927109335996,0.029903931675917636,0.008288779257681962
10464,0.011614956245027844,0.0716904731255035,-0.06007551688047566
10521,0.07099236641221374,0.04166186685655699,0.029330499555656746
10522,0.07406712919557472,0.04584361257755987,0.02822351661801485
10523,0.014835680751173709,0.03819644625784109,-0.02336076550666738
10524,0.02141641452344932,0.09239916934970283,-0.0709827548262535
10525,0.032093246048219705,0.04505936190312167,-0.012966115854901962
11100,0.3372902155887231,0.2870106388186682,0.0502795767700549
11201,0.22888244948199815,0.1475446404566103,0.08133780902538784
11202,0.09714957453921896,0.06751648232514268,0.029633092214076284
11203,0.31660221965550145,0.3023851421964535,0.014217077459047933
11206,0.07557985244944536,0.074376915182266,0.0012029372671793631
11207,0.055785350854716496,0.04826476044762926,0.0075205904070872395
11208,0.35057661498536946,0.24045837058178626,0.1101182444035832
11209,0.1547921294827039,0.10305185278834121,0.051740276694362694
11210,0.10732047321226736,0.05470098732720215,0.05261948588506521
11211,0.059937846236995,0.04954426216752086,0.010393584069474146
11212,0.1314504141006583,0.12020512442825047,0.01124528967240783
11214,0.27900856909426003,0.19514546593170048,0.08386310316255954
11215,0.19280693054866843,0.19487236667221486,-0.002065436123546427
11216,0.10511385715395974,0.06509148426515929,0.04002237288880045
11217,0.2183465784458269,0.17731557491483113,0.04103100353099576
11218,0.07179571222121243,0.043821363464744016,0.02797434875646842
11219,0.21605208447313712,0.29414072627207777,-0.07808864179894065
11221,0.31344106429513946,0.32165736159893116,-0.008216297303791698
11222,0.3138543128997036,0.2874510767827781,0.02640323611692552
11223,0.42618368178906296,0.40984373027062965,0.016339951518433316
11224,0.36825815914924825,0.34999786299667957,0.01826029615256869
11225,0.2062609670141705,0.22023861827030736,-0.01397765125613687
11227,0.4036200977842505,0.3621789992233884,0.04144109856086209
11228,0.36298258894776686,0.2941139047420895,0.06886868420567738
11229,0.4151757878075687,0.39000046355740875,0.025175324250159947
11230,0.22281831674405306,0.2974746124011679,-0.07465629565711485
11231,0.21863671317148192,0.2582825775558536,-0.039645864384371676
11232,0.20865150743820352,0.1541206963110036,0.0545308111271999
11233,0.2001104685164728,0.22531954749405045,-0.025209078977577654
11234,0.21983190146911596,0.2151623569178508,0.00466954455126517
11235,0.38399890804149445,0.24705270284335937,0.13694620519813508
11237,0.23052143220456542,0.2265082015320497,0.004013230672515716
11238,0.23892650585414021,0.22892980461745158,0.009996701236688638
11239,0.1995845212048885,0.1761375039164748,0.023447017288413696
11240,0.15459873958838305,0.14663735842071868,0.007961381167664372
11241,0.23279869470184403,0.25613950060637847,-0.02334080590453444
11242,0.13242998385000196,0.10200896369831178,0.03042102015169018
11243,0.20262505468863934,0.16111127436748368,0.04151378032115566
11245,0.317191844300278,0.29444444301085604,0.022747401289421987
11246,0.298941901476687,0.19337619653291582,0.10556570494377115
11301,0.18705332600329852,0.13200496191767627,0.05504836408562225
11324,0.23046069218427687,0.14358803980756096,0.0868726523767159
11326,0.13518078318528712,0.11697197634027451,0.01820880684501261
11327,0.13430265926917925,0.09637602757067211,0.03792663169850714
11341,0.17173524150268335,0.037917264367975094,0.13381797713470825
11342,0.12860892388451445,0.0650700295790015,0.06353889430551295
11343,0.1162705129148576,0.1093820033802964,0.006888509534561202
11346,0.023010752688172043,0.047977517426931085,-0.024966764738759042
11347,0.0313777483151033,0.07489750310577936,-0.04351975479067606
11348,0.04399441340782123,0.16839087227766114,-0.12439645886983991
11349,0.04169914263445051,0.05667652779241244,-0.014977385157961931
11361,0.07734375,0.06429264767064284,0.013051102329357162
11362,0.06525285481239804,0.0511574531039299,0.014095401708468139
11363,0.09016134134767478,0.058193702228732276,0.03196763911894251
11365,0.00963020030816641,0.02801911323579597,-0.018388912927629564
11369,0.0297029702970297,0.03767362944588308,-0.007970659148853379
11381,0.026732673267326732,0.05056440659165972,-0.02383173332433299
11383,0.020665159832095575,0.03936421484679966,-0.018699055014704084
11385,0.060153411384739605,0.04125026881071675,0.018903142574022855
11408,0.08022209458165805,0.05660778385721733,0.023614310724440722
11442,0.2824890912540315,0.1856778613863293,0.09681122986770219
11464,0.1875667281374357,0.17929482460648632,0.008271903530949365
11465,0.03740684465668186,0.1210488506027782,-0.08364200594609633
12100,0.2742087069740148,0.24163019476902922,0.03257851220498556
12202,0.043603731815306766,0.05146586406671692,-0.00786213225141015
12203,0.4584239198865115,0.4008693899347604,0.05755452995175109
12204,0.4351542127807906,0.33374536167164454,0.10140885110914605
12205,0.023194748358862146,0.05781085031301653,-0.03461610195415439
12206,0.05561897513952308,0.09414438261461545,-0.03852540747509237
12207,0.41800841391158783,0.34068958672136823,0.0773188271902196
12208,0.17098416369353997,0.14117090606225402,0.02981325763128595
12210,0.09230889888110426,0.08670189488592736,0.0056070039951768985
12211,0.13419499946081678,0.0800105871092812,0.05418441235153558
12212,0.2773697828189112,0.22275486083850946,0.05461492198040177
12213,0.07958464395346193,0.07772367916229897,0.0018609647911629612
12215,0.050351414669309785,0.034903211164816844,0.015448203504492941
12216,0.38006448577755847,0.38952745118864124,-0.009462965411082769
12217,0.3039680166212834,0.22618149049001343,0.07778652613126999
12218,0.059986178299930894,0.045007075203862476,0.014979103096068418
12219,0.09658228567254547,0.05791915438758177,0.038663131284963695
12220,0.4341072115493404,0.2831756080614295,0.1509316034879109
12221,0.3431476017144457,0.23363386396466948,0.10951373774977621
12222,0.38638171693064294,0.2592744227933632,0.12710729413727972
12223,0.023507385063449137,0.03116160594380537,-0.007654220880356232
12224,0.3900027523130015,0.2628580262749263,0.1271447260380752
12225,0.04832658334782717,0.03917172431987449,0.009154859027952676
12226,0.055683242791475136,0.03226717874492309,0.023416064046552047
12227,0.33071051917564204,0.4303053636258701,-0.09959484445022804
12228,0.19775560464112524,0.25312550065196104,-0.055369896010835806
12229,0.10687073920598851,0.06746875131393236,0.03940198789205615
12230,0.09081112852664577,0.058659603101772866,0.03215152542487291
12231,0.276347912442587,0.14029745192757231,0.13605046051501468
12232,0.2894249245127642,0.18050371476892127,0.10892120974384292
12233,0.05709555546122172,0.06204030157914897,-0.004944746117927251
12234,0.03628426250626208,0.017402035986554577,0.0188822265197075
12235,0.04669204798505854,0.03700013264738034,0.0096919153376782
12236,0.049507726819541374,0.04343587422412779,0.006071852595413582
12237,0.0681131812479673,0.046022515475480814,0.02209066577248648
12238,0.08790445771420637,0.0484036336206833,0.03950082409352307
12239,0.13672372973957383,0.11493290440907696,0.02179082533049688
12322,0.25077978789769184,0.14649606073206445,0.1042837271656274
12329,0.14172630665799177,0.14880026690928852,-0.007073960251296751
12342,0.0944967414916727,0.06961269009836231,0.02488405139331039
12347,0.01552895503073439,0.03248069210561189,-0.0169517370748775
12349,0.060185997543428675,0.03636409493843805,0.023821902604990626
12403,0.029169413315754778,0.06924789566254284,-0.04007848234678807
12409,0.026424159231297185,0.031432498133712544,-0.005008338902415359
12410,0.0573873121869783,0.033112006008975174,0.024275306178003123
12421,0.15131056393963463,0.0790361787592767,0.07227438518035793
12422,0.04422351731230716,0.06699528204887396,-0.0227717647365668
12423,0.0781055900621118,0.08959966056747527,-0.011494070505363468
12424,0.024793388429752067,0.04728911278821127,-0.0224957243584592
12426,0.027977044476327116,0.06988918334983851,-0.0419121388735114
12427,0.019007731958762885,0.0614696622956659,-0.042461930336903014
12441,0.019394261424017,0.041702269163069246,-0.022308007739052244
12443,0.09655172413793103,0.08581979683587822,0.010731927302052816
12463,0.06824512534818941,0.030517209428503438,0.037727915919685974
13101,0.521232647288697,0.21155716431823207,0.30967548297046493
13102,0.530087736658091,0.3134707532517506,0.21661698340634034
13103,0.48637709889435615,0.30806227830062416,0.178314820593732
13104,0.5582809649300629,0.3265089573075359,0.23177200762252698
13105,0.5909664885866925,0.33051748766094313,0.2604490009257494
13106,0.5295803854598683,0.36231124424789557,0.16726914121197273
13107,0.5534433344929841,0.36723781498469077,0.18620551950829334
13108,0.49920048233197023,0.31660546408119616,0.18259501825077407
13109,0.6013261988548412,0.3209262656189863,0.2803999332358549
13110,0.5429081524102014,0.3166991704084151,0.2262089820017863
13111,0.5169860188351597,0.36366288553342685,0.15332313330173286
13112,0.5345387676800865,0.3342477282974551,0.20029103938263138
13113,0.5412885608328066,0.32683244842306797,0.21445611240973866
13114,0.5837769461866863,0.29921291435863573,0.28456403182805057
13115,0.5799626996153397,0.3229481873091475,0.25701451230619227
13116,0.6291475441007425,0.31031341082409525,0.3188341332766472
13117,0.5796650586558492,0.3367074821871075,0.24295757646874167
13118,0.5519382537804361,0.3689338282114869,0.18300442556894925
13119,0.5397901264622599,0.3223301432702047,0.21745998319205517
13120,0.49811949143957046,0.32726439800541973,0.17085509343415073
13121,0.40689134489241385,0.3416347623218504,0.06525658257056344
13122,0.46196662414412537,0.33967781892019827,0.1222888052239271
13123,0.4028488393189968,0.3578219041734023,0.04502693514559447
13201,0.2592623711670188,0.2885509660404277,-0.029288594873408902
13202,0.2958390070179114,0.34494187461264514,-0.04910286759473376
13203,0.4667907633551037,0.32923720191179345,0.13755356144331027
13204,0.2827995428126748,0.33745486534154007,-0.05465532252886529
13205,0.19598672831880273,0.13692648949151587,0.059060238827286865
13206,0.3992844304555849,0.4002618490928588,-0.0009774186372738525
13207,0.3209056115162709,0.30959345782696,0.011312153689310878
13208,0.46493076756416063,0.3313079593320316,0.13362280823212902
13209,0.28844130387177064,0.3338960531531155,-0.04545474928134485
13210,0.45926914916965395,0.31626354048255545,0.1430056086870985
13211,0.35233205173875126,0.37077298308222045,-0.01844093134346919
13212,0.4044473367549913,0.36047581516462757,0.043971521590363716
13213,0.3805802195091873,0.3670959802120651,0.013484239297122225
13214,0.4725891080151981,0.3582357560308393,0.11435335198435881
13215,0.4002934660643899,0.33736183135507186,0.06293163470931806
13218,0.3222983749299539,0.26018124147331634,0.06211713345663755
13219,0.4715943962641761,0.31305790446431075,0.15853649179986534
13220,0.28551494660011806,0.31907563709227615,-0.033560690492158096
13221,0.30468599961590165,0.270870831946996,0.03381516766890563
13222,0.2586985005095356,0.3506493657826055,-0.09195086527306995
13223,0.08601437258153675,0.2096260787085756,-0.12361170612703885
13224,0.3647179049158824,0.27942809817898234,0.08528980673690006
13225,0.46822829346619754,0.3080095325875171,0.16021876087868042
13227,0.24411561445587218,0.19116087194672218,0.05295474250915
13228,0.20479574215100643,0.11758281435969098,0.08721292779131545
13229,0.4070617566793572,0.3329305207171792,0.07413123596217797
13303,0.09624606110426086,0.08540774411592655,0.010838316988334304
13305,0.12259615384615384,0.12969186671360944,-0.0070957128674555975
13307,0.013002364066193853,0.025638810680483744,-0.01263644661428989
13308,0.15958549222797927,0.04735350588349685,0.11223198634448242
13361,0.004913294797687861,0.016113770620454645,-0.011200475822766783
13362,0.005405405405405406,-0.0013722655092734959,0.006777670914678902
13363,0.007475083056478406,0.005440526116075199,0.0020345569404032066
13364,0.010570824524312896,-0.003494724762536573,0.01406554928684947
13381,0.0017921146953405018,0.008416014438403022,-0.00662389974306252
13382,0.0,0.012200040443001804,-0.012200040443001804
13401,0.0031857279388340237,0.00874018534052285,-0.005554457401688827
13402,0.0,0.009120426730392879,-0.009120426730392879
13421,0.002592016588906169,0.003236582551225095,-0.0006445659623189261
14100,0.4084627866109914,0.33755043767883375,0.07091234893215764
14130,0.45849626307079444,0.38793436761014627,0.07056189546064817
14150,0.2534487281956791,0.20036646549906764,0.053082262696611454
14201,0.2867988791178749,0.29908777878402915,-0.012288899666154263
14203,0.10375628040513597,0.19111914333510616,-0.08736286292997018
14204,0.3584145338885969,0.2906582169192177,0.06775631696937917
14205,0.3182152220545007,0.3148928239261676,0.003322398128333126
14206,0.21131153744710618,0.12013566271408321,0.09117587473302297
14207,0.22482600569179761,0.28210988733312453,-0.05728388164132692
14208,0.4198243616848268,0.28831031844155564,0.13151404324327115
14210,0.19642650630276395,0.09823298943079264,0.09819351687197131
14211,0.19703719752467874,0.13933357075178834,0.0577036267728904
14212,0.0896372214088173,0.15366332598862298,-0.06402610457980568
14213,0.41102373095694444,0.347442004963543,0.06358172599340145
14214,0.17730286776196308,0.16466789156025236,0.012634976201710724
14215,0.300418064187954,0.24256614284644062,0.0578519213415134
14216,0.3043316962866127,0.3303084646795297,-0.02597676839291696
14217,0.18319630010277493,0.08826234861045222,0.09493395149232271
14218,0.11620702889412797,0.1728979109100095,-0.05669088201588153
14301,0.09517794784159299,0.31453233910452816,-0.21935439126293516
14321,0.16873683758112348,0.1310474600879119,0.03768937749321158
14341,0.21605113636363638,0.24759441834380372,-0.03154328198016734
14342,0.2327205587220037,0.2822588639627635,-0.049538305240759806
14361,0.036438168982008655,0.055112385719598644,-0.01867421673758999
14362,0.16313253012048193,0.06972213315221448,0.09341039696826745
14363,0.2209147845891061,0.073435991319548,0.1474787932695581
14364,0.1441850410722006,0.041463679555350574,0.10272136151685002
14366,0.20006443298969073,0.1180521282871862,0.08201230470250453
14382,0.05603293949158611,0.04421695466372011,0.011815984827866
14383,0.27534246575342464,0.11608356398099744,0.15925890177242719
14384,0.17961706007496708,0.08909861455180676,0.09051844552316032
14401,0.009567174869538524,0.08104691330926943,-0.0714797384397309
14402,0.009259259259259259,0.06318769269192363,-0.053928433432664374
15100,0.0442769702609539,0.024950453141630552,0.01932651711932335
15202,0.01950740298926391,0.030384323899136846,-0.010876920909872936
15204,0.03600245663821767,0.029008520383190795,0.006993936255026874
15205,0.01653253798884118,0.03938937254621147,-0.022856834557370292
15206,0.028387707262521773,0.03271485053314701,-0.004327143270625236
15208,0.023056531656494666,0.026271245666224505,-0.003214714009729839
15209,0.047674612435405904,0.027780296035393254,0.01989431640001265
15210,0.020663101604278075,0.027836704633870078,-0.007173603029592003
15211,0.03590323077713288,0.04846639106825553,-0.01256316029112265
15212,0.032432432432432434,0.018863321810357256,0.013569110622075178
15213,0.04321518987341772,0.04778242773995141,-0.004567237866533687
15216,0.019182652210175146,0.02373055552689033,-0.004547903316715184
15217,0.03550877192982456,0.024745621446832393,0.010763150482992166
15218,0.04063581030783378,0.026249637969370666,0.014386172338463114
15222,0.023767500785031346,0.023710996099170503,5.65046858608427e-05
15223,0.026594650205761315,0.021451515290921347,0.005143134914839968
15224,0.0007472445357743321,0.007015585129519386,-0.006268340593745054
15225,0.032773058617989036,0.017269501921227025,0.015503556696762011
15226,0.036354841110366895,0.023720189370157456,0.012634651740209439
15227,0.0393723880049857,0.022143174843097163,0.017229213161888537
15307,0.020653347732181426,0.029919038027239143,-0.009265690295057718
15342,0.05416350291065553,0.023759616455058655,0.030403886455596878
15361,0.07201955622414441,0.04495929948896821,0.027060256735176202
15385,0.03035333175243064,0.01563607720363168,0.01471725454879896
15405,0.028254847645429362,0.03019896332270286,-0.0019441156772734974
15461,0.05714285714285714,0.07559456306162865,-0.01845170591877151
15482,0.02249747219413549,0.017699613154379748,0.004797859039755742
15504,0.03648648648648649,0.01974012890428116,0.01674635758220533
15581,0.045531197301854974,0.02222091106051747,0.023310286241337505
15586,0.004784688995215311,0.00037011558255749255,0.004414573412657818
16201,0.0380141137557437,0.01751628684907961,0.020497826906664088
16202,0.03317649607104608,0.041219868212820795,-0.008043372141774717
16204,0.034612766403099966,0.03361908042638504,0.0009936859767149253
16205,0.01739696715973579,0.04496499329298989,-0.0275680261332541
16206,0.046726276319584654,0.05497616468550534,-0.008249888365920686
16207,0.036745796241345205,0.031021824807358787,0.0057239714339864176
16208,0.021310243941011348,0.029714914367596205,-0.008404670426584857
16209,0.027125145557914926,0.040862044843092346,-0.01373689928517742
16210,0.019759378394184977,0.02208271914860995,-0.002323340754424974
16211,0.02897513108298764,0.06742229236839309,-0.03844716128540545
16321,0.09161147902869757,0.02897478071393798,0.06263669831475958
16322,0.05133216747248225,0.0345152350851726,0.01681693238730965
16323,0.04942223610243598,0.026925981728655943,0.022496254373780035
16342,0.03586462367401919,0.03791098455414067,-0.0020463608801214797
16343,0.04107455713451431,0.02085484082917386,0.020219716305340446
17201,0.01563895162561059,0.07687144720440559,-0.061232495578794996
17202,0.02030862380692091,0.030502177165029662,-0.010193553358108752
17203,0.017148248177883015,0.042593893796269995,-0.02544564561838698
17204,0.000968804495252858,0.016275059267183242,-0.015306254771930384
17205,0.001172562048075044,0.022749692511423628,-0.021577130463348585
17206,0.01906928506908434,0.027182387517500448,-0.008113102448416107
17207,0.034341093437269564,0.04141903867621614,-0.007077945238946573
17209,0.05228977718060687,0.040134600307889304,0.012155176872717569
17210,0.030747326135227213,0.05821937806570575,-0.027472051930478535
17211,0.0158311345646438,0.05274219889667178,-0.03691106433202798
17212,0.024613381084160835,0.17092363180445963,-0.1463102507202988
17324,0.023011942907078357,0.0303551378883105,-0.0073431949812321415
17361,0.05113126681949567,0.05458316745704064,-0.003451900637544976
17365,0.026419213973799125,0.07749812133552862,-0.0510789073617295
17384,0.00444652468991341,0.024493884756109828,-0.020047360066196417
17386,0.0410142954390742,0.0314285217938571,0.0095857736452171
17407,0.04310344827586207,0.03169321718922963,0.011410231086632444
17461,0.01371173469387755,0.026046667163651116,-0.012334932469773565
17463,0.009508963367108339,0.02438806877239394,-0.0148791054052856
18201,0.018521555065291278,0.05554505058649489,-0.03702349552120361
18202,0.019080387863622147,0.0580018541495127,-0.03892146628589055
18204,0.011419249592169658,0.021529650173093627,-0.010110400580923969
18205,0.01013255161865919,0.025666884324001993,-0.015534332705342803
18206,0.012694324349185908,0.0292498069138135,-0.01655548256462759
18207,0.02952807042863328,0.06712842558642171,-0.03760035515778842
18208,0.03542649727767695,0.040524149094165435,-0.005097651816488483
18209,0.017753744556634924,0.033495303366300765,-0.01574155880966584
18210,0.029528330647619876,0.044620801631982746,-0.01509247098436287
18322,0.04382431914077484,0.0387090129026873,0.005115306238087536
18382,0.004177109440267335,0.013262603854936952,-0.009085494414669618
18404,0.04242182832105158,0.025480372273448577,0.016941456047603005
18423,0.006522175396347582,0.019827294857181155,-0.013305119460833573
18442,0.016927362331262054,0.039586725755808294,-0.02265936342454624
18481,0.04370327774583094,0.023182324272306737,0.0205209534735242
18483,0.026840679635557745,0.022321929687252218,0.004518749948305527
18501,0.031049410359755187,0.015897302517752496,0.015152107842002691
19201,0.019498041163785805,0.07200314900535121,-0.0525051078415654
19202,0.020056032374260683,0.07170280370355081,-0.05164677132929013
19204,0.07480659266733938,0.041719105658606905,0.03308748700873248
19205,0.05539297658862876,0.018592800837145478,0.03680017575148328
19206,0.15326311644846935,0.06848947159387085,0.0847736448545985
19207,0.037226681428176034,0.03088798217762352,0.0063386992505525125
19208,0.009486771551470156,0.028889412097362968,-0.019402640545892812
19209,0.03231568691133485,0.02251703902314236,0.009798647888192492
19210,0.03045822102425876,0.0713325180633646,-0.04087429703910585
19211,0.023923444976076555,0.04149215488242909,-0.017568709906352536
19212,0.16433248453983268,0.06474061720287796,0.09959186733695471
19213,0.05964742815744989,0.01875936056710463,0.04088806759034526
19214,0.024771573604060914,0.02936246391076657,-0.004590890306705658
19346,0.04494210847044485,0.04809688777133074,-0.003154779300885889
19364,0.0035087719298245615,0.004825770695913681,-0.0013169987660891194
19365,0.028324850630670504,0.0611254659865446,-0.0328006153558741
19366,0.030238240684178377,0.06253656633878373,-0.032298325654605345
19368,0.013664042774394772,0.050551180942841605,-0.03688713816844683
19384,0.021918070444104133,0.048098902454984396,-0.026180832010880263
19422,0.006305170239596469,0.022252489299902915,-0.015947319060306445
19423,0.07129000969932105,0.04443835129143767,0.02685165840788338
19424,0.006019417475728156,0.037010539124068306,-0.03099112164834015
19425,0.01437847866419295,0.07701051775341276,-0.06263203908921981
19429,0.008264462809917356,0.025375537893757717,-0.01711107508384036
19430,0.014204545454545454,0.03212800869334121,-0.017923463238795755
19442,0.010380622837370242,0.009608932818931631,0.0007716900184386102
19443,0.008849557522123894,0.02406262439521823,-0.015213066873094337
20201,0.05091790786283339,0.026552528598549466,0.024365379264283928
20202,0.03181174045604844,0.005854268741722138,0.025957471714326302
20203,0.02701243300889615,0.020029459503439512,0.006982973505456638
20204,0.03589655616074109,0.06623420777038432,-0.030337651609643225
20205,0.019890130706573216,0.017717813939234633,0.002172316767338582
20206,0.022900445517758255,0.04544217422590423,-0.022541728708145973
20207,0.05133860992171619,0.04464225823453811,0.0066963516871780815
20208,0.045861916353175484,0.04234894612969729,0.0035129702234781915
20209,0.01875363294276012,0.018136447413919156,0.0006171855288409633
20210,0.03281327389796929,0.021752012820197036,0.011061261077772257
20211,0.043160790197549384,0.03072120028050806,0.012439589917041326
20212,0.032680896289079796,0.019877143041355606,0.01280375324772419
20213,0.03143696290655934,0.019616149836163117,0.011820813070396223
20214,0.03571027512633352,0.031215923591599047,0.004494351534734473
20215,0.05710436921635235,0.02604251624043398,0.031061852975918368
20217,0.029390871958799504,0.019206001424865032,0.010184870533934472
20218,0.05019166696521334,0.04674441775290197,0.0034472492123113693
20219,0.04592096645076778,0.03584039682292919,0.010080569627838591
20220,0.04827525480441147,0.04508203131899485,0.0031932234854166186
20303,0.03126656067832538,0.017003461184168234,0.014263099494157147
20304,0.054285714285714284,0.010687501286178354,0.04359821299953593
20305,0.061764705882352944,0.009184122433844338,0.052580583448508605
20306,0.0215311004784689,0.014392506970433948,0.007138593508034953
20307,0.019417475728155338,0.0012734899360962726,0.018143985792059066
20309,0.0411790203727785,0.025236893416915693,0.015942126955862806
20321,0.07089151450053706,0.08773218251084636,-0.016840668010309298
20323,0.0478231748158071,0.025974688218859905,0.021848486596947193
20324,0.010217113665389528,0.018667272027321415,-0.008450158361931887
20349,0.007730535615681944,0.02675081359194602,-0.019020277976264075
20350,0.0023752969121140144,0.029953682629940283,-0.027578385717826268
20361,0.051884155205188416,0.06293985164718219,-0.011055696441993772
20362,0.05843659170873489,0.023542911266689344,0.03489368044204555
20363,0.023347483323226198,0.015066655013496473,0.008280828309729725
20382,0.055742863564846035,0.02933693932286084,0.026405924241985193
20383,0.051311569772222676,0.02142802023979573,0.029883549532426945
20384,0.051193755739210284,0.014426866802790435,0.03676688893641985
20385,0.030222437137330756,0.03146734096536815,-0.0012449038280373942
20386,0.01621384750219106,0.012100254009738451,0.004113593492452609
20388,0.04726867335562988,0.022871928418247055,0.024396744937382822
20402,0.04630087329049267,0.016714895861415127,0.029585977429077544
20403,0.04710676446617767,0.016099385319939097,0.03100737914623857
20404,0.013215859030837005,0.015875429485295203,-0.0026595704544581985
20407,0.0010087424344317419,0.012449459888862674,-0.011440717454430932
20409,0.004878048780487805,0.008710233562269215,-0.00383218478178141
20410,0.0,0.012025896290989185,-0.012025896290989185
20411,0.02523474178403756,0.013100503971644598,0.012134237812392961
20412,0.0,0.0007440154480551076,-0.0007440154480551076
20413,0.03818615751789976,0.0037179186981834006,0.03446823881971636
20414,0.018156424581005588,0.01782622632947594,0.0003301982515296481
20415,0.006951685783802572,0.014147408766763549,-0.007195722982960976
20416,0.04561074664167448,0.011720085202635323,0.033890661439039155
20417,0.004484304932735426,0.0019607341153539265,0.0025235708173814994
20422,0.03988183161004431,0.014656745042430835,0.025225086567613478
20423,0.040195545898967955,0.014824863961105661,0.025370681937862294
20425,0.04211332312404288,0.02607242034789589,0.01604090277614699
20429,0.0056657223796034,0.013092267303250665,-0.007426544923647266
20430,0.0673244341265235,0.008965641075716818,0.058358793050806684
20432,0.02723290801752047,0.019206560876161863,0.008026347141358608
20446,0.08514492753623189,0.026269080871214948,0.05887584666501694
20448,0.005479452054794521,0.013459315413915707,-0.007979863359121186
20450,0.008252063015753939,0.017687163904773776,-0.009435100889019837
20451,0.008411677387431964,0.015591597256486837,-0.007179919869054873
20452,0.07879114948731786,0.033815313070552064,0.044975836416765794
20481,0.025519421860885277,0.03231453729131531,-0.006795115430430033
20482,0.06558070657922573,0.02032257389991867,0.045258132679307055
20485,0.03379152348224513,0.050680690507559356,-0.016889167025314226
20486,0.029465930018416207,0.011822367547834542,0.017643562470581665
20521,0.05699558173784978,0.034686550691816274,0.022309031046033503
20541,0.07137030995106036,0.02548762275881549,0.04588268719224487
20543,0.014018691588785047,0.016447660446265874,-0.0024289688574808278
20561,0.05384778460886156,0.018606024955064207,0.035241759653797354
20562,0.008735868448098663,0.015008303591260937,-0.0062724351431622735
20563,0.01366742596810934,0.02242732660631616,-0.008759900638206822
20583,0.05949589683470106,0.021149297216558463,0.038346599618142595
20588,0.0029910269192422734,0.01286239390100248,-0.009871366981760207
20590,0.0426430230103441,0.018900878562185273,0.02374214444815883
20602,0.04213938411669368,0.018706029635406095,0.023433354481287583
21201,0.045139031714038914,0.14497001340311486,-0.09983098168907595
21202,0.05107589528470442,0.0612115217449871,-0.010135626460282675
21203,0.003910907616731053,0.03325062041365463,-0.02933971279692358
21204,0.07783018867924528,0.15041329915009377,-0.07258311047084849
21205,0.007009182028457279,0.028880315055874815,-0.021871133027417534
21206,0.04102591821842653,0.018445126994953855,0.022580791223472674
21207,0.007062600321027288,0.04495170703959438,-0.03788910671856709
21208,0.06278464541314248,0.048555748046946325,0.014228897366196154
21209,0.06617904277309589,0.08917238794046475,-0.022993345167368867
21210,0.04911229946524064,0.02174011208899098,0.027372187376249663
21211,0.03222061978965141,0.043759437756724535,-0.011538817967073123
21212,0.06541248920431077,0.06973032453208802,-0.004317835327777256
21213,0.08775769247603624,0.10979432606291242,-0.022036633586876186
21214,0.057585849451930925,0.07300891719063271,-0.015423067738701786
21215,0.004346426271732131,0.0305743810853686,-0.02622795481363647
21216,0.06804993845612801,0.1249567300663558,-0.05690679161022778
21217,0.009949794614331356,0.02214508772590644,-0.012195293111575084
21218,0.015879935234773945,0.04035023435018537,-0.024470299115411428
21219,0.007956698240866035,0.01911143856272781,-0.011154740321861775
21220,0.02232449512295645,0.025235293791433085,-0.0029107986684766343
21221,0.04655643958229736,0.021217501979665772,0.02533893760263159
21302,0.07969563476171405,0.08739482663969342,-0.007699191877979364
21303,0.08225275788658797,0.14208972343086645,-0.05983696554427849
21341,0.03672207189795129,0.052029582970388254,-0.015307511072436962
21361,0.058377618005626755,0.06611235560887863,-0.0077347376032518705
21362,0.08416149068322981,0.051496370487326915,0.0326651201959029
21381,0.04462540716612378,0.06643899659665244,-0.021813589430528656
21382,0.01315265045834994,0.03735302452114347,-0.024200374062793528
21383,0.01675436167266685,0.058161192858064106,-0.04140683118539726
21401,0.028861921941620204,0.02457061436515249,0.004291307576467715
21403,0.009482064585383308,0.03992177293879926,-0.030439708353415952
21404,0.04803156359893644,0.05280738362362779,-0.004775820024691346
21421,0.01617496297983825,0.10006052898250756,-0.0838855660026693
21501,0.0315095261358085,0.04144520585868315,-0.009935679722874652
21502,0.016012199771254287,0.02097448363022529,-0.004962283858971003
21503,0.02565099106101827,0.04988800509937457,-0.024237014038356302
21504,0.021739130434782608,0.03672763814206886,-0.014988507707286249
21505,0.008633396504527269,0.05159280908301885,-0.04295941257849158
21506,0.02056476365868631,0.017875999816558408,0.0026887638421279024
21507,0.0033259423503325942,0.01692145533336723,-0.013595512983034637
21521,0.04436166610226888,0.05928343444691075,-0.014921768344641866
21604,0.001326259946949602,0.03240983385718742,-0.031083573910237815
22100,0.049865760747971694,0.03049398574247362,0.019371775005498075
22130,0.026883386883386883,0.018953102624503435,0.007930284258883449
22203,0.04772605801467373,0.05764284086841879,-0.00991678285374506
22205,0.09334780586137385,0.08985961095499856,0.0034881949063752943
22206,0.08554707671122841,0.1206569620944019,-0.035109885383173486
22207,0.025337350556107568,0.04081726265226542,-0.015479912096157854
22208,0.07702257761053621,0.10643069846189268,-0.029408120851356467
22209,0.04353390399462907,0.032854510138451254,0.010679393856177818
22210,0.04051710414973567,0.04868025733687195,-0.008163153187136285
22211,0.023190594326394132,0.03185008280245228,-0.008659488476058148
22212,0.0453891733302652,0.09863832406066576,-0.05324915073040056
22213,0.02796608700175113,0.03310180574670218,-0.005135718744951046
22214,0.040928640144870125,0.06439614899208984,-0.023467508847219716
22215,0.04009767675384545,0.056923866891726,-0.016826190137880552
22216,0.027021137502723905,0.051427714986856984,-0.02440657748413308
22219,0.017043478260869566,0.031366778417393534,-0.014323300156523968
22220,0.051403501960632064,0.06051817578159374,-0.009114673820961677
22221,0.05563250230840259,0.03668255611228096,0.018949946196121628
22222,0.03855554679492234,0.03309447688734,0.0054610699075823416
22223,0.005923944200267533,0.038491604940803816,-0.03256766074053628
22224,0.029641375945352526,0.03048276414261275,-0.000841388197260224
22225,0.08451298396925096,0.044843784031730415,0.03966919993752054
22226,0.0029767529767529767,0.03517673784638419,-0.032199984869631215
22301,0.06801431880395872,0.03740237025845408,0.03061194854550464
22302,0.05357784969435455,0.02344092668778322,0.03013692300657133
22304,0.005313496280552604,0.026215637098365087,-0.020902140817812484
22305,0.0008861320336730173,0.03876356199719397,-0.03787742996352095
22306,0.001736111111111111,0.034199716347139066,-0.032463605236027954
22325,0.07667894587701898,0.08859002998130419,-0.011911084104285208
22341,0.018052947234506574,0.12189654422794095,-0.10384359699343437
22342,0.08376939318828605,0.07965026077714678,0.004119132411139273
22344,0.034851208308368284,0.06361601155407685,-0.02876480324570857
22424,0.0042489214276376,0.04468851734666,-0.0404395959190224
22429,0.013858497447118891,0.01776118554660546,-0.0039026880994865697
22461,0.02120100848040339,0.02890402948381996,-0.00770302100341657
23100,0.2355519268021422,0.32113050695795364,-0.08557858015581143
23201,0.04679493797442905,0.045122708430184844,0.0016722295442442095
23202,0.07383798825105638,0.04399317080168068,0.0298448174493757
23203,0.11063212602231981,0.17557335086402348,-0.06494122484170367
23204,0.12734009042093064,0.06318259328827014,0.0641574971326605
23205,0.10061500195914752,0.1284024658277647,-0.02778746386861719
23206,0.12924804556322703,0.1981550974127491,-0.06890705184952206
23207,0.07026119794398406,0.01672899483812825,0.053532203105855804
23208,0.10751433524469929,0.16205854563987832,-0.054544210395179024
23209,0.053564672179882165,0.0942332384593566,-0.04066856627947444
23210,0.10090979984403431,0.15802632220196444,-0.05711652235793013
23211,0.0536347806654065,0.03583046197039359,0.017804318695012908
23212,0.09998565960310193,0.10037867240076509,-0.0003930127976631559
23213,0.043869863827562444,0.02772305439805233,0.016146809429510113
23214,0.08088774297919668,0.052637767476423125,0.028249975502773556
23215,0.14011359802047013,0.056271632338407096,0.08384196568206304
23216,0.12462790947889395,0.049261473553912576,0.07536643592498138
23217,0.11328174022171093,0.19756770623761313,-0.0842859660159022
23219,0.06419639496466062,0.12041541472191256,-0.05621901975725194
23220,0.146842505706315,0.12599082366158668,0.020851682044728315
23221,0.03946647177050978,0.02917790223610212,0.010288569534407658
23222,0.14046366987543457,0.1398118403611867,0.0006518295142478592
23223,0.14150002168915107,0.14041015586666555,0.0010898658224855196
23224,0.13932453132978334,0.1407451692248196,-0.0014206378950362697
23225,0.12583888095302267,0.1340577768182284,-0.008218895865205716
23226,0.17307219737553448,0.26024427185218973,-0.08717207447665526
23227,0.08941147399201022,0.06834719398045676,0.021064280011553457
23228,0.202980679130784,0.10195653421760756,0.10102414491317643
23229,0.12485161443494777,0.14224602662660069,-0.017394412191652914
23230,0.13851089722314416,0.20637457427274528,-0.06786367704960111
23231,0.021239070884460955,0.04096285062863485,-0.019723779744173893
23232,0.13723138430784607,0.05818128472321015,0.07905009958463591
23233,0.22294538421391952,0.15347315880197382,0.0694722254119457
23234,0.15404398509794495,0.1740594798489028,-0.020015494750957846
23235,0.1484802718519917,0.05938520460948508,0.08909506724250663
23236,0.08010841740701702,0.08715471389769013,-0.007046296490673107
23237,0.12811557012854324,0.1598329244541462,-0.031717354325602964
23238,0.17858696743532246,0.11994341881128837,0.05864354862403409
23302,0.05340851785632421,0.09651724355483866,-0.043108725698514455
23342,0.018570338336301194,0.10262968574897581,-0.08405934741267462
23361,0.08522545570834666,0.09514631727265438,-0.009920861564307715
23362,0.15934384419197775,0.11898268088771403,0.04036116330426372
23424,0.03672722519932035,0.060939564194200845,-0.024212338994880497
23425,0.21822045152722444,0.10373434934410078,0.11448610218312366
23427,0.029885057471264367,0.021178837634847937,0.00870621983641643
23441,0.12168992832893248,0.06608254299571557,0.05560738533321691
23442,0.11603624101084793,0.0949801260478765,0.021056114962971426
23445,0.04745808545159546,0.038111914910162054,0.009346170541433406
23446,0.11176522273965381,0.050633115394191915,0.06113210734546189
23447,0.1028757510434344,0.0698011570397063,0.0330745940037281
23501,0.07578609134725729,0.048586235842516465,0.027199855504740827
23561,0.006218202374222725,0.022439652078675577,-0.016221449704452853
23562,0.013212221304706853,0.010561541744330966,0.0026506795603758876
23563,0.0,0.01621766451075346,-0.01621766451075346
24201,0.0572400070139593,0.027908125265107837,0.029331881748851464
24202,0.0866145641258404,0.06670703760575834,0.019907526520082056
24203,0.03439363131957129,0.06555413480956813,-0.031160503489996848
24204,0.04539403273382234,0.022729000305501533,0.022665032428320804
24205,0.09042106786282737,0.06307507255316058,0.02734599530966679
24207,0.06354351733524505,0.0415458574023809,0.02199765993286415
24208,0.08753568030447194,0.07708420056823481,0.010451479736237126
24209,0.010452961672473868,0.015021651546694326,-0.004568689874220457
24210,0.035967936204676663,0.04661020194547739,-0.010642265740800724
24211,0.0342974148963399,0.02554496059146328,0.008752454304876624
24212,0.014994416972403892,0.013537307554731905,0.0014571094176719871
24214,0.03956118429412512,0.033024037221365744,0.006537147072759375
24215,0.03173803526448363,0.05629846695042152,-0.02456043168593789
24216,0.03033058236583205,0.0066573977313674065,0.023673184634464644
24303,0.02712659075686537,0.03338662863972211,-0.006260037882856739
24324,0.026215776002481966,0.06603914540845592,-0.039823369405973946
24341,0.057094711800565,0.05973142142855111,-0.0026367096279861085
24343,0.14645228940929744,0.09746508567174565,0.04898720373755179
24344,0.09183794701199953,0.044259774048825654,0.047578172963173876
24441,0.02767639902676399,0.030830955824353586,-0.0031545567975895944
24442,0.05503187000628423,0.043746087122932306,0.01128578288335192
24443,0.03603366649132036,0.021308630469002214,0.014725036022318144
24461,0.04111951187160101,0.02490801590033695,0.01621149597126406
24470,0.0064498790647675355,0.030939535859319203,-0.024489656794551666
24471,0.03228900255754476,0.03050897252800213,0.0017800300295426272
24472,0.00560702096538274,0.017209334706503418,-0.011602313741120678
24543,0.039323046291687404,0.013959521142964317,0.025363525148723087
24561,0.037787182587666265,0.01257985377063596,0.025207328817030306
24562,0.019696969696969695,0.028031685938529692,-0.008334716241559997
25201,0.23030183367620552,0.055905464332015146,0.17439636934419037
25202,0.06925032880315651,0.040926707147421554,0.02832362165573496
25203,0.033750480651588775,0.025328975437857545,0.00842150521373123
25204,0.09855727010412746,0.03474095001781033,0.06381632008631713
25206,0.14805850943139362,0.12964784548242014,0.018410663948973477
25207,0.11765140143219234,0.14321676422158175,-0.02556536278938941
25208,0.1148976760319112,0.10732120709731918,0.007576468934592018
25209,0.044870015727634376,0.0226442977849919,0.022225717942642477
25210,0.12397165431294291,0.05033831712219256,0.07363333719075035
25211,0.04482671571279166,0.03958409960621119,0.005242616106580472
25212,0.07693390251911619,0.02774406674402689,0.0491898357750893
25213,0.04767371931551036,0.02882313612615445,0.018850583189355907
25214,0.06480324797001874,0.033867486421327093,0.030935761548691647
25383,0.018281172379533035,0.028107493368645417,-0.009826320989112382
25384,0.02494154325798909,0.02915410212986923,-0.004212558871880143
25425,0.030365626936583352,0.03315028114957903,-0.002784654212995681
25441,0.04223132682004412,0.04468706769451674,-0.0024557408744726172
25442,0.034678226075358455,0.043119021227994464,-0.008440795152636009
25443,0.03602262578148258,0.028007578000226508,0.008015047781256075
26100,0.2019345890776325,0.23422856638676506,-0.032293977309132554
26201,0.01813948451375352,0.01853027937649613,-0.00039079486274260986
26202,0.018251655629139073,0.041827355260813784,-0.02357569963167471
26203,0.026974551002010957,0.02185700613314525,0.005117544868865707
26204,0.25418460962366596,0.24369142066346827,0.010493188960197686
26205,0.022101810922572365,0.031182159776740923,-0.009080348854168557
26206,0.14587618264088853,0.05995789773438235,0.08591828490650619
26207,0.24205864386072082,0.20347314073909278,0.038585503121628034
26208,0.3338177368159394,0.21531347859224798,0.11850425822369143
26209,0.2805062630480167,0.22258082241704552,0.05792544063097116
26210,0.1501930763498408,0.22452073332968364,-0.07432765697984284
26211,0.27126134734830387,0.18137480793645805,0.08988653941184582
26212,0.010712063294515068,0.026785410321609276,-0.01607334702709421
26213,0.10106933425319076,0.019623742080688233,0.08144559217250252
26214,0.20102757928305676,0.12671319150131127,0.07431438778174548
26303,0.2961258151131569,0.13259358255659406,0.16353223255656282
26322,0.046219101945297644,0.052649641718360875,-0.0064305397730632305
26343,0.19340878828229027,0.0784060125626224,0.11500277571966787
26344,0.017210944395410415,0.025348775211708342,-0.008137830816297927
26364,0.09381663113006397,0.0378874444252555,0.055929186704808474
26365,0.03266932270916335,0.029708534598261595,0.002960788110901752
26366,0.18749270796873177,0.18231769441777373,0.005175013550958035
26367,0.07423117709437964,0.03399573432520778,0.04023544276917186
26407,0.029709891646277527,0.027487913801987097,0.002221977844290429
26463,0.0,0.010147259400959827,-0.010147259400959827
26465,0.014195239135182355,0.03300721180331541,-0.018811972668133052
27100,0.39266694572502264,0.2777816575941534,0.11488528813086923
27140,0.258728880387913,0.26041395205122597,-0.001685071663312998
27202,0.19638035191720776,0.1651072627616354,0.031273089155572364
27203,0.34121001554756036,0.3345081956441103,0.00670181990345009
27204,0.2885532921213127,0.3081561409478445,-0.019602848826531794
27205,0.3851604104061617,0.3827132222721872,0.0024471881339745427
27206,0.269433465085639,0.2607294699156285,0.00870399517001047
27207,0.1967572362156451,0.2978250337767945,-0.10106779756114939
27208,0.2177643135358061,0.1654080148980191,0.05235629863778701
27209,0.28489317512195905,0.27022209003924824,0.01467108508271081
27210,0.25626828559050957,0.2956046040298755,-0.039336318439365914
27211,0.2696560384697847,0.2947960430082416,-0.025140004538456884
27212,0.25420971642119145,0.19050395757716476,0.06370575884402668
27213,0.2380751816363062,0.1598915513085666,0.07818363032773959
27214,0.2030070573795643,0.22685133718138192,-0.023844279801817636
27215,0.24191896431644067,0.230370232150688,0.011548732165752668
27216,0.2393200468933177,0.14023018838893384,0.09908985850438387
27217,0.23802201359663322,0.22184713578090282,0.016174877815730404
27218,0.24943824432626768,0.18289255908218247,0.06654568524408522
27219,0.18957071825924285,0.1950296988612682,-0.005458980602025348
27220,0.19136528553204885,0.2999783063119388,-0.10861302077988993
27221,0.3139465689498575,0.14549219828738413,0.16845437066247337
27222,0.21179227827803132,0.2510184916561846,-0.039226213378153296
27223,0.22696306214066314,0.179957181637932,0.047005880502731134
27224,0.25683073895602593,0.2548835790719056,0.0019471598841203086
27225,0.326,0.22038163962413038,0.10561836037586964
27226,0.2664925783397471,0.22528692185721697,0.041205656482530134
27227,0.2623533029262543,0.2060251232657966,0.056328179660457695
27228,0.19853387874124176,0.1372478553384605,0.06128602340278125
27229,0.24750903100313604,0.2086831924948225,0.03882583850831353
27230,0.31425049451021986,0.28834098814125264,0.025909506368967217
27231,0.22557292959377845,0.26391074571181766,-0.038337816118039214
27232,0.22130260992240772,0.17988782892716124,0.04141478099524648
27301,0.4454834993562377,0.18513151802002903,0.2603519813362087
27321,0.25710401087695445,0.15584698374183126,0.10125702713512319
27322,0.03617571059431524,0.05577134386023783,-0.01959563326592259
27341,0.2234722222222222,0.1586137507745022,0.06485847144772
27361,0.14232436246346133,0.20651917337535483,-0.0641948109118935
27362,0.2554112554112554,0.07851786052782814,0.17689339488342729
27366,0.26060500695410294,0.10310755839707601,0.1574974485570269
27381,0.16247770390789687,0.09016358130768083,0.07231412260021604
27382,0.046453753629199505,0.08309026873608202,-0.03663651510688252
27383,0.043652784746613146,0.07166034605579323,-0.028007561309180085
28100,0.3280245037021632,0.22562539414111893,0.10239910956104425
28201,0.09268767948833792,0.04007226142926097,0.05261541805907695
28202,0.2757995419070241,0.2902874429480825,-0.014487901041058404
28203,0.2804338877624137,0.24345844182084939,0.036975445941564294
28204,0.3584515084098798,0.3448149138757608,0.013636594534119029
28205,0.003980459562149448,0.012963625409135808,-0.00898316584698636
28206,0.38317977793527047,0.3331251764154542,0.05005460151981628
28207,0.17478605520311366,0.2759097610370044,-0.10112370583389071
28208,0.07480990924699533,0.07340392994035638,0.001405979306638952
28209,0.019213522841535994,0.03105532448626584,-0.011841801644729845
28210,0.13753787472238962,0.15429433640880286,-0.016756461686413232
28212,0.05540218943360305,0.07366232219880527,-0.01826013276520222
28213,0.017683939767429397,0.03678986045976131,-0.019105920692331916
28214,0.34457974637608113,0.2962535066373011,0.04832623973878003
28215,0.07511304397914807,0.061654120947357526,0.013458923031790547
28216,0.13038181330864257,0.17292525047987367,-0.0425434371712311
28217,0.3085569419203103,0.2768696627175402,0.03168727920277009
28218,0.05076942751182915,0.04123238533053031,0.00953704218129884
28219,0.1668800434512725,0.10943646610522939,0.057443577346043107
28220,0.01773117254528122,0.0409189222094157,-0.023187749664134484
28221,0.05341062584421432,0.030190178577249566,0.023220447266964754
28222,0.012020663620107291,0.027143568554833585,-0.015122904934726294
28223,0.023762172541489508,0.02347015157069074,0.00029202097079876824
28224,0.0019974087670049665,0.021118084577324524,-0.019120675810319558
28225,0.036945634027727374,0.036097609580095245,0.0008480244476321286
28226,0.006254930688605883,0.017946373243023832,-0.011691442554417949
28227,0.0035354745925215724,0.02951035530277906,-0.025974880710257487
28228,0.01616220981486923,0.01654976691991944,-0.0003875571050502083
28229,0.05514060997001075,0.043299607577696506,0.011841002392314247
28301,0.10382156349898286,0.13711488124286247,-0.033293317743879614
28365,0.007759353741496599,0.022123964591444577,-0.014364610849947978
28381,0.035742538655160014,0.07409301584523895,-0.03835047719007893
28382,0.18246536685479733,0.16336778549547068,0.019097581359326654
28442,0.06173291811687122,0.03912525460958225,0.022607663507288968
28443,0.05073684210526316,0.0381750973927674,0.012561744712495757
28446,0.07138677589233469,0.04314140554699631,0.02824537034533838
28464,0.056278953299111055,0.11600709380338203,-0.05972814050427098
28481,0.06407430730478589,0.06589258946858381,-0.001818282163797924
28501,0.03738863735942748,0.028948318386741775,0.008440318972685708
28585,0.021102318478411774,0.02349148741061391,-0.0023891689322021355
28586,0.01629051416935347,0.02383228438455709,-0.0075417702152036185
29201,0.24091053400215887,0.10508306937453268,0.13582746462762618
29202,0.2347142857142857,0.19693092327569187,0.03778336243859384
29203,0.22590139808682855,0.20660419160511326,0.01929720648171529
29204,0.12133506608767314,0.09483745976097392,0.026497606326699216
29205,0.24452439680272992,0.22825772586437948,0.016266670938350436
29206,0.18931648015457692,0.12869045127453227,0.06062602888004465
29207,0.07414775296138891,0.029139576140139227,0.04500817682124968
29208,0.1286493423163298,0.05038840607556101,0.07826093624076878
29209,0.3829857390157448,0.304858199137427,0.07812753987831778
29210,0.3307107264621033,0.23290003041159787,0.09781069605050544
29211,0.20791664171507276,0.08181844458500756,0.1260981971300652
29212,0.14600946905647616,0.0453005907069856,0.10070887834949056
29322,0.010043041606886656,0.022213789318276507,-0.01217074771138985
29342,0.3447776900815575,0.09269143547039574,0.25208625461116174
29343,0.34283387622149836,0.17964698394603432,0.16318689227546404
29344,0.24654469920907565,0.18844637409406256,0.05809832511501309
29345,0.1570796460176991,0.1450805118429293,0.011999134174769804
29361,0.23002488249930883,0.10181744212269347,0.12820744037661536
29362,0.19336823734729494,0.1222542742906025,0.07111396305669244
29363,0.20071433573779676,0.1001491963887734,0.10056513934902336
29385,0.018145161290322582,0.028532360905844614,-0.010387199615522032
29386,0.026717557251908396,0.02329761990690119,0.0034199373450072047
29401,0.1858267716535433,0.07997819825883919,0.10584857339470412
29402,0.12822921559417566,0.04226678643013865,0.08596242916403701
29424,0.10785890425645973,0.17403218462132788,-0.06617328036486815
29425,0.3347170832957314,0.1876343313496448,0.1470827519460866
29426,0.12857948493013346,0.13147279068430895,-0.0028933057541754847
29427,0.2418474251143574,0.2072726118000282,0.034574813314329184
29441,0.07222699914015478,0.05041283802202488,0.021814161118129893
29442,0.12671140939597317,0.06571566457570596,0.060995744820267206
29443,0.085785536159601,0.031096309032060232,0.05468922712754076
29444,0.029045643153526972,0.0055127507719367475,0.023532892381590224
29446,0.014814814814814815,0.015713630987598474,-0.0008988161727836591
29447,0.006097560975609756,0.004920509984551583,0.0011770509910581737
29449,0.002390438247011952,0.00710235794058095,-0.0047119196935689975
29450,0.0,0.01340337826398559,-0.01340337826398559
29451,0.02830188679245283,0.0011307642413115743,0.027171122551141257
29452,0.011547344110854504,0.0050658804673234525,0.006481463643531051
29453,0.005376344086021506,0.004161897791174873,0.0012144462948466325
30201,0.05130465444287729,0.13210287982687352,-0.08079822538399623
30202,0.0525671173819322,0.04500980712362838,0.00755731025830382
30203,0.16101575192484283,0.05946622334023604,0.10154952858460678
30204,0.045563549160671464,0.03920718917693623,0.006356359983735231
30205,0.025155986926809943,0.05217088292290394,-0.027014895996094
30206,0.007472499278406722,0.004491959706725411,0.0029805395716813107
30207,0.010020763744696218,0.03539811919826018,-0.02537735545356396
30208,0.04804339403332042,0.02766115054738406,0.02038224348593636
30209,0.03784958582793406,0.09040987396857242,-0.05256028814063836
30304,0.00762660158633313,0.017176598808443348,-0.009549997222110218
30341,0.07474687313877308,0.020595698538686154,0.05415117460008693
30343,0.12761647535449022,0.026892541910251807,0.10072393344423841
30344,0.02356637863315004,0.009825715682473923,0.013740662950676115
30361,0.04469646430953969,0.036344635681320084,0.008351828628219607
30362,0.05261180007515971,0.02717394476405114,0.02543785531110857
30366,0.030177799135031234,0.009858671665961119,0.020319127469070115
30381,0.021305841924398626,0.0626946142013808,-0.04138877227698217
30382,0.02753368482718219,0.01344623537167617,0.01408744945550602
30383,0.03400093153237075,0.02276577416409189,0.011235157368278861
30390,0.04382736701237872,0.013303643610459409,0.030523723401919313
30391,0.02031316123571731,0.022898596243990828,-0.002585435008273518
30392,0.012452350698856416,0.015392664319030955,-0.0029403136201745384
30401,0.012984028495920947,0.023797009051783176,-0.01081298055586223
30404,0.005799971707455086,0.026048119507634866,-0.02024814780017978
30406,0.030405405405405407,0.006456072384067688,0.02394933302133772
30421,0.03613401157691633,0.03900106816684469,-0.002867056589928363
30422,0.02782462057335582,0.041333198925669466,-0.013508578352313647
30424,0.01768867924528302,0.010591055905788849,0.00709762333949417
30427,0.005780346820809248,0.003600525146155442,0.002179821674653806
30428,0.022288522288522288,0.03637720870127677,-0.01408868641275448
31201,0.02154400548272279,0.02703043415817038,-0.005486428675447588
31202,0.014512458673841794,0.07324157017653027,-0.058729111502688475
31203,0.009052281544430076,0.014318830485702531,-0.005266548941272455
31204,0.019577377252952145,0.07556169774637181,-0.05598432049341966
31302,0.034688995215311005,0.036842797059309165,-0.00215380184399816
31325,0.03143093465674111,0.02083430387084373,0.010596630785897378
31328,0.03984206748025843,0.022520075846623425,0.017321991633635007
31329,0.036632390745501286,0.020115485259102714,0.016516905486398573
31364,0.005307855626326964,0.02654963306862055,-0.021241777442293587
31370,0.017212152823053852,0.024896722048770636,-0.007684569225716784
31371,0.03569102514002866,0.022621449999499138,0.013069575140529519
31372,0.013599274705349048,0.030225166433286182,-0.016625891727937134
31384,0.01340033500837521,0.05120481022113094,-0.037804475212755734
31386,0.04051863857374392,0.029012236756638672,0.011506401817105251
31389,0.0035700119000396666,0.02546425735544538,-0.021894245455405713
31390,0.022451081359423274,0.01949751906011648,0.0029535622993067945
31401,0.02396644697423607,0.014417593292807042,0.009548853681429027
31402,0.036021926389976505,0.018558034158268837,0.01746389223170767
31403,0.03260869565217391,0.02497221651724682,0.007636479134927092
32201,0.008076387908608764,0.05909437347432226,-0.0510179855657135
32202,0.009310847698463149,0.015998620905591662,-0.006687773207128513
32203,0.01454097492458956,0.03327821621526515,-0.018737241290675593
32204,0.0036499855921621363,0.02327398112561538,-0.01962399553345324
32205,0.017303822937625755,0.015154413035227812,0.0021494099023979425
32206,0.017276194749831726,0.019082130727721025,-0.0018059359778892989
32207,0.01688299900154307,0.026502951239567564,-0.009619952238024494
32209,0.007430758838099527,0.019368337372815694,-0.011937578534716168
32343,0.00899177348383394,0.017827625912411514,-0.008835852428577574
32386,0.0,0.010736166491288557,-0.010736166491288557
32441,0.0,0.009329532331462588,-0.009329532331462588
32448,0.0,0.01207266981487929,-0.01207266981487929
32449,0.0006720430107526882,0.010384690258048092,-0.009712647247295404
32501,0.011133603238866396,0.01404097894835489,-0.0029073757094884942
32505,0.0003736920777279522,0.010442121001053899,-0.010068428923325946
32525,0.0009328358208955224,0.007561074717030353,-0.00662823889613483
32526,0.0024410089503661514,0.009623316976033892,-0.007182308025667741
32527,0.007782101167315175,0.0017466913721587846,0.006035409795156391
32528,0.0011589403973509935,0.0166655125931532,-0.015506572195802207
33100,0.04207115921416811,0.04529462491837455,-0.003223465704206438
33202,0.035002783196044586,0.04512019631626653,-0.010117413120221942
33203,0.008666666666666666,0.022158054996586213,-0.013491388329919547
33204,0.020806503541532517,0.050841459414900106,-0.03003495587336759
33205,0.028665229321834573,0.053813027159685944,-0.02514779783785137
33207,0.01583011583011583,0.0340020698517259,-0.018171954021610072
33208,0.053197073080366794,0.05643719096267833,-0.003240117882311537
33209,0.023433284513990595,0.008222536292127464,0.015210748221863132
33210,0.02025435704192181,0.016056029561758278,0.004198327480163532
33211,0.06232782369146005,0.030020219555721442,0.03230760413573861
33212,0.058709949918542205,0.03929954428001664,0.019410405638525564
33213,0.017581973424948213,0.03092020947016212,-0.013338236045213909
33214,0.01637371835111948,0.015062540769782903,0.0013111775813365763
33215,0.01121894755587214,0.014006651747954839,-0.002787704192082699
33216,0.05501769379715564,0.052897714372736646,0.002119979424418994
33346,0.04030931227377427,0.03253444804825361,0.007774864225520657
33423,0.05278745644599303,0.11748053695543503,-0.064693080509442
33445,0.060384615384615384,0.09463933645304158,-0.0342547210684262
33461,0.019284654689302787,0.028336558792885498,-0.009051904103582711
33586,0.0056657223796034,0.007050262295066362,-0.0013845399154629621
33606,0.0037972280235428137,0.018000292586936834,-0.01420306456339402
33622,0.012451520718513982,0.019682658136018813,-0.007231137417504831
33623,0.002260738507912585,0.013397120875918468,-0.011136382368005883
33643,0.00872093023255814,0.000986796319177502,0.007734133913380637
33663,0.07514761137949544,0.022853398732567337,0.0522942126469281
33666,0.021618724316598177,0.018950692024229533,0.002668032292368644
33681,0.004555808656036446,0.015243256939477375,-0.01068744828344093
34100,0.10942035876377783,0.09425179191418985,0.015168566849587978
34202,0.06019369745833538,0.044211493276653455,0.015982204181681926
34203,0.03956107421311002,0.04325899633988456,-0.0036979221267745416
34204,0.0319248152665184,0.025100363013247813,0.006824452253270587
34205,0.018571762896593225,0.022707368957739386,-0.004135606061146161
34207,0.026009697581210234,0.04210638236475145,-0.016096684783541215
34208,0.027906160416544784,0.03022747208637154,-0.002321311669826756
34209,0.015363189276232755,0.013605725851086152,0.0017574634251466027
34210,0.0032299306910705873,0.008507890477791574,-0.0052779597867209874
34211,0.1010942760942761,0.04525154924668584,0.05584272684759026
34212,0.055305910819218804,0.033738330863382224,0.02156757995583658
34213,0.13531566472742942,0.07770939423559373,0.0576062704918357
34214,0.011272936723442772,0.01827812844630565,-0.007005191722862878
34215,0.0033482142857142855,0.01815386862253996,-0.014805654336825675
34302,0.06842186415850744,0.21138853307216895,-0.1429666689136615
34304,0.11125951649525845,0.09926353099158572,0.01199598550367273
34307,0.008411214953271028,0.07561630028075002,-0.06720508532747899
34309,0.17453598176489743,0.09241840904536827,0.08211757271952916
34368,0.0021114864864864866,0.012299540224194216,-0.01018805373770773
34369,0.0008162313432835821,0.00812362255572404,-0.007307391212440458
34431,0.001257071024512885,0.010076423160022135,-0.00881935213550925
34462,0.0042422469280280865,0.01831019762628628,-0.014067950698258194
34545,0.0017600469345849222,0.017133715539572443,-0.01537366860498752
35201,0.04612751462826501,0.011461047342734128,0.03466646728553088
35202,0.01666580538473464,0.04376426952991934,-0.0270984641451847
35203,0.024940491371248832,0.005838866075764185,0.019101625295484648
35204,0.0077129953823514485,0.0031495542225355166,0.004563441159815932
35206,0.016151234284665503,0.04050714868445113,-0.024355914399785624
35207,0.022136942031912746,0.07865257088048513,-0.05651562884857239
35208,0.04418057154640592,0.023595751260167983,0.02058482028623794
35210,0.029498391408763425,0.061711657820650086,-0.03221326641188666
35211,0.01629721704302189,0.014797228263238635,0.001499988779783256
35212,0.032547528517110264,0.023352617208344577,0.009194911308765687
35213,0.012114219786558985,0.020005781762724967,-0.007891561976165981
35215,0.022627490712597096,0.022193759230171757,0.00043373148242533896
35216,0.033225625175611125,0.04768582138931117,-0.014460196213700045
35305,0.008415147265077139,0.010391094280027477,-0.0019759470149503383
35321,0.09493219129193434,0.08952254408447122,0.00540964720746312
35341,0.003778337531486146,0.0006880307152048876,0.0030903068162812584
35343,0.03611940298507463,0.04245207338922481,-0.006332670404150184
35344,0.008737092930897538,0.04444252826714085,-0.03570543533624332
35502,0.01977848101265823,0.012253996841128316,0.007524484171529913
36201,0.008899726229984419,0.07123962463884294,-0.06233989840885852
36202,0.01511508072827207,0.04528950386847817,-0.030174423140206103
36203,0.024211997966446366,0.05633515422923087,-0.0321231562627845
36204,0.02428816240442921,0.03644156398306508,-0.012153401578635866
36205,0.03191027944730157,0.04822841141229977,-0.0163181319649982
36206,0.010943615016669083,0.04304934332256555,-0.03210572830589646
36207,0.01851366692865252,0.023346651261492712,-0.004832984332840191
36208,0.021081859317153433,0.0187594784216868,0.0023223808954666338
36301,0.0019704433497536944,0.017813169017595158,-0.015842725667841465
36302,0.0,0.007852126401979083,-0.007852126401979083
36321,0.00273224043715847,0.018117243639247736,-0.015385003202089267
36341,0.028491620111731845,0.0818586875329095,-0.05336706742117765
36342,0.0032552083333333335,0.02315863044844948,-0.019903422115116146
36368,0.003475842891901286,0.01271528616794007,-0.009239443276038786
36383,0.02553191489361702,0.016326030153766623,0.009205884739850397
36387,0.04620168813860506,0.020460033732417192,0.02574165440618787
36388,0.009198045415349238,0.009390824583483212,-0.00019277916813397432
36401,0.0017145306472353193,0.05936699123067209,-0.057652460583436774
36402,0.008071249652101308,0.1264626651756382,-0.1183914155235369
36403,0.012328148195959466,0.08158158353338085,-0.06925343533742138
36404,0.01947819871336669,0.07352827206366164,-0.05405007335029495
36405,0.005951115834218916,0.0588454561444213,-0.05289434031020238
36468,0.026343519494204427,0.02291989138666859,0.003423628107535836
36489,0.025611930620846168,0.033401275360819785,-0.007789344739973617
37201,0.050599153169448324,0.038391984724482735,0.01220716844496559
37202,0.02056251477192153,0.0449023221153214,-0.02433980734339987
37203,0.04653615148319655,0.04639695795623214,0.00013919352696441234
37204,0.023565034228541337,0.06059517334112327,-0.03703013911258193
37205,0.016133540992771853,0.033278985248228345,-0.017145444255456492
37206,0.048476257973068745,0.04352601989669156,0.004950238076377185
37207,0.03726298433635614,0.02593214235091356,0.011330841985442583
37208,0.021171139276357713,0.02599487755874138,-0.004823738282383666
37322,0.0010716199321307376,0.02793768074805967,-0.026866060815928933
37324,0.0025592902235113462,0.027928807882282906,-0.02536951765877156
37341,0.04827318587504851,0.044011276046157725,0.004261909828890784
37364,0.0012779552715654952,0.015474735667400728,-0.014196780395835234
37386,0.04525815510909484,0.06228573682414169,-0.017027581715046848
37387,0.056741028128031036,0.04057115798774948,0.016169870140281553
37403,0.04512095678173417,0.06858074930727093,-0.02345979252553676
37404,0.03966480446927374,0.04550668036898825,-0.005841875899714508
37406,0.023283346487766376,0.022945850415217017,0.0003374960725493585
38201,0.03743480869525084,0.03933420788815714,-0.001899399192906298
38202,0.008667945213753945,0.014481590223138996,-0.005813645009385051
38203,0.007656481546820973,0.009909721890393672,-0.002253240343572699
38204,0.00884321223709369,0.011192468403842373,-0.0023492561667486835
38205,0.004823601996746873,0.04630888674605666,-0.04148528474930979
38206,0.01407002891101831,0.02000085157564055,-0.00593082266462224
38207,0.02010708589655958,0.005555290909062954,0.014551794987496626
38210,0.05590376701487813,0.02608930804992257,0.029814458964955555
38213,0.01156008060239686,0.023357659876612785,-0.011797579274215925
38214,0.013361611876988335,0.012320234030085149,0.001041377846903186
38215,0.04941264217788551,0.0381485463597114,0.011264095818174114
38356,0.0006818956699624957,0.01977353659575231,-0.019091640925789813
38386,0.0007049700387733521,0.0027994100289377433,-0.002094439990164391
38401,0.06265736277965614,0.10072635525149123,-0.038068992471835095
38402,0.002342419080068143,0.028464217434812485,-0.02612179835474434
38422,0.028093337427080135,0.01919148681408423,0.008901850612995903
38442,0.0012944983818770227,0.009991964939906492,-0.008697466558029469
38484,0.028169014084507043,0.013448323646502808,0.014720690438004235
38488,0.0068319838056680165,0.016639668813534216,-0.009807685007866199
38506,0.005513527375304526,0.01619425655525169,-0.010680729179947163
39201,0.019156203194333626,0.05115768000988431,-0.03200147681555068
39202,0.0018008747105737071,0.01338926625524322,-0.011588391544669513
39203,0.024024024024024024,0.009786234375824446,0.014237789648199578
39204,0.022545909047206998,0.0385376282399635,-0.0159917191927565
39205,0.004300430043004301,0.03510253979562821,-0.03080210975262391
39206,0.02510016497761018,0.022845309911879975,0.002254855065730206
39208,0.008868877063719471,0.01448022945776982,-0.005611352394050348
39209,0.0046696240952603316,0.014239949384006967,-0.009570325288746635
39210,0.0043921685401622865,0.005132666188277138,-0.0007404976481148514
39211,0.02451257417349534,0.0217960466224566,0.0027165275510387388
39212,0.023850974930362118,0.0113203195554933,0.012530655374868818
39301,0.006493506493506494,0.013124310593322877,-0.006630804099816383
39302,0.02633889376646181,0.011610884181786976,0.014728009584674833
39303,0.022094140249759846,0.017327798691529075,0.004766341558230771
39304,0.03055229142185664,0.016655205291443792,0.013897086130412847
39305,0.008264462809917356,0.008173346673033724,9.111613688363163e-05
39306,0.0026666666666666666,-0.00030954862264699623,0.002976215289313663
39307,0.03512396694214876,0.01327216683855955,0.02185180010358921
39341,0.002228826151560178,0.007000080810108347,-0.004771254658548169
39344,0.027855153203342618,0.0007772576383095753,0.027077895565033042
39363,0.0013012361743656475,0.010455746849830569,-0.009154510675464921
39364,0.0,-0.001275431278877831,0.001275431278877831
39386,0.032050606220347916,0.02807325085951761,0.003977355360830305
39387,0.0011641443538998836,-0.0008513504158077084,0.002015494769707592
39401,0.04483925549915398,0.01860616708798858,0.026233088411165395
39402,0.04488025645860833,0.020954006054333424,0.02392625040427491
39403,0.01959890610756609,0.011475923702440598,0.008122982405125493
39405,0.001430615164520744,0.003955481853961829,-0.0025248666894410847
39410,0.042797975149562816,0.031041748777256732,0.011756226372306083
39411,0.003982300884955752,0.01786554864339998,-0.013883247758444229
39412,0.01777634130575307,0.003243213294579092,0.014533128011173978
39424,0.0050568900126422255,0.014047175644916393,-0.008990285632274168
39427,0.009787928221859706,0.01865233877654622,-0.008864410554686515
39428,0.01847903340440654,0.024629828597151154,-0.006150795192744616
40100,0.07662295463583546,0.14792849147717582,-0.07130553684134036
40130,0.16684870426049783,0.26280455741722586,-0.09595585315672803
40202,0.03751297167207613,0.09109815174744265,-0.05358518007536652
40203,0.06283101682516459,0.03266505534937251,0.030165961475792084
40204,0.04796511627906977,0.060630299069375754,-0.012665182790305984
40205,0.03693630461484471,0.041473716960863403,-0.0045374123460186905
40206,0.035358160358160355,0.04445347859206194,-0.009095318233901584
40207,0.047543347258678696,0.05667205788424866,-0.009128710625569962
40210,0.00811819475972452,0.025320580422775456,-0.017202385663050934
40211,0.03987887059626376,0.0727377109380817,-0.03285884034181795
40212,0.012690019828155982,0.056787760698511255,-0.04409774087035527
40213,0.06341712389945132,0.06756370579136645,-0.0041465818919151215
40214,0.04637736938323872,0.0358869024105486,0.01049046697269012
40215,0.0922845125243267,0.1442754926417112,-0.05199098011738448
40216,0.17151382248265448,0.15975128768846836,0.011762534794186125
40217,0.21548835918994472,0.09259670511022754,0.12289165407971718
40218,0.16734542761940022,0.26203700920699036,-0.09469158158759014
40219,0.1986481498569715,0.27454605271019306,-0.07589790285322157
40220,0.12012667642331037,0.10638561204458274,0.01374106437872763
40221,0.17124071832782703,0.17271990132521922,-0.0014791829973921922
40223,0.14150409951936668,0.11950833360664107,0.021995765912725618
40224,0.16419046238585303,0.11699141827348458,0.04719904411236844
40225,0.0277386768237145,0.022905369669581267,0.0048333071541332324
40226,0.013370619592764135,0.030512921561974597,-0.01714230196921046
40227,0.018814139110604332,0.027168964658061935,-0.008354825547457603
40228,0.020018450184501844,0.026693108916805534,-0.00667465873230369
40229,0.048769190047644254,0.030892977498753804,0.01787621254889045
40230,0.16185848102379172,0.06967250460146357,0.09218597642232815
40231,0.09397810218978102,0.06513015716057081,0.028847945029210204
40341,0.05046457607433217,0.1247221705717087,-0.07425759449737654
40342,0.17049847405900306,0.02180150001703888,0.1486969740419642
40343,0.05437505799387585,0.2212898530409329,-0.16691479504705706
40344,0.08863654285939594,0.10767451457858031,-0.019037971719184366
40345,0.19937205651491366,0.10380466607749353,0.09556739043742013
40348,0.023556581986143188,0.053239488907567994,-0.029682906921424806
40349,0.17845925667422788,0.17229747029438064,0.006161786379847239
40381,0.015495550782448604,0.08493357169495794,-0.06943802091250934
40382,0.07335685566587347,0.10964487749021484,-0.03628802182434138
40383,0.10047917434574272,0.08052868898628618,0.019950485359456538
40384,0.07853526433533498,0.08454650829749055,-0.006011243962155577
40401,0.06284597850862911,0.07204775802940616,-0.009201779520777054
40402,0.04596480582524272,0.04519680774846377,0.0007679980767789502
40421,0.05831788302713636,0.07472030986109551,-0.016402426833959156
40447,0.03412462908011869,0.030749843426852046,0.0033747856532666473
40448,0.009358288770053475,0.017621370838820538,-0.008263082068767063
40503,0.04832251829352478,0.03716651557544595,0.01115600271807883
40522,0.055104151277884476,0.060051114014464724,-0.004946962736580247
40544,0.008117424663627266,0.033983498840038734,-0.025866074176411468
40601,0.0515863405182853,0.06406425264822728,-0.012477912129941982
40602,0.039316239316239315,0.031064791089344387,0.008251448226894928
40604,0.03909643788010426,0.06051013078035847,-0.02141369290025421
40605,0.03985507246376811,0.04538359559550155,-0.005528523131733437
40608,0.008551307847082495,0.04346010709948177,-0.03490879925239927
40609,0.04067796610169491,0.021432482593651235,0.019245483508043677
40610,0.05868966343274644,0.035183226459337885,0.023506436973408554
40621,0.07104947782913884,0.02430080381130277,0.04674867401783607
40625,0.029568890545409367,0.0344834435262477,-0.004914552980838333
40642,0.035922330097087375,0.07194347484564066,-0.03602114474855329
40646,0.01567209162145871,0.016006537195371304,-0.0003344455739125937
40647,0.06280641314429575,0.025963353932885548,0.0368430592114102
41201,0.013326721626479887,0.02175050730052311,-0.008423785674043222
41202,0.033320126035357826,0.020158335070591844,0.013161790964765982
41203,0.08066646062206738,0.11816319823020927,-0.037496737608141886
41204,0.03367003367003367,0.027881283818368977,0.005788749851664693
41205,0.01468515037593985,0.02448387220781815,-0.009798721831878299
41206,0.026784952657169667,0.023340622166440936,0.003444330490728731
41207,0.02646728971962617,0.01810894480063084,0.008358344918995328
41208,0.02449300861190851,0.04899395491589954,-0.024500946303991033
41209,0.005965817478232828,0.019253486085082497,-0.013287668606849668
41210,0.024363536819052834,0.022213837376916075,0.002149699442136759
41327,0.037492317148125384,0.01752135166969681,0.019970965478428575
41341,0.15198107628622118,0.07323886984608122,0.07874220644013996
41345,0.025175776820140622,0.028598383907644624,-0.0034226070875040017
41346,0.027404526166902404,0.04444249875795611,-0.017037972591053708
41387,0.003387278885961611,0.012518198856573064,-0.009130919970611454
41401,0.042059145673603505,0.03203202121570265,0.010027124457900854
41423,0.02868554829339143,0.05289110024094812,-0.024205551947556688
41424,0.03910963178697732,0.020548999219496378,0.018560632567480945
41425,0.02278932997269481,0.01955944622640489,0.0032298837462899216
41441,0.04295185932545402,0.019319686985108386,0.023632172340345634
42201,0.05041813496029033,0.03616365920091894,0.014254475759371388
42202,0.0230309453894671,0.007185274770152281,0.01584567061931482
42203,0.007476941548873001,0.024365334163647057,-0.016888392614774057
42204,0.04213540281319919,0.04009594035233939,0.0020394624608598005
42205,0.02755485961592832,0.09606567483268684,-0.06851081521675852
42207,0.010505581089954037,0.007171522014983722,0.003334059074970315
42208,0.01797253634894992,0.013515753361088984,0.004456782987860935
42209,0.00041013862685587726,0.009908174748372328,-0.009498036121516451
42210,0.0015389350569405972,0.013417728618151596,-0.011878793561211
42211,0.0010284287078527877,0.007264696788227512,-0.006236268080374724
42212,0.0008437394532568343,0.010820676519631707,-0.009976937066374873
42213,0.021482214589276356,0.016073641115520253,0.005408573473756104
42214,0.00394563787812363,0.0252491485160248,-0.021303510637901167
42307,0.07387914230019493,0.15984302698381142,-0.08596388468361649
42308,0.004445043103448276,0.13545481429318162,-0.13100977118973334
42321,0.03432228039557882,0.02078719817856569,0.013535082217013134
42322,0.036751080914144536,0.040529366368352665,-0.0037782854542081287
42323,0.007156147130385,0.02891408646694199,-0.02175793933655699
42383,0.0012406947890818859,0.010375334564064524,-0.009134639774982639
42391,0.02844574780058651,0.027465327450326135,0.0009804203502603755
42411,0.002592440987856461,0.010616984170976382,-0.00802454318311992
43100,0.028082898279225724,0.14315800395083186,-0.11507510567160614
43202,0.018145926657049578,0.01982766237482881,-0.001681735717779232
43203,0.0024,0.028335779427689042,-0.025935779427689043
43204,0.025965801139962,0.03514586599749701,-0.009180064857535006
43205,0.011312443688056863,0.02516290751383623,-0.013850463825779365
43206,0.02377257336343115,0.02681703847617275,-0.003044465112741597
43208,0.0012617412028599468,0.01500537562366059,-0.013743634420800644
43210,0.004743740219092332,0.013843782521833804,-0.009100042302741473
43211,0.04083742569139313,0.04990076050551241,-0.009063334814119285
43212,0.014168006430868168,0.025514609522892938,-0.01134660309202477
43213,0.035451422963689895,0.027629100483226213,0.007822322480463682
43214,0.016999813188866057,0.011000562155946504,0.005999251032919553
43215,0.000959600806064677,0.015105822584061623,-0.014146221777996947
43216,0.03227819574940193,0.07241456938890345,-0.04013637363950152
43348,0.0023124357656731757,0.025277845697232307,-0.02296540993155913
43364,0.06287563569116968,0.015685883510721137,0.04718975218044854
43367,0.0035952747817154596,0.024902048613190612,-0.021306773831475154
43368,0.037295081967213116,0.03846833679155072,-0.0011732548243376037
43369,0.004879301489470981,0.022281145413478157,-0.017401843924007177
43403,0.03214020665639093,0.02546360788728593,0.006676598769105001
43404,0.045952683316871266,0.058135481403465264,-0.012182798086593997
43423,0.0024125452352231603,0.006015707246911292,-0.003603162011688132
43424,0.0003536067892503536,0.01099445174404412,-0.010640844954793767
43425,0.00392156862745098,0.012790836144430613,-0.008869267516979633
43428,0.004355400696864111,0.017289122484636307,-0.012933721787772197
43432,0.0091324200913242,0.012751516370415626,-0.0036190962790914258
43433,0.013643254168772108,0.015394462137101751,-0.0017512079683296433
43441,0.0016431603450636724,0.02268132799769336,-0.021038167652629686
43442,0.003000230786983614,0.03709427872418638,-0.03409404793720276
43443,0.004422110552763819,0.03721228258997251,-0.03279017203720869
43444,0.001845444059976932,0.018211251983773213,-0.016365807923796282
43447,0.0008254230293025176,0.0104223251351473,-0.009596902105844782
43468,0.03488372093023256,0.027966324566214923,0.006917396364017635
43482,0.016699092088197146,0.021548545972095545,-0.004849453883898399
43484,0.02556976097832129,0.035159389912349674,-0.009589628934028385
43501,0.0031256511773286103,0.014789752634422206,-0.011664101457093595
43505,0.009551605200318386,0.016997857593464012,-0.007446252393145626
43506,0.004801097393689987,0.020037547801317196,-0.015236450407627208
43507,0.005069708491761723,0.012772204568598934,-0.007702496076837211
43510,0.002325581395348837,0.026709283849662674,-0.024383702454313837
43511,0.0,0.008904284579403093,-0.008904284579403093
43512,0.002728512960436562,0.009952546574484411,-0.0072240336140478485
43513,0.004419889502762431,0.020856756879143082,-0.01643686737638065
43514,0.007343550446998723,0.01512005002082574,-0.007776499573827017
43531,0.000718132854578097,0.0152234254098714,-0.014505292555293302
44201,0.0237997412406462,0.044052952047862984,-0.020253210807216784
44202,0.03223433295258746,0.11148344483160501,-0.07924911187901755
44203,0.014731136631963078,0.004764716000345989,0.009966420631617089
44204,0.004543125533731853,0.01051645474164583,-0.005973329207913976
44205,0.008280992315519842,0.009968835770125611,-0.0016878434546057693
44206,0.031376916022533737,0.026113159439481025,0.005263756583052712
44207,0.03215480867161356,0.02693688222911466,0.005217926442498903
44208,0.012861326881446582,0.008311373627169813,0.004549953254276769
44209,0.008465259454705365,0.012938992490262147,-0.004473733035556782
44210,0.02233336207639907,0.012935860073430831,0.009397502002968239
44211,0.014736561764836432,0.016566040224320233,-0.0018294784594838007
44212,0.0367663023811247,0.01681092667106858,0.019955375710056122
44213,0.03717166175159454,0.040560922635892366,-0.0033892608842978275
44214,0.0025664527956003667,0.009117235536061107,-0.006550782740460739
44322,0.0,0.02400636653887922,-0.02400636653887922
44341,0.0571773220747889,0.03750219064843416,0.01967513142635474
44461,0.01745254133496632,0.01620736877171785,0.0012451725632484714
44462,0.015365512959801335,0.015398228932595424,-3.271597279408921e-05
45201,0.009005366666851278,0.010730157252233467,-0.0017247905853821893
45202,0.007289797045423168,0.011553204220247602,-0.004263407174824435
45203,0.006984585741811176,0.007129159943266163,-0.00014457420145498698
45204,0.018737308473324717,0.011783056483968865,0.006954251989355852
45205,0.004712182061579652,0.004724536623204954,-1.2354561625302699e-05
45206,0.014236148370712165,0.012956563422263936,0.0012795849484482282
45207,0.009259259259259259,0.0067892632863958274,0.0024699959728634313
45208,0.001392757660167131,0.007091365991442437,-0.005698608331275307
45209,0.01998274870615296,0.01186203275354522,0.00812071595260774
45341,0.010726142844981697,0.014959637656960525,-0.004233494811978829
45361,0.014426028238182934,0.021576620878693088,-0.007150592640510154
45382,0.0006249218847644045,0.01945394999594354,-0.018829028111179136
45383,0.0003368137420006736,0.01388934778955328,-0.013552534047552606
45401,0.017903364969801553,0.02406917652536513,-0.006165811555563578
45402,0.01555190289543558,0.02372277060598125,-0.00817086771054567
45403,0.0,-0.006204563008427741,0.006204563008427741
45404,0.010309278350515464,0.019480433645872472,-0.009171155295357008
45405,0.018473652331920047,0.01446599063535483,0.004007661696565218
45406,0.03942115768463074,0.01678313284231312,0.022638024842317618
45421,0.014774686037921694,0.023835098358331475,-0.00906041232040978
45429,0.0,0.00976786360708553,-0.00976786360708553
45430,0.0,0.011360122481528526,-0.011360122481528526
45431,0.001722158438576349,0.012942604006388823,-0.011220445567812475
45441,0.0,0.006685752556801851,-0.006685752556801851
45442,0.0,0.00997656889865732,-0.00997656889865732
45443,0.0,0.003955653783012179,-0.003955653783012179
46201,0.040615664418134606,0.011928580825445678,0.028687083592688928
46203,0.000724966017217943,0.0037024064221115524,-0.0029774404048936096
46204,0.004428798546445605,0.020087510920258594,-0.01565871237381299
46206,0.023558586484810913,0.018726710356688395,0.004831876128122518
46208,0.014384228116935313,0.007244259512561156,0.007139968604374157
46210,0.03877563742908796,0.0052742452283295466,0.033501392200758415
46213,0.0004571080298643913,0.0037279456186371657,-0.0032708375887727744
46214,0.0011955593509820667,0.022999614016721882,-0.021804054665739817
46215,0.016669421292470427,0.004372730484258139,0.012296690808212288
46216,0.04043595732014471,0.02058811960516469,0.01984783771498002
46217,0.002668205091223769,0.006587847829690484,-0.003919642738466715
46218,0.023331019110607667,0.012589361878359039,0.010741657232248628
46219,0.044715447154471545,0.0341639794207,0.010551467733771545
46220,0.0010670840150814541,0.013211153084370791,-0.012144069069289337
46221,0.0003282455276546857,0.004404202326365979,-0.004075956798711293
46222,0.00010379904504878556,0.00850178276442403,-0.008397983719375245
46223,0.0061271017383870046,0.010573452331774133,-0.0044463505933871285
46224,0.002622122948431582,0.005682384799219696,-0.003060261850788114
46225,0.05019458568871971,0.06730200576200862,-0.017107420073288908
46303,0.0,-0.0014123666855357375,0.0014123666855357375
46304,0.0,-0.0035983218173423204,0.0035983218173423204
46392,0.0019002906326849988,0.006428834465332857,-0.004528543832647858
46404,0.0018731602890018732,0.01607178118155845,-0.014198620892556576
46452,0.03660280240205891,0.02018975972338219,0.01641304267867672
46468,0.0,0.012194019863086374,-0.012194019863086374
46482,0.0,0.012476313752775199,-0.012476313752775199
46490,0.0,0.012889588000355376,-0.012889588000355376
46491,0.0,0.007977156719120311,-0.007977156719120311
46492,0.0005006675567423231,0.01592265091804497,-0.015421983361302646
46501,0.0003109452736318408,0.0006310797177091348,-0.00032013444407729406
46502,0.0004170141784820684,0.0019135435247499694,-0.001496529346267901
46505,0.0007751937984496124,0.009352618549692951,-0.008577424751243339
46523,0.0,0.007542990760967726,-0.007542990760967726
46524,0.0,-0.0004206660837928755,0.0004206660837928755
46525,0.0008854781582054309,0.019243148511320293,-0.018357670353114863
46527,0.0,0.02053718720838997,-0.02053718720838997
46529,0.001105379513633014,0.007665427546918374,-0.00656004803328536
46530,0.00022326412145568208,-0.0011299585835301412,0.0013532227049858233
46531,0.00043122035360068997,0.011411723589552246,-0.010980503235951556
46532,0.0012320328542094457,0.009753293079657242,-0.008521260225447797
46533,0.0,0.007808910354951466,-0.007808910354951466
46534,0.0008861320336730173,0.006363789406726418,-0.005477657373053401
46535,0.0010070493454179255,0.007155860696525108,-0.006148811351107183
47201,0.05555640162648676,0.34074203941748477,-0.28518563779099804
47205,0.0009473684210526315,0.29531112267980153,-0.2943637542587489
47207,0.0007597547077657785,0.015182182306226075,-0.014422427598460297
47208,0.01381544571010555,0.2538195087489601,-0.24000406303885455
47209,0.00014994189751471306,0.029839621297173845,-0.029689679399659132
47210,0.0005212793685072793,0.07943518213896231,-0.07891390277045503
47211,0.0006980802792321117,0.21681174641248568,-0.21611366613325358
47212,0.002171552660152009,0.1309082796640538,-0.1287367270039018
47213,0.0005437614699685072,0.10919801223872208,-0.10865425076875357
47214,0.00042448825582492216,0.010522302964887889,-0.010097814709062966
47215,0.0005257347142631828,0.06751624165103882,-0.06699050693677565
47301,0.0,0.008919339424658404,-0.008919339424658404
47302,0.0,0.016771546833176096,-0.016771546833176096
47303,0.0,0.006137392792609747,-0.006137392792609747
47306,0.00026737967914438503,0.009613605852605345,-0.00934622617346096
47308,0.0005137866072957698,0.02057643816875975,-0.02006265156146398
47311,0.00042707666026051675,0.039502662732144644,-0.039075586071884126
47313,0.0,0.005458287813013697,-0.005458287813013697
47314,0.0,0.02332677918729628,-0.02332677918729628
47315,0.0,0.009752955810422563,-0.009752955810422563
47324,0.0004350257908147412,0.09368839149846309,-0.09325336570764835
47325,0.0007501875468867217,0.15276987058927177,-0.15201968304238506
47326,0.0008586147681740126,0.1613173309326906,-0.1604587161645166
47327,0.00030079711234772146,0.19587327984911346,-0.19557248273676572
47328,0.001563314226159458,0.10766796479269329,-0.10610465056653383
47329,0.00752162467092892,0.13986888457251095,-0.13234725990158203
47348,0.0012907768129547055,0.10493307386523507,-0.10364229705228035
47350,0.0013713658804168952,0.13525557091443546,-0.13388420503401857
47353,0.0,0.015285702825891596,-0.015285702825891596
47354,0.002242152466367713,0.022798703794772515,-0.020556551328404803
47355,0.0,0.010226026612782595,-0.010226026612782595
47356,0.0106951871657754,0.0002398151861861264,0.010455371979589274
47357,0.0,0.0006859543369902438,-0.0006859543369902438
47358,0.0,-0.0018947067852866512,0.0018947067852866512
47359,0.0,-0.001943733197647346,0.001943733197647346
47360,0.0017953321364452424,-0.005998548288183567,0.007793880424628809
47361,0.0,-0.0015002745225890096,0.0015002745225890096
47362,0.0004320276497695853,0.029803068951287162,-0.029371041301517575
47375,0.007751937984496124,0.0038304985129836433,0.003921439471512481
47381,0.0011675423234092236,-0.0073390934018266185,0.008506635725235842
47382,0.0,0.005395267394355037,-0.005395267394355037
