code,observed,group_oof_prediction,residual
01100,0.21539710987845476,0.18742002546787262,0.027977084410582137
01202,0.02057354882179744,0.03587637469172478,-0.015302825869927338
01203,0.06267403314917128,0.08097051084041595,-0.018296477691244678
01204,0.005573106853211888,0.04313924163579941,-0.037566134782587524
01205,0.011764383261119947,0.08531386405229568,-0.07354948079117574
01206,0.002286890400777543,0.04053689166903496,-0.038250001268257415
01207,0.0025141764022682243,0.02266065403819084,-0.020146477635922616
01208,0.00448217457760152,0.016703909263014793,-0.012221734685413273
01209,0.0029906542056074765,0.010713493451476097,-0.007722839245868621
01210,0.04967648303803592,0.009022452868521214,0.04065403016951471
01211,0.004844419601267002,0.028285127133131027,-0.023440707531864023
01212,0.0016256638127235287,0.03231889754533768,-0.030693233732614147
01213,0.017105871474803514,0.034732237458229065,-0.01762636598342555
01214,0.0013596633214632567,0.0177862960845232,-0.016426632763059945
01215,0.04334987006850933,0.010412399657070637,0.03293747041143869
01216,0.014011951370286421,0.01751958578824997,-0.0035076344179635482
01217,0.13504450569708035,0.11002904176712036,0.025015463929959986
01218,0.01474010861132661,0.038362618535757065,-0.023622509924430456
01219,0.0005474652359575167,0.016196291893720627,-0.01564882665776311
01220,0.007904626150058313,0.013277851976454258,-0.005373225826395945
01221,0.0046955705118171855,0.01108509674668312,-0.006389526234865935
01222,0.0061468780329990294,0.02021397463977337,-0.01406709660677434
01223,0.0021571937722753703,0.010716014541685581,-0.00855882076941021
01224,0.060448318301959125,0.06354372948408127,-0.003095411182122143
01225,0.013826169370574789,0.018865834921598434,-0.005039665551023646
01226,0.025345937799698588,0.033273596316576004,-0.007927658516877416
01227,0.012195121951219513,0.05954998359084129,-0.047354861639621784
01228,0.02546709508508866,0.012418433092534542,0.013048661992554118
01229,0.008327024981074944,0.012599834240972996,-0.004272809259898052
01230,0.018295946669261837,0.04512450471520424,-0.0268285580459424
01231,0.12133286110619208,0.05700727924704552,0.06432558185914657
01233,0.01937740468695348,0.00648075295612216,0.012896651730831321
01234,0.09433820772403449,0.13981522619724274,-0.045477018473208244
01235,0.010278938838181352,0.06019526720046997,-0.04991632836228862
01236,0.022582228767795778,0.05127030983567238,-0.0286880810678766
01303,0.17046379170056958,0.046031299978494644,0.12443249172207493
01304,0.015194681861348529,0.03511716425418854,-0.01992248239284001
01331,0.0029548332629801602,0.0173020176589489,-0.014347184395968738
01332,0.00357653791130186,0.016453860327601433,-0.012877322416299573
01333,0.008365867261572783,0.01543401274830103,-0.007068145486728246
01334,0.017409470752089137,0.02284226380288601,-0.005432793050796872
01337,0.0272608125819135,0.04184659942984581,-0.014585786847932311
01343,0.035391566265060244,0.02129269763827324,0.014098868626787005
01345,0.027671913835956918,0.011421695351600647,0.01625021848435627
01346,0.008008153756552125,0.0063525475561618805,0.0016556062003902448
01347,0.011353711790393014,0.00796312652528286,0.003390585265110154
01361,0.0011994002998500749,0.009842115454375744,-0.008642715154525669
01362,0.0011229646266142617,0.015149121172726154,-0.014026156546111893
01363,0.0021008403361344537,0.01313488557934761,-0.011034045243213157
01364,0.00332667997338656,0.01199182216078043,-0.00866514218739387
01367,0.0009115770282588879,0.003510901005938649,-0.0025993239776797615
01370,0.0014970059880239522,0.01442860346287489,-0.012931597474850938
01371,0.0017780938833570413,0.00973997451364994,-0.007961880630292899
01391,0.005649717514124294,0.006422474514693022,-0.000772757000568728
01392,0.002325581395348837,0.011836054734885693,-0.009510473339536855
01393,0.023450586264656615,0.004587035626173019,0.018863550638483596
01394,0.028002154011847066,0.00965404137969017,0.018348112632156896
01395,0.022306597057427623,0.009389577433466911,0.012917019623960711
01396,0.0011682242990654205,0.006240406539291143,-0.005072182240225723
01397,0.003036437246963563,0.025040796026587486,-0.022004358779623923
01398,0.001184834123222749,0.015116600319743156,-0.013931766196520408
01399,0.0038255547054322878,0.020434364676475525,-0.016608809971043238
01400,0.007039337474120083,0.02394474670290947,-0.016905409228789386
01401,0.0027821939586645467,0.005698496475815773,-0.0029163025171512263
01402,0.0011252813203300824,0.053997769951820374,-0.05287248863149029
01403,0.0026954177897574125,0.01788332499563694,-0.015187907205879527
01404,0.003003003003003003,0.013215683400630951,-0.010212680397627948
01405,0.0030349013657056147,0.004641071893274784,-0.0016061705275691694
01406,0.0026109660574412533,0.006400687620043755,-0.0037897215626025013
01407,0.05184534270650264,0.01049050036817789,0.041354842338324746
01408,0.03134669716130768,0.02300349622964859,0.008343200931659092
01409,0.007104795737122558,0.012549648061394691,-0.0054448523242721335
01423,0.007429420505200594,0.047166816890239716,-0.03973739638503912
01424,0.05141269106067624,0.012624072842299938,0.0387886182183763
01425,0.010466222645099905,0.06131339073181152,-0.05084716808671162
01427,0.03397260273972603,0.013004145585000515,0.020968457154725513
01428,0.012801575578532743,0.023951293900609016,-0.011149718322076273
01429,0.014890939597315436,0.013620162382721901,0.0012707772145935346
01430,0.012302284710017574,0.03071548603475094,-0.018413201324733362
01431,0.02120141342756184,0.007426574360579252,0.013774839066982587
01432,0.010865191146881288,0.027352716773748398,-0.01648752562686711
01433,0.02720348204570185,0.02501077577471733,0.0021927062709845187
01434,0.0282021151586369,0.016029002144932747,0.012173113013704152
01436,0.005611672278338945,0.03070422075688839,-0.025092548478549446
01437,0.005110732538330494,0.010405533947050571,-0.005294801408720078
01438,0.03466204506065858,0.02114875055849552,0.013513294502163056
01452,0.001387443635102324,0.04739396646618843,-0.046006522831086104
01453,0.002802932298404485,0.03953734040260315,-0.03673440810419867
01454,0.02825077399380805,0.010195732116699219,0.01805504187710883
01455,0.03409881697981907,0.013139849528670311,0.02095896745114876
01456,0.032432432432432434,0.013726217672228813,0.01870621476020362
01457,0.014823965410747375,0.02035696431994438,-0.005532998909197007
01458,0.004367934224049332,0.032649971544742584,-0.028282037320693253
01459,0.031057563587684068,0.017257139086723328,0.01380042450096074
01460,0.020236425566018835,0.032810233533382416,-0.012573807967363581
01461,0.045636052481460354,0.01028424222022295,0.035351810261237404
01462,0.0158311345646438,0.007352376356720924,0.008478758207922876
01463,0.0050062578222778474,0.022977009415626526,-0.01797075159334868
01464,0.030352748154224774,0.012334532104432583,0.01801821604979219
01465,0.02336448598130841,0.017203237861394882,0.006161248119913528
01468,0.000774593338497289,0.0034884812775999308,-0.002713887939102642
01469,0.008830022075055188,0.010998193174600601,-0.0021681710995454136
01470,0.012755102040816327,0.029037315398454666,-0.01628221335763834
01471,0.0014044943820224719,-0.0021000434644520283,0.0035045378464745
01472,0.011986301369863013,0.00699007511138916,0.004996226258473853
01481,0.0005841121495327102,0.006940006744116545,-0.006355894594583834
01482,0.0007686395080707148,0.012954085133969784,-0.012185445625899068
01483,0.0015885623510722795,0.008954853750765324,-0.007366291399693044
01484,0.0003505082369435682,0.007146271411329508,-0.0067957631743859395
01485,0.0,0.002858585212379694,-0.002858585212379694
01486,0.0,0.006499850191175938,-0.006499850191175938
01487,0.002204261572373255,0.00540018267929554,-0.003195921106922285
01511,0.003117692907248636,0.00620329100638628,-0.003085598099137644
01512,0.0005927682276229994,0.008410190232098103,-0.007817422004475104
01513,0.001321003963011889,0.0031131678260862827,-0.0017921638630743937
01514,0.0008880994671403197,0.005140436813235283,-0.004252337346094964
01516,0.007234279354479688,0.013676902279257774,-0.006442622924778086
01517,0.0,0.003263087011873722,-0.003263087011873722
01518,0.001088139281828074,0.001727017224766314,-0.00063887794293824
01519,0.0018165304268846503,-0.001672003185376525,0.003488533612261175
01520,0.0,0.003855362767353654,-0.003855362767353654
01543,0.01602229188436085,0.009718070738017559,0.00630422114634329
01544,0.0,0.01055871695280075,-0.01055871695280075
01545,0.00895583146753511,0.01104236301034689,-0.002086531542811779
01546,0.02125984251968504,0.01808265969157219,0.0031771828281128497
01547,0.0042997542997543,0.0046254852786660194,-0.0003257309789117197
01549,0.0,0.026015497744083405,-0.026015497744083405
01550,0.0029239766081871343,0.00922356452792883,-0.006299587919741695
01552,0.001987083954297069,0.008419133722782135,-0.006432049768485066
01555,0.004817618719889883,0.0014911821344867349,0.003326436585403148
01559,0.002119285498032092,0.0109028285369277,-0.008783543038895609
01560,0.0,0.006227642297744751,-0.006227642297744751
01561,0.0006337135614702154,0.003996295854449272,-0.0033625822929790566
01562,0.0020876826722338203,0.015447631478309631,-0.01335994880607581
01563,0.0014627011214041932,0.012261219322681427,-0.010798518201277234
01564,0.01435602953240361,0.010940063744783401,0.0034159657876202086
01571,0.036340038935756006,0.010734819807112217,0.02560521912864379
01575,0.00847457627118644,0.012191333808004856,-0.0037167575368184155
01578,0.03616858237547893,0.01714436337351799,0.01902421900196094
01581,0.007838745800671893,0.014047462493181229,-0.006208716692509336
01584,0.020443420673769076,0.01106924656778574,0.009374174105983336
01585,0.032383808095952024,0.008338970132172108,0.024044837963779916
01586,0.009664753850800362,0.010303710587322712,-0.0006389567365223496
01601,0.005400192864030858,0.004877868108451366,0.0005223247555794916
01602,0.004155124653739612,0.0034670131281018257,0.0006881115256377867
01604,0.0034453057708871662,0.005957685876637697,-0.002512380105750531
01607,0.0014052344985069384,0.024089667946100235,-0.022684433447593296
01608,0.0,0.017052307724952698,-0.017052307724952698
01609,0.0006389776357827476,0.010402727872133255,-0.009763750236350507
01610,0.0018472237313919375,0.0021876569371670485,-0.00034043320577511094
01631,0.0018668012108980828,0.018931444734334946,-0.017064643523436864
01632,0.0008853474988933156,0.011546931229531765,-0.01066158373063845
01633,0.001971414489896501,0.0070085683837533,-0.005037153893856798
01634,0.002139495079161318,0.013546738773584366,-0.011407243694423048
01635,0.016599040944300997,0.008554751053452492,0.008044289890848506
01636,0.01660862577015805,0.01710081472992897,-0.00049218895977092
01637,0.011742892459826947,0.034061308950185776,-0.02231841649035883
01638,0.001095890410958904,0.012927339412271976,-0.011831449001313072
01639,0.0016764459346186086,0.008001589216291904,-0.006325143281673296
01641,0.0003901677721420211,0.006028405390679836,-0.0056382376185378155
01642,0.0014154281670205238,0.005082495976239443,-0.003667067809218919
01643,0.011052457934675025,0.027283471077680588,-0.01623101314300556
01644,0.013513513513513514,0.015001105144619942,-0.0014875916311064274
01645,0.0156794425087108,0.023607658222317696,-0.007928215713606895
01646,0.0014316392269148174,0.012514915317296982,-0.011083276090382165
01647,0.001091703056768559,0.003956762608140707,-0.002865059551372148
01648,0.0009852216748768472,0.007611535023897886,-0.0066263133490210395
01649,0.013498312710911136,0.010603358969092369,0.0028949537418187666
01661,0.0029653284671532845,0.04336358234286308,-0.0403982538757098
01662,0.012565971349585323,0.007756263017654419,0.004809708331930904
01663,0.006394490900147565,0.017423897981643677,-0.011029407081496112
01664,0.013056578506863073,0.005023282486945391,0.008033296019917683
01665,0.012426648256817397,0.02169770374894142,-0.009271055492124024
01667,0.0,0.016625329852104187,-0.016625329852104187
01668,0.00591016548463357,0.018253300338983536,-0.012343134854349966
01691,0.0010676156583629894,0.020917769521474838,-0.019850153863111848
01692,0.001457226127207269,0.0029755125287920237,-0.0015182864015847546
01693,0.00043084877208099956,0.01210329495370388,-0.011672446181622881
01694,0.0009037505648441031,0.014794274233281612,-0.013890523668437509
02201,0.01797040991835877,0.061714451760053635,-0.043744041841694864
02202,0.010751446569929308,0.01198548637330532,-0.0012340398033760126
02203,0.010445274025526686,0.05435143783688545,-0.04390616381135877
02204,0.01715162840363054,0.027255821973085403,-0.010104193569454863
02205,0.008843169103049992,0.011056977324187756,-0.0022138082211377638
02206,0.0017508128774073677,0.012874809093773365,-0.011123996216365997
02207,0.0076636508781266635,0.016603071242570877,-0.008939420364444214
02208,0.002415953482658368,0.003680106485262513,-0.0012641530026041453
02209,0.011562178828365879,0.024170750752091408,-0.012608571923725529
02210,0.02920818437666388,0.020678836852312088,0.00852934752435179
02301,0.04956413449564134,0.024036195129156113,0.02552793936648523
02303,0.025252525252525252,0.013440227136015892,0.01181229811650936
02304,0.0580168776371308,0.02061174064874649,0.03740513698838431
02307,0.026955602536997886,0.027535220608115196,-0.0005796180711173105
02321,0.028891509433962265,0.021292783319950104,0.007598726114012161
02323,0.033820138355111454,0.009388744831085205,0.02443139352402625
02343,0.0017513134851138354,0.00926403421908617,-0.007512720733972335
02361,0.03285954455142901,0.03281557932496071,4.396522646830242e-05
02362,0.04497792494481236,0.03691859543323517,0.008059329511577194
02367,0.019302615193026153,0.038610491901636124,-0.01930787670860997
02381,0.023898586866167915,0.03607628121972084,-0.012177694353552926
02384,0.023170993349066724,0.02483709529042244,-0.0016661019413557153
02387,0.015219842164599774,0.025985268875956535,-0.010765426711356762
02401,0.02472382956338769,0.028369253501296043,-0.0036454239379083535
02402,0.005949585094723657,0.027220813557505608,-0.02127122846278195
02405,0.0037974683544303796,0.014772314578294754,-0.010974846223864375
02406,0.030837004405286344,0.015208329074084759,0.015628675331201585
02408,0.028848860118209963,0.023137124255299568,0.005711735862910395
02411,0.0016534391534391533,0.0064983610063791275,-0.004844921852939974
02412,0.011020881670533642,0.015889257192611694,-0.004868375522078052
02423,0.0014727540500736377,0.0008085860754363239,0.0006641679746373138
02424,0.0018552875695732839,0.007904242724180222,-0.0060489551546069375
02425,0.0,0.016704220324754715,-0.016704220324754715
02426,0.0028368794326241137,0.0018880389397963881,0.0009488404928277255
02441,0.018923713778829097,0.024266595020890236,-0.005342881242061139
02442,0.0028204766605556338,0.025774165987968445,-0.02295368932741281
02443,0.00354251012145749,0.020447075366973877,-0.01690456524551639
02445,0.023932820153953815,0.027659494429826736,-0.003726674275872921
02446,0.012078362056267491,0.032291997224092484,-0.02021363516782499
02450,0.00129366106080207,0.013233819976449013,-0.011940158915646943
03201,0.02563080644274641,0.013106517493724823,0.012524288949021588
03202,0.007333869957964404,0.007687550503760576,-0.00035368054579617246
03203,0.005257687840068472,0.02831537462770939,-0.02305768678764092
03205,0.027401849122336862,0.014355940744280815,0.013045908378056047
03206,0.022869302273490873,0.02329198084771633,-0.0004226785742254581
03207,0.006052021632758177,0.020604915916919708,-0.014552894284161531
03208,0.01641380534114098,0.013591674156486988,0.002822131184653992
03209,0.017220879837379664,0.012053394690155983,0.005167485147223681
03210,0.004671260072404531,0.026008155196905136,-0.021336895124500606
03211,0.003843197540353574,0.017262637615203857,-0.013419440074850283
03213,0.017823799015447294,0.016977563500404358,0.0008462355150429361
03214,0.026242161119150988,0.013952385634183884,0.012289775484967104
03215,0.015391038657886246,0.016352787613868713,-0.0009617489559824669
03216,0.028959092750101254,0.0349610410630703,-0.006001948312969043
03301,0.04120102329338898,0.016492603346705437,0.024708419946683546
03302,0.0014655593551538837,0.017340626567602158,-0.015875067212448274
03303,0.04438095238095238,0.02516636624932289,0.01921458613162949
03321,0.061309712116418856,0.022850684821605682,0.038459027294813174
03322,0.049204439096135845,0.03752883896231651,0.011675600133819332
03366,0.007958801498127341,0.017724696546792984,-0.009765895048665643
03381,0.025611766197540256,0.016342129558324814,0.009269636639215442
03402,0.028194361127774445,0.0312751866877079,-0.003080825559933456
03441,0.004074241738343142,0.032794736325740814,-0.02872049458739767
03461,0.0075096407550233404,0.029036695137619972,-0.021527054382596632
03482,0.02227488151658768,0.02512858621776104,-0.002853704701173361
03483,0.006017505470459519,0.009790755808353424,-0.0037732503378939053
03484,0.014570552147239263,0.016080636531114578,-0.0015100843838753153
03485,0.031569173630454965,0.02039133943617344,0.011177834194281526
03501,0.0014112334180073384,0.022095199674367905,-0.020683966256360566
03503,0.02079722703639515,0.028551561757922173,-0.007754334721527024
03506,0.0027906976744186047,0.024118572473526,-0.021327874799107395
03507,0.034870992963252544,0.03693954274058342,-0.002068549777330876
03524,0.02913800080938891,0.022887151688337326,0.006250849121051585
04100,0.1599282348938823,0.10871085524559021,0.051217379648292094
04202,0.03435235292256084,0.025491535663604736,0.008860817258956107
04203,0.13772506186534686,0.1902945339679718,-0.05256947210262494
04205,0.009111867383906028,0.031039966270327568,-0.02192809888642154
04206,0.06310013717421124,0.022989045828580856,0.04011109134563039
04207,0.1149579291494721,0.11576634645462036,-0.0008084173051482596
04208,0.03240058910162003,0.025258636102080345,0.007141952999539687
04209,0.15651106488901012,0.14393796026706696,0.012573104621943165
04211,0.12422062350119904,0.08714593946933746,0.03707468403186158
04212,0.011995386389850057,0.014817276038229465,-0.0028218896483794085
04213,0.0135931289040318,0.022221099585294724,-0.008627970681262923
04214,0.07432928551256707,0.029941575601696968,0.0443877099108701
04215,0.03761263123088369,0.024853073060512543,0.012759558170371145
04216,0.013692022263450836,0.11189614236354828,-0.09820412010009744
04301,0.023823704586063133,0.023052070289850235,0.0007716342962128982
04302,0.0,0.017216254025697708,-0.017216254025697708
04321,0.08492400141392718,0.03456426039338112,0.050359741020546064
04322,0.013628966639544346,0.02467181719839573,-0.011042850558851383
04323,0.09606226637308618,0.06315727531909943,0.032904991053986754
04324,0.003668378576669112,0.01994241029024124,-0.01627403171357213
04341,0.02021193092621664,0.02103356085717678,-0.0008216299309601396
04361,0.10241966457559852,0.016807280480861664,0.08561238409473686
04362,0.08413369189396849,0.028223374858498573,0.05591031703546992
04401,0.1617304492512479,0.06017635017633438,0.10155409907491353
04404,0.016408386508659983,0.12372428178787231,-0.10731589527921233
04406,0.06298090624109433,0.11614884436130524,-0.05316793812021091
04421,0.005474836807749,0.0196188036352396,-0.014143966827490601
04422,0.013658820110433014,0.01952044665813446,-0.005861626547701447
04424,0.0025334781035106766,0.010820197872817516,-0.00828671976930684
04444,0.0038910505836575876,0.020094506442546844,-0.016203455858889257
04445,0.004371903235208394,0.018454479053616524,-0.01408257581840813
04501,0.042169550676166935,0.01553178858011961,0.026637762096047325
04505,0.06766304347826087,0.02615840546786785,0.041504638010393016
04581,0.04279782816991377,0.025020616129040718,0.01777721204087305
04606,0.011028712683019585,0.01806456968188286,-0.007035856998863273
05201,0.016316727570521158,0.06386696547269821,-0.04755023790217705
05202,0.012784156942959417,0.027555638924241066,-0.01477148198128165
05203,0.008830839194119824,0.02001236565411091,-0.011181526459991084
05204,0.009515435103476431,0.019213208928704262,-0.00969777382522783
05206,0.03379681315335431,0.0414363369345665,-0.0076395237812121874
05207,0.008431340959132163,0.025189215317368507,-0.016757874358236342
05209,0.013272658323852863,0.017701206728816032,-0.00442854840496317
05210,0.01451194932335157,0.012825999408960342,0.0016859499143912268
05211,0.052840158520475564,0.04950013384222984,0.0033400246782457205
05212,0.02066590126291619,0.02110818214714527,-0.00044228088422908207
05213,0.018889745566692366,0.02401835285127163,-0.005128607284579263
05214,0.02296392711044998,0.02681783400475979,-0.0038539068943098075
05215,0.01730135481508605,0.026091210544109344,-0.008789855729023296
05303,0.004217432052483599,0.015443270094692707,-0.011225838042209108
05327,0.0012658227848101266,0.03743726387619972,-0.036171441091389596
05346,0.010342084327764518,0.032896023243665695,-0.022553938915901177
05348,0.02394822006472492,0.024035228416323662,-8.70083515987427e-05
05349,0.017894736842105262,0.029704101383686066,-0.011809364541580804
05361,0.022663682148852827,0.03863737732172012,-0.015973695172867296
05363,0.05892047795632468,0.06366915255784988,-0.004748674601525206
05366,0.05184829572731637,0.04369322583079338,0.008155069896522989
05368,0.013064133016627079,0.031215418130159378,-0.018151285113532298
05434,0.008420303605313094,0.020146450027823448,-0.011726146422510355
05463,0.0030312699425654116,0.020405655726790428,-0.017374385784225017
05464,0.004663557628247834,0.0312826968729496,-0.026619139244701766
06201,0.013750948486636877,0.04079357534646988,-0.027042626859833004
06202,0.01004926591338023,0.026697859168052673,-0.016648593254672443
06203,0.005621937591334995,0.02080523781478405,-0.015183300223449055
06204,0.004479069372505732,0.02754107676446438,-0.02306200739195865
06205,0.01245353159851301,0.031810399144887924,-0.019356867546374914
06206,0.029156736473809643,0.032554708421230316,-0.003397971947420673
06207,0.029228666869116307,0.03419236093759537,-0.00496369406847906
06208,0.02912142152023692,0.027736328542232513,0.0013850929780044076
06209,0.014008872285780995,0.025433357805013657,-0.011424485519232662
06210,0.03323624595469256,0.040011290460824966,-0.006775044506132408
06211,0.027989047763918466,0.021859759464859962,0.006129288299058504
06212,0.02282453637660485,0.019081665202975273,0.0037428711736295778
06213,0.034173282706247844,0.0238928385078907,0.010280444198357143
06301,0.03474500447360573,0.04111168161034584,-0.006366677136740113
06302,0.0410641989589358,0.04336549714207649,-0.0023012981831406903
06321,0.011077664057796508,0.03069562464952469,-0.01961796059172818
06322,0.013642564802182811,0.023905688896775246,-0.010263124094592435
06323,0.01114099116404149,0.021045489236712456,-0.009904498072670966
06324,0.024466571834992887,0.021160675212740898,0.0033058966222519887
06341,0.04688038607376767,0.022481637075543404,0.024398748998224265
06361,0.002900953170327393,0.010369614697992802,-0.0074686615276654085
06362,0.027229786051681023,0.016227010637521744,0.01100277541415928
06363,0.019787644787644786,0.03597673773765564,-0.016189092950010853
06364,0.02294154619736015,0.024551361799240112,-0.001609815601879963
06365,0.007633587786259542,0.015789637342095375,-0.008156049555835834
06366,0.011143695014662757,0.017127154394984245,-0.005983459380321488
06367,0.0164021164021164,0.02060248889029026,-0.00420037248817386
06381,0.020333239197966677,0.020377665758132935,-4.442656016625732e-05
06382,0.023009950248756218,0.019166167825460434,0.0038437824232957843
06401,0.022280856053943126,0.02018178068101406,0.002099075372929065
06402,0.016578249336870028,0.017277907580137253,-0.0006996582432672246
06403,0.02637577336372517,0.012571140192449093,0.013804633171276077
06426,0.002044989775051125,0.024956034496426582,-0.022911044721375458
06428,0.02053366687513029,0.0208653025329113,-0.0003316356577810105
06461,0.015273876404494381,0.02159086987376213,-0.00631699346926775
07201,0.04226073919960837,0.034220192581415176,0.008040546618193194
07202,0.009524338947875554,0.018243474885821342,-0.008719135937945788
07203,0.014884536838246845,0.0353265218436718,-0.020441985005424955
07204,0.020549601095978726,0.04706696793437004,-0.026517366838391315
07205,0.021362772859242266,0.02700059860944748,-0.005637825750205213
07207,0.020566223820850497,0.021119853481650352,-0.0005536296607998557
07208,0.014416775884665793,0.015133405104279518,-0.0007166292196137247
07209,0.022945603622345958,0.014716881327331066,0.008228722295014892
07210,0.03973379538473655,0.02149609662592411,0.01823769875881244
07211,0.037783844149398185,0.016155913472175598,0.021627930677222587
07212,0.015799147471745337,0.02151084691286087,-0.005711699441115534
07213,0.04140592797991532,0.017907481640577316,0.023498446339338
07214,0.04390015391822258,0.02219461090862751,0.02170554300959507
07301,0.06009984639016897,0.02842332236468792,0.03167652402548105
07303,0.08202396804260985,0.02905290015041828,0.05297106789219157
07308,0.004174573055028463,0.03219986706972122,-0.02802529401469276
07322,0.022822543083372147,0.01026123110204935,0.012561311981322796
07342,0.04431034482758621,0.011784320697188377,0.03252602413039783
07344,0.00823045267489712,0.01792113296687603,-0.00969068029197891
07362,0.03533240353324035,0.018386052921414375,0.016946350611825978
07364,0.0,0.022183813154697418,-0.022183813154697418
07367,0.0,0.016049068421125412,-0.016049068421125412
07368,0.017772884554891476,0.013141598552465439,0.004631286002426037
07402,0.007698887938408896,0.01855466142296791,-0.010855773484559014
07405,0.031512605042016806,0.01735539361834526,0.014157211423671545
07407,0.046610169491525424,0.014038877561688423,0.032571291929837
07408,0.03624298111281266,0.03461498022079468,0.0016280008920179848
07421,0.0191784743094318,0.01803540252149105,0.0011430717879407498
07422,0.013748191027496382,0.01670512557029724,-0.0029569345428008594
07423,0.035101404056162244,0.013466035947203636,0.021635368108958608
07444,0.05128205128205128,0.010819592513144016,0.040462458768907264
07445,0.0076103500761035,0.009727774187922478,-0.0021174241118189774
07446,0.0,0.006997215561568737,-0.006997215561568737
07447,0.017907634307257305,0.016836093738675117,0.0010715405685821876
07461,0.016800874838453127,0.024998322129249573,-0.008197447290796446
07464,0.03795202291442893,0.011801310814917088,0.026150712099511843
07465,0.013125512715340444,0.03020208328962326,-0.017076570574282815
07466,0.035064417585336696,0.0272216834127903,0.007842734172546398
07481,0.015497683335996165,0.026605015620589256,-0.011107332284593091
07482,0.028428093645484948,0.014419235289096832,0.014008858356388116
07483,0.02137571937517128,0.018804918974637985,0.0025708004005332956
07484,0.012363636363636363,0.012007307261228561,0.0003563291024078017
07501,0.01578716561906154,0.031242644414305687,-0.015455478795244147
07502,0.033693163231926726,0.019199742004275322,0.014493421227651404
07503,0.004706734250543085,0.01595654897391796,-0.011249814723374876
07504,0.04098073555166375,0.01923113316297531,0.021749602388688435
07505,0.005529953917050691,0.01367449201643467,-0.008144538099383978
07521,0.03429887286389528,0.018661119043827057,0.015637753820068226
07522,0.03172381618847679,0.015692204236984253,0.01603161195149254
07541,0.015671641791044775,0.0372893325984478,-0.021617690807403025
07542,0.023687580025608196,0.04318353906273842,-0.019495959037130223
07543,0.009523809523809525,0.030177529901266098,-0.020653720377456573
07544,0.0025412960609911056,0.009629358537495136,-0.007088062476504031
07545,0.010810810810810811,0.027115706354379654,-0.016304895543568843
07547,0.004188481675392671,0.009345803409814835,-0.005157321734422164
07548,0.010869565217391304,0.006946059875190258,0.003923505342201046
07561,0.046031746031746035,0.018899450078606606,0.02713229595313943
07564,0.0,0.02334609441459179,-0.02334609441459179
08201,0.03610587931883367,0.06970781087875366,-0.033601931559919994
08202,0.07171755278323425,0.10322628915309906,-0.031508736369864815
08203,0.061356859610832745,0.07470204681158066,-0.013345187200747913
08204,0.0634126615644985,0.040632158517837524,0.022780503046660974
08205,0.042587837414667755,0.03306959941983223,0.009518237994835525
08207,0.04208704461986576,0.05289547145366669,-0.010808426833800927
08208,0.09747559552608362,0.13411854207515717,-0.036642946549073546
08210,0.020663377460798202,0.035088714212179184,-0.014425336751380982
08211,0.037534785854883596,0.04112211987376213,-0.003587334018878535
08212,0.019702434625789,0.04176301881670952,-0.02206058419092052
08214,0.061203152645970725,0.05331713333725929,0.007886019308711432
08215,0.05472483428395252,0.03547125309705734,0.01925358118689518
08216,0.05770845830833833,0.043145954608917236,0.014562503699421095
08217,0.23690129663932258,0.2094707489013672,0.02743054773795539
08219,0.14446533981089693,0.1844492107629776,-0.03998387095208067
08220,0.06276338428546492,0.08923764526844025,-0.026474260982975326
08221,0.05551007260867814,0.11589840799570084,-0.06038833538702269
08222,0.016419635572477564,0.08276310563087463,-0.06634347005839707
08223,0.02134947821237951,0.07682455331087112,-0.055475075098491616
08224,0.237052463936786,0.20629525184631348,0.030757212090472524
08225,0.031829787234042554,0.029524385929107666,0.0023054013049348884
08226,0.041888804265041886,0.07063113898038864,-0.028742334715346755
08227,0.03409214445676516,0.043790340423583984,-0.009698195966818826
08228,0.005554874811093412,0.032720837742090225,-0.027165962930996813
08229,0.010805061023401634,0.04045312851667404,-0.02964806749327241
08230,0.045700448245659234,0.04074458032846451,0.004955867917194726
08231,0.031546266008759774,0.037515971809625626,-0.0059697058008658516
08232,0.009276968058211875,0.05113007500767708,-0.0418531069494652
08233,0.0077480086893555395,0.02971627376973629,-0.02196826508038075
08234,0.017855227882037535,0.02304874174296856,-0.005193513860931025
08235,0.1476392705470897,0.05155889317393303,0.09608037737315667
08236,0.029296875,0.038364291191101074,-0.009067416191101074
08302,0.00691292507506459,0.0358014777302742,-0.02888855265520961
08309,0.03950991189427313,0.07789422571659088,-0.03838431382231775
08310,0.00530565167243368,0.026720667257905006,-0.021415015585471327
08341,0.07811066126855601,0.12880228459835052,-0.050691623329794516
08364,0.01747269890795632,0.017056090757250786,0.0004166081507055337
08442,0.008836737650296972,0.04934908449649811,-0.040512346846201135
08443,0.04382718616158676,0.06817763298749924,-0.024350446825912475
08447,0.02851605758582503,0.03699902072548866,-0.008482963139663634
08521,0.008601225674658639,0.023701023310422897,-0.015099797635764259
08542,0.04044772322564233,0.0455903522670269,-0.005142629041384572
08546,0.009326776326945905,0.02453996241092682,-0.015213186083980914
08564,0.06426944354051416,0.11092507839202881,-0.04665563485151465
09201,0.026273119158416493,0.05919714644551277,-0.03292402728709628
09202,0.028570598151485205,0.04348965361714363,-0.014919055465658426
09203,0.0490341551069304,0.0442214235663414,0.004812731540588998
09204,0.03095742009541916,0.041282616555690765,-0.010325196460271604
09205,0.024937817670595868,0.046044155955314636,-0.021106338284718768
09206,0.03955383490808674,0.01992603950202465,0.01962779540606209
09208,0.06325955933208181,0.05259028077125549,0.01066927856082632
09209,0.01350879548811602,0.03463265672326088,-0.02112386123514486
09210,0.012987781426585012,0.023107562214136124,-0.010119780787551111
09211,0.03908772411898056,0.047160085290670395,-0.008072361171689836
09213,0.02902119587027106,0.024543607607483864,0.004477588262787196
09214,0.029747427502338636,0.05607498437166214,-0.026327556869323504
09215,0.02574345317354638,0.036720626056194305,-0.010977172882647924
09216,0.07759106426701137,0.05463891476392746,0.022952149503083913
09301,0.022523692068025444,0.02948913909494877,-0.006965447026923324
09342,0.01763175643125542,0.026082146912813187,-0.008450390481557768
09343,0.012228260869565218,0.04523719847202301,-0.033008937602457794
09344,0.014334348683031715,0.0334445983171463,-0.019110249634114587
09345,0.00940248710949348,0.0240409504622221,-0.01463846335272862
09361,0.06148784124209552,0.05366755276918411,0.007820288472911406
09364,0.14331877729257642,0.08683233708143234,0.05648644021114407
09384,0.010963026655202063,0.033156618475914,-0.022193591820711938
09386,0.040339702760084924,0.05072115734219551,-0.010381454582110587
09407,0.021838602329450917,0.02568761445581913,-0.0038490121263682134
09411,0.005143277002204262,0.032827891409397125,-0.027684614407192863
10201,0.026362430826511615,0.07027033716440201,-0.04390790633789039
10202,0.04262845297050065,0.045673027634620667,-0.003044574664120017
10203,0.02398561680219017,0.03409085050225258,-0.010105233700062409
10204,0.02190530519110097,0.05592343583703041,-0.03401813064592944
10205,0.022232173677778088,0.05281173437833786,-0.030579560700559772
10206,0.024631000605298693,0.019024506211280823,0.0056064943940178705
10207,0.050399891554832585,0.06470373272895813,-0.014303841174125545
10208,0.032978783274241655,0.04320347309112549,-0.010224689816883833
10209,0.027521466102780983,0.04511294886469841,-0.017591482761917427
10210,0.0239095459420808,0.034496717154979706,-0.010587171212898906
10211,0.03026952842057108,0.03567498177289963,-0.005405453352328549
10212,0.02559894978667542,0.03246862068772316,-0.006869670901047741
10344,0.007545671167593328,0.04168777912855148,-0.03414210796095815
10345,0.02060907167172693,0.04231296852231026,-0.021703896850583326
10366,0.004123711340206186,0.015239900909364223,-0.011116189569158039
10367,0.0,0.023199280723929405,-0.023199280723929405
10382,0.02443609022556391,0.02159309759736061,0.0028429926282032975
10383,0.005964214711729622,0.010945937596261501,-0.004981722884531879
10384,0.02181818181818182,0.020373763516545296,0.0014444183016365242
10421,0.03108735405823604,0.027403192594647408,0.003684161463588631
10424,0.038348082595870206,0.02642512507736683,0.011922957518503377
10425,0.02193623866627669,0.01883712410926819,0.003099114557008502
10426,0.010334137099552188,0.03642027825117111,-0.026086141151618926
10428,0.009351256575102279,0.054968174546957016,-0.045616917971854735
10429,0.03338469440164355,0.02506127394735813,0.00832342045428542
10443,0.00357355568790947,0.023528557270765305,-0.019955001582855833
10444,0.015250544662309368,0.03985369950532913,-0.024603154843019764
10448,0.02545103092783505,0.023383401334285736,0.0020676295935493152
10449,0.0381927109335996,0.03255414962768555,0.005638561305914051
10464,0.011614956245027844,0.07271434366703033,-0.061099387422002494
10521,0.07099236641221374,0.04600001126527786,0.024992355146935874
10522,0.07406712919557472,0.04274953156709671,0.03131759762847801
10523,0.014835680751173709,0.03743702173233032,-0.022601340981156612
10524,0.02141641452344932,0.08558160811662674,-0.06416519359317742
10525,0.032093246048219705,0.042639560997486115,-0.01054631494926641
11100,0.3372902155887231,0.34626832604408264,-0.008978110455359567
11201,0.22888244948199815,0.13427495956420898,0.09460748991778917
11202,0.09714957453921896,0.09073998034000397,0.006409594199214996
11203,0.31660221965550145,0.3218463659286499,-0.005244146273148453
11206,0.07557985244944536,0.0658835843205452,0.009696268128900162
11207,0.055785350854716496,0.044034287333488464,0.011751063521228032
11208,0.35057661498536946,0.24594047665596008,0.10463613832940938
11209,0.1547921294827039,0.1087302640080452,0.04606186547465871
11210,0.10732047321226736,0.05335242301225662,0.053968050200010734
11211,0.059937846236995,0.0444292277097702,0.0155086185272248
11212,0.1314504141006583,0.10265796631574631,0.028792447784911995
11214,0.27900856909426003,0.17148451507091522,0.1075240540233448
11215,0.19280693054866843,0.18230831623077393,0.010498614317894506
11216,0.10511385715395974,0.07080746442079544,0.0343063927331643
11217,0.2183465784458269,0.17896947264671326,0.03937710579911363
11218,0.07179571222121243,0.041604842990636826,0.03019086923057561
11219,0.21605208447313712,0.27759334444999695,-0.06154125997685983
11221,0.31344106429513946,0.33171316981315613,-0.018272105518016668
11222,0.3138543128997036,0.27622073888778687,0.03763357401191675
11223,0.42618368178906296,0.43384474515914917,-0.007661063370086207
11224,0.36825815914924825,0.32285311818122864,0.04540504096801962
11225,0.2062609670141705,0.21763551235198975,-0.011374545337819258
11227,0.4036200977842505,0.38272103667259216,0.020899061111658346
11228,0.36298258894776686,0.3291029632091522,0.03387962573861464
11229,0.4151757878075687,0.36774390935897827,0.047431878448590425
11230,0.22281831674405306,0.29141998291015625,-0.06860166616610319
11231,0.21863671317148192,0.2678249180316925,-0.04918820486021058
11232,0.20865150743820352,0.13376237452030182,0.0748891329179017
11233,0.2001104685164728,0.22778089344501495,-0.02767042492854216
11234,0.21983190146911596,0.24175453186035156,-0.021922630391235598
11235,0.38399890804149445,0.23308777809143066,0.15091112995006378
11237,0.23052143220456542,0.2002020925283432,0.030319339676222218
11238,0.23892650585414021,0.22860780358314514,0.010318702270995073
11239,0.1995845212048885,0.1915416419506073,0.00804287925428121
11240,0.15459873958838305,0.14042866230010986,0.014170077288273186
11241,0.23279869470184403,0.2544516921043396,-0.021652997402495572
11242,0.13242998385000196,0.10459060966968536,0.027839374180316595
11243,0.20262505468863934,0.1373971700668335,0.06522788462180584
11245,0.317191844300278,0.29339948296546936,0.023792361334808665
11246,0.298941901476687,0.19174693524837494,0.10719496622831204
11301,0.18705332600329852,0.1695411205291748,0.017512205474123715
11324,0.23046069218427687,0.15590685606002808,0.07455383612424879
11326,0.13518078318528712,0.13487207889556885,0.00030870428971827013
11327,0.13430265926917925,0.12422692775726318,0.01007573151191607
11341,0.17173524150268335,0.04292022064328194,0.1288150208594014
11342,0.12860892388451445,0.07880065590143204,0.04980826798308241
11343,0.1162705129148576,0.14106792211532593,-0.02479740920046833
11346,0.023010752688172043,0.05646180361509323,-0.03345105092692119
11347,0.0313777483151033,0.09837577491998672,-0.06699802660488342
11348,0.04399441340782123,0.19078122079372406,-0.14678680738590283
11349,0.04169914263445051,0.052029773592948914,-0.010330630958498406
11361,0.07734375,0.061255697160959244,0.01608805283904076
11362,0.06525285481239804,0.04707612469792366,0.018176730114474376
11363,0.09016134134767478,0.06787548959255219,0.0222858517551226
11365,0.00963020030816641,0.022049088031053543,-0.012418887722887134
11369,0.0297029702970297,0.043424490839242935,-0.013721520542213234
11381,0.026732673267326732,0.044500648975372314,-0.017767975708045582
11383,0.020665159832095575,0.028413578867912292,-0.007748419035816717
11385,0.060153411384739605,0.03667182847857475,0.023481582906164852
11408,0.08022209458165805,0.0736827552318573,0.006539339349800749
11442,0.2824890912540315,0.21814358234405518,0.06434550890997631
11464,0.1875667281374357,0.18259194493293762,0.004974783204498068
11465,0.03740684465668186,0.09543460607528687,-0.058027761418605
12100,0.2742087069740148,0.2852347791194916,-0.011026072145476795
12202,0.043603731815306766,0.036973629146814346,0.00663010266849242
12203,0.4584239198865115,0.40074172616004944,0.05768219372646205
12204,0.4351542127807906,0.34613120555877686,0.08902300722201373
12205,0.023194748358862146,0.04935956001281738,-0.026164811653955237
12206,0.05561897513952308,0.0881054550409317,-0.03248647990140862
12207,0.41800841391158783,0.3662026524543762,0.05180576145721161
12208,0.17098416369353997,0.125351682305336,0.04563248138820397
12210,0.09230889888110426,0.10529859364032745,-0.012989694759223194
12211,0.13419499946081678,0.0678836852312088,0.06631131422960798
12212,0.2773697828189112,0.22120729088783264,0.056162491931078584
12213,0.07958464395346193,0.06754688173532486,0.012037762218137071
12215,0.050351414669309785,0.03349332883954048,0.016858085829769304
12216,0.38006448577755847,0.43810826539993286,-0.05804377962237439
12217,0.3039680166212834,0.25870782136917114,0.04526019525211228
12218,0.059986178299930894,0.046029988676309586,0.013956189623621308
12219,0.09658228567254547,0.07494767755270004,0.021634608119845425
12220,0.4341072115493404,0.21267372369766235,0.22143348785167805
12221,0.3431476017144457,0.21825334429740906,0.12489425741703664
12222,0.38638171693064294,0.2754857540130615,0.11089596291758141
12223,0.023507385063449137,0.011515803635120392,0.011991581428328745
12224,0.3900027523130015,0.23279201984405518,0.15721073246894635
12225,0.04832658334782717,0.047454990446567535,0.0008715929012596338
12226,0.055683242791475136,0.03282430022954941,0.02285894256192573
12227,0.33071051917564204,0.4229816794395447,-0.09227116026390264
12228,0.19775560464112524,0.23103487491607666,-0.03327927027495142
12229,0.10687073920598851,0.06605778634548187,0.04081295286050664
12230,0.09081112852664577,0.04728187620639801,0.04352925232024776
12231,0.276347912442587,0.15980035066604614,0.11654756177654085
12232,0.2894249245127642,0.19110997021198273,0.09831495430078147
12233,0.05709555546122172,0.054020803421735764,0.003074752039485956
12234,0.03628426250626208,0.021218566223978996,0.015065696282283082
12235,0.04669204798505854,0.04088450223207474,0.0058075457529838045
12236,0.049507726819541374,0.03870378062129021,0.010803946198251167
12237,0.0681131812479673,0.05985302850604057,0.008260152741926721
12238,0.08790445771420637,0.05309654027223587,0.034807917441970496
12239,0.13672372973957383,0.13426706194877625,0.00245666779079759
12322,0.25077978789769184,0.13300615549087524,0.1177736324068166
12329,0.14172630665799177,0.16060221195220947,-0.018875905294217704
12342,0.0944967414916727,0.07479730248451233,0.01969943900716037
12347,0.01552895503073439,0.029146146029233932,-0.013617190998499543
12349,0.060185997543428675,0.03529289737343788,0.024893100169990794
12403,0.029169413315754778,0.06758739054203033,-0.03841797722627556
12409,0.026424159231297185,0.030556408688426018,-0.004132249457128832
12410,0.0573873121869783,0.03582561016082764,0.02156170202615066
12421,0.15131056393963463,0.0797453299164772,0.07156523402315743
12422,0.04422351731230716,0.06504838913679123,-0.020824871824484066
12423,0.0781055900621118,0.08935041725635529,-0.011244827194243481
12424,0.024793388429752067,0.053101666271686554,-0.028308277841934487
12426,0.027977044476327116,0.08261702209711075,-0.05463997762078363
12427,0.019007731958762885,0.05303502827882767,-0.03402729632006478
12441,0.019394261424017,0.031442128121852875,-0.012047866697835873
12443,0.09655172413793103,0.08137589693069458,0.015175827207236453
12463,0.06824512534818941,0.03523993864655495,0.033005186701634465
13101,0.521232647288697,0.2633117437362671,0.2579209035524299
13102,0.530087736658091,0.328569620847702,0.20151811581038892
13103,0.48637709889435615,0.3187629282474518,0.16761417064690437
13104,0.5582809649300629,0.34526100754737854,0.2130199573826843
13105,0.5909664885866925,0.346853107213974,0.24411338137271854
13106,0.5295803854598683,0.39252740144729614,0.13705298401257215
13107,0.5534433344929841,0.3939034938812256,0.15953984061175852
13108,0.49920048233197023,0.3715732991695404,0.12762718316242982
13109,0.6013261988548412,0.3787458837032318,0.22258031515160936
13110,0.5429081524102014,0.3510252833366394,0.191882869073562
13111,0.5169860188351597,0.4017246663570404,0.1152613524781193
13112,0.5345387676800865,0.3618567883968353,0.17268197928325113
13113,0.5412885608328066,0.3432081639766693,0.19808039685613732
13114,0.5837769461866863,0.31804758310317993,0.26572936308350636
13115,0.5799626996153397,0.35037288069725037,0.22958981891808938
13116,0.6291475441007425,0.30353567004203796,0.3256118740587045
13117,0.5796650586558492,0.38824841380119324,0.19141664485465593
13118,0.5519382537804361,0.39391615986824036,0.1580220939121958
13119,0.5397901264622599,0.345422625541687,0.19436750092057287
13120,0.49811949143957046,0.394940048456192,0.10317944298337844
13121,0.40689134489241385,0.3522297739982605,0.054661570894153355
13122,0.46196662414412537,0.3533952534198761,0.10857137072424927
13123,0.4028488393189968,0.38580062985420227,0.017048209464794517
13201,0.2592623711670188,0.29844537377357483,-0.03918300260655605
13202,0.2958390070179114,0.38232213258743286,-0.08648312556952148
13203,0.4667907633551037,0.35136204957962036,0.11542871377548336
13204,0.2827995428126748,0.38350141048431396,-0.10070186767163919
13205,0.19598672831880273,0.12312393635511398,0.07286279196368875
13206,0.3992844304555849,0.4268505573272705,-0.02756612687168558
13207,0.3209056115162709,0.2959766387939453,0.024928972722325582
13208,0.46493076756416063,0.3505316972732544,0.11439907029090624
13209,0.28844130387177064,0.36211884021759033,-0.0736775363458197
13210,0.45926914916965395,0.34245210886001587,0.11681704030963808
13211,0.35233205173875126,0.4055550694465637,-0.05322301770781246
13212,0.4044473367549913,0.3772514760494232,0.027195860705568065
13213,0.3805802195091873,0.37131375074386597,0.009266468765321334
13214,0.4725891080151981,0.40430501103401184,0.06828409698118626
13215,0.4002934660643899,0.3902122974395752,0.01008116862481473
13218,0.3222983749299539,0.2643025815486908,0.057995793381263094
13219,0.4715943962641761,0.3526741564273834,0.11892023983679267
13220,0.28551494660011806,0.32312577962875366,-0.037610833028635604
13221,0.30468599961590165,0.2945821285247803,0.010103871091121375
13222,0.2586985005095356,0.3784288167953491,-0.11973031628581354
13223,0.08601437258153675,0.2101469486951828,-0.12413257611364605
13224,0.3647179049158824,0.3089275658130646,0.05579033910281783
13225,0.46822829346619754,0.34725677967071533,0.12097151379548221
13227,0.24411561445587218,0.21223247051239014,0.031883143943482045
13228,0.20479574215100643,0.1095801293849945,0.09521561276601193
13229,0.4070617566793572,0.36936089396476746,0.03770086271458972
13303,0.09624606110426086,0.07692702859640121,0.019319032507859643
13305,0.12259615384615384,0.1301085501909256,-0.007512396344771757
13307,0.013002364066193853,0.01744863949716091,-0.0044462754309670584
13308,0.15958549222797927,0.03221585601568222,0.12736963621229705
13361,0.004913294797687861,0.011958782561123371,-0.00704548776343551
13362,0.005405405405405406,0.0016599042573943734,0.0037455011480110323
13363,0.007475083056478406,-0.00019264886213932186,0.007667731918617728
13364,0.010570824524312896,-0.00931356567889452,0.019884390203207418
13381,0.0017921146953405018,0.010159340687096119,-0.008367225991755618
13382,0.0,0.005084943026304245,-0.005084943026304245
13401,0.0031857279388340237,0.006851688958704472,-0.003665961019870448
13402,0.0,0.004324705805629492,-0.004324705805629492
13421,0.002592016588906169,-0.004149967804551125,0.006741984393457294
14100,0.4084627866109914,0.36344480514526367,0.04501798146572772
14130,0.45849626307079444,0.3699568510055542,0.08853941206524024
14150,0.2534487281956791,0.17710863053798676,0.07634009765769234
14201,0.2867988791178749,0.30592823028564453,-0.019129351167769648
14203,0.10375628040513597,0.19661010801792145,-0.09285382761278548
14204,0.3584145338885969,0.2931258976459503,0.06528863624264658
14205,0.3182152220545007,0.30839216709136963,0.009823054963131073
14206,0.21131153744710618,0.11614885181188583,0.09516268563522035
14207,0.22482600569179761,0.2739257514476776,-0.04909974575588
14208,0.4198243616848268,0.32753342390060425,0.09229093778422254
14210,0.19642650630276395,0.08316516131162643,0.11326134499113752
14211,0.19703719752467874,0.1390950232744217,0.05794217425025705
14212,0.0896372214088173,0.14862167835235596,-0.058984456943538655
14213,0.41102373095694444,0.3211151361465454,0.08990859481039903
14214,0.17730286776196308,0.1978856325149536,-0.020582764752990534
14215,0.300418064187954,0.21446551382541656,0.08595255036253746
14216,0.3043316962866127,0.2946816682815552,0.009650028005057543
14217,0.18319630010277493,0.09245103597640991,0.09074526412636502
14218,0.11620702889412797,0.17987796664237976,-0.06367093774825179
14301,0.09517794784159299,0.37082406878471375,-0.27564612094312074
14321,0.16873683758112348,0.10833310335874557,0.06040373422237791
14341,0.21605113636363638,0.28656628727912903,-0.07051515091549265
14342,0.2327205587220037,0.2814444601535797,-0.04872390143157601
14361,0.036438168982008655,0.06759461015462875,-0.0311564411726201
14362,0.16313253012048193,0.07555709034204483,0.0875754397784371
14363,0.2209147845891061,0.07319407165050507,0.14772071293860103
14364,0.1441850410722006,0.030413227155804634,0.11377181391639596
14366,0.20006443298969073,0.12000191956758499,0.08006251342210574
14382,0.05603293949158611,0.04484862461686134,0.011184314874724766
14383,0.27534246575342464,0.12311293929815292,0.1522295264552717
14384,0.17961706007496708,0.09539808332920074,0.08421897674576634
14401,0.009567174869538524,0.06364794075489044,-0.05408076588535192
14402,0.009259259259259259,0.07694833725690842,-0.06768907799764916
15100,0.0442769702609539,0.05288619175553322,-0.008609221494579315
15202,0.01950740298926391,0.04465620592236519,-0.025148802933101278
15204,0.03600245663821767,0.03210676833987236,0.003895688298345308
15205,0.01653253798884118,0.033948056399822235,-0.017415518410981056
15206,0.028387707262521773,0.03499150276184082,-0.006603795499319047
15208,0.023056531656494666,0.020375283434987068,0.0026812482215075976
15209,0.047674612435405904,0.026926910504698753,0.02074770193070715
15210,0.020663101604278075,0.021300630643963814,-0.0006375290396857386
15211,0.03590323077713288,0.03622540086507797,-0.0003221700879450923
15212,0.032432432432432434,0.015037120319902897,0.017395312112529537
15213,0.04321518987341772,0.05327925086021423,-0.010064060986796512
15216,0.019182652210175146,0.023686135187745094,-0.004503482977569948
15217,0.03550877192982456,0.023726588115096092,0.011782183814728467
15218,0.04063581030783378,0.018274547532200813,0.022361262775632967
15222,0.023767500785031346,0.029947279021143913,-0.006179778236112567
15223,0.026594650205761315,0.01896810345351696,0.007626546752244355
15224,0.0007472445357743321,0.006684015039354563,-0.0059367705035802305
15225,0.032773058617989036,0.015302288345992565,0.01747077027199647
15226,0.036354841110366895,0.02236146479845047,0.013993376311916425
15227,0.0393723880049857,0.023635635152459145,0.015736752852526556
15307,0.020653347732181426,0.017819583415985107,0.002833764316196318
15342,0.05416350291065553,0.033445991575717926,0.020717511334937606
15361,0.07201955622414441,0.04020531848073006,0.03181423774341435
15385,0.03035333175243064,0.006174682639539242,0.024178649112891398
15405,0.028254847645429362,0.031830545514822006,-0.003575697869392644
15461,0.05714285714285714,0.07300709187984467,-0.015864234736987524
15482,0.02249747219413549,0.01603372022509575,0.006463751969039741
15504,0.03648648648648649,0.015099686570465565,0.021386799916020924
15581,0.045531197301854974,0.017751196399331093,0.02778000090252388
15586,0.004784688995215311,0.0028262243140488863,0.0019584646811664245
16201,0.0380141137557437,0.021415797993540764,0.016598315762202935
16202,0.03317649607104608,0.04624004662036896,-0.013063550549322879
16204,0.034612766403099966,0.034090958535671234,0.0005218078674287321
16205,0.01739696715973579,0.04916530102491379,-0.031768333865177995
16206,0.046726276319584654,0.046690285205841064,3.599111374359004e-05
16207,0.036745796241345205,0.017803048714995384,0.01894274752634982
16208,0.021310243941011348,0.030722804367542267,-0.009412560426530919
16209,0.027125145557914926,0.048090655356645584,-0.020965509798730658
16210,0.019759378394184977,0.023714445531368256,-0.003955067137183278
16211,0.02897513108298764,0.07198434323072433,-0.043009212147736696
16321,0.09161147902869757,0.02480129525065422,0.06681018377804335
16322,0.05133216747248225,0.03798411414027214,0.013348053332210112
16323,0.04942223610243598,0.02698533982038498,0.022436896282051
16342,0.03586462367401919,0.03999903425574303,-0.004134410581723834
16343,0.04107455713451431,0.022924676537513733,0.018149880597000574
17201,0.01563895162561059,0.06306774169206619,-0.0474287900664556
17202,0.02030862380692091,0.030832134187221527,-0.010523510380300617
17203,0.017148248177883015,0.04022182524204254,-0.023073577064159526
17204,0.000968804495252858,0.01716923713684082,-0.016200432641587964
17205,0.001172562048075044,0.018110482022166252,-0.01693791997409121
17206,0.01906928506908434,0.020999204367399216,-0.001929919298314875
17207,0.034341093437269564,0.05187604948878288,-0.01753495605151332
17209,0.05228977718060687,0.03703394532203674,0.01525583185857013
17210,0.030747326135227213,0.06613436341285706,-0.035387037277629846
17211,0.0158311345646438,0.04135042801499367,-0.025519293450349867
17212,0.024613381084160835,0.17801110446453094,-0.1533977233803701
17324,0.023011942907078357,0.03599490970373154,-0.01298296679665318
17361,0.05113126681949567,0.04697566479444504,0.0041556020250506295
17365,0.026419213973799125,0.04723133146762848,-0.020812117493829354
17384,0.00444652468991341,0.023384634405374527,-0.018938109715461116
17386,0.0410142954390742,0.031531237065792084,0.009483058373282116
17407,0.04310344827586207,0.03631298243999481,0.00679046583586726
17461,0.01371173469387755,0.034830935299396515,-0.021119200605518966
17463,0.009508963367108339,0.022617487236857414,-0.013108523869749075
18201,0.018521555065291278,0.050012700259685516,-0.031491145194394235
18202,0.019080387863622147,0.029624443501234055,-0.010544055637611908
18204,0.011419249592169658,0.024758929386734962,-0.013339679794565304
18205,0.01013255161865919,0.022779634222388268,-0.012647082603729078
18206,0.012694324349185908,0.03180462121963501,-0.0191102968704491
18207,0.02952807042863328,0.058891888707876205,-0.029363818279242924
18208,0.03542649727767695,0.03677630051970482,-0.0013498032420278666
18209,0.017753744556634924,0.028229009360074997,-0.010475264803440073
18210,0.029528330647619876,0.04164959117770195,-0.012121260530082074
18322,0.04382431914077484,0.06130177900195122,-0.01747745986117638
18382,0.004177109440267335,0.010991704650223255,-0.00681459520995592
18404,0.04242182832105158,0.02398819662630558,0.018433631694746003
18423,0.006522175396347582,0.01596200466156006,-0.009439829265212477
18442,0.016927362331262054,0.03512710705399513,-0.01819974472273308
18481,0.04370327774583094,0.012619145214557648,0.03108413253127329
18483,0.026840679635557745,0.015383749268949032,0.011456930366608713
18501,0.031049410359755187,0.014022953808307648,0.01702645655144754
19201,0.019498041163785805,0.08005134016275406,-0.060553298998968254
19202,0.020056032374260683,0.050222281366586685,-0.030166248992326002
19204,0.07480659266733938,0.03025149554014206,0.044555097127197324
19205,0.05539297658862876,0.024578388780355453,0.030814587808273307
19206,0.15326311644846935,0.0529295839369297,0.10033353251153965
19207,0.037226681428176034,0.02902279980480671,0.008203881623369325
19208,0.009486771551470156,0.03775642812252045,-0.02826965657105029
19209,0.03231568691133485,0.03359527885913849,-0.0012795919478036377
19210,0.03045822102425876,0.07297229021787643,-0.04251406919361768
19211,0.023923444976076555,0.043092675507068634,-0.01916923053099208
19212,0.16433248453983268,0.056926921010017395,0.10740556352981528
19213,0.05964742815744989,0.023935919627547264,0.035711508529902625
19214,0.024771573604060914,0.016465626657009125,0.00830594694705179
19346,0.04494210847044485,0.04474353790283203,0.00019857056761281994
19364,0.0035087719298245615,-0.0003090455138590187,0.00381781744368358
19365,0.028324850630670504,0.048584260046482086,-0.020259409415811582
19366,0.030238240684178377,0.07786785066127777,-0.04762960997709939
19368,0.013664042774394772,0.04563550651073456,-0.031971463736339786
19384,0.021918070444104133,0.05798498913645744,-0.03606691869235331
19422,0.006305170239596469,0.01646396517753601,-0.01015879493793954
19423,0.07129000969932105,0.04044391214847565,0.0308460975508454
19424,0.006019417475728156,0.048803508281707764,-0.042784090805979606
19425,0.01437847866419295,0.10369668900966644,-0.08931821034547349
19429,0.008264462809917356,0.01832537166774273,-0.010060908857825374
19430,0.014204545454545454,0.029928073287010193,-0.015723527832464737
19442,0.010380622837370242,0.008014289662241936,0.002366333175128306
19443,0.008849557522123894,0.01181687694042921,-0.002967319418305317
20201,0.05091790786283339,0.020045369863510132,0.03087253799932326
20202,0.03181174045604844,0.004943313542753458,0.026868426913294982
20203,0.02701243300889615,0.015919538214802742,0.011092894794093408
20204,0.03589655616074109,0.027494119480252266,0.008402436680488824
20205,0.019890130706573216,0.012269667349755764,0.0076204633568174515
20206,0.022900445517758255,0.04743022471666336,-0.024529779198905106
20207,0.05133860992171619,0.03970948979258537,0.011629120129130817
20208,0.045861916353175484,0.04583323746919632,2.8678883979164904e-05
20209,0.01875363294276012,0.025394311174750328,-0.006640678231990209
20210,0.03281327389796929,0.01586800441145897,0.016945269486510324
20211,0.043160790197549384,0.02371937409043312,0.019441416107116263
20212,0.032680896289079796,0.021539563313126564,0.011141332975953232
20213,0.03143696290655934,0.020433880388736725,0.011003082517822615
20214,0.03571027512633352,0.029145440086722374,0.006564835039611146
20215,0.05710436921635235,0.025701995939016342,0.031402373277336006
20217,0.029390871958799504,0.022000491619110107,0.007390380339689397
20218,0.05019166696521334,0.0417962446808815,0.008395422284331842
20219,0.04592096645076778,0.03511228412389755,0.010808682326870225
20220,0.04827525480441147,0.03812694922089577,0.010148305583515704
20303,0.03126656067832538,0.021184461191296577,0.010082099487028803
20304,0.054285714285714284,0.01363793108612299,0.040647783199591295
20305,0.061764705882352944,0.011865148320794106,0.04989955756155884
20306,0.0215311004784689,0.014026463031768799,0.007504637446700102
20307,0.019417475728155338,-0.0043918052688241005,0.02380928099697944
20309,0.0411790203727785,0.020215699449181557,0.020963320923596943
20321,0.07089151450053706,0.07309934496879578,-0.0022078304682587174
20323,0.0478231748158071,0.023366330191493034,0.024456844624314064
20324,0.010217113665389528,0.024026285856962204,-0.013809172191572676
20349,0.007730535615681944,0.022709626704454422,-0.014979091088772479
20350,0.0023752969121140144,0.029326459392905235,-0.02695116248079122
20361,0.051884155205188416,0.06123301759362221,-0.009348862388433792
20362,0.05843659170873489,0.021457938477396965,0.03697865323133793
20363,0.023347483323226198,0.02888871729373932,-0.005541233970513121
20382,0.055742863564846035,0.028463630005717278,0.027279233559128757
20383,0.051311569772222676,0.018227895721793175,0.0330836740504295
20384,0.051193755739210284,0.018269309774041176,0.03292444596516911
20385,0.030222437137330756,0.020925773307681084,0.009296663829649672
20386,0.01621384750219106,0.011091483756899834,0.005122363745291226
20388,0.04726867335562988,0.007667149417102337,0.03960152393852754
20402,0.04630087329049267,0.019160158932209015,0.027140714358283656
20403,0.04710676446617767,0.013886633329093456,0.03322013113708421
20404,0.013215859030837005,0.016876904293894768,-0.003661045263057763
20407,0.0010087424344317419,0.010369979776442051,-0.009361237342010309
20409,0.004878048780487805,0.004312409088015556,0.0005656396924722485
20410,0.0,0.008157904259860516,-0.008157904259860516
20411,0.02523474178403756,0.01029795128852129,0.014936790495516269
20412,0.0,-0.0014354151207953691,0.0014354151207953691
20413,0.03818615751789976,0.0034962259232997894,0.034689931594599974
20414,0.018156424581005588,0.016189154237508774,0.0019672703434968145
20415,0.006951685783802572,0.014150657691061497,-0.007198971907258924
20416,0.04561074664167448,0.009757958352565765,0.03585278828910871
20417,0.004484304932735426,-0.0016431636177003384,0.006127468550435764
20422,0.03988183161004431,0.012230761349201202,0.02765107026084311
20423,0.040195545898967955,0.013780816458165646,0.02641472944080231
20425,0.04211332312404288,0.015240106731653214,0.026873216392389668
20429,0.0056657223796034,0.007950755767524242,-0.0022850333879208427
20430,0.0673244341265235,0.008869534358382225,0.05845489976814128
20432,0.02723290801752047,0.008991007693111897,0.018241900324408575
20446,0.08514492753623189,0.022190287709236145,0.06295463982699574
20448,0.005479452054794521,0.010643339715898037,-0.005163887661103516
20450,0.008252063015753939,0.022650331258773804,-0.014398268243019865
20451,0.008411677387431964,0.014508053660392761,-0.006096376272960797
20452,0.07879114948731786,0.0323524996638298,0.046438649823488054
20481,0.025519421860885277,0.03308603912591934,-0.007566617265034065
20482,0.06558070657922573,0.024456365033984184,0.04112434154524154
20485,0.03379152348224513,0.07798897475004196,-0.04419745126779683
20486,0.029465930018416207,0.009255893528461456,0.02021003648995475
20521,0.05699558173784978,0.03277723118662834,0.024218350551221436
20541,0.07137030995106036,0.024143654853105545,0.04722665509795482
20543,0.014018691588785047,0.016392959281802177,-0.002374267693017131
20561,0.05384778460886156,0.024274813011288643,0.029572971597572918
20562,0.008735868448098663,0.010483319871127605,-0.0017474514230289423
20563,0.01366742596810934,0.017116116359829903,-0.003448690391720563
20583,0.05949589683470106,0.01148068718612194,0.04801520964857912
20588,0.0029910269192422734,0.011753877624869347,-0.008762850705627073
20590,0.0426430230103441,0.017016828060150146,0.025626194950193956
20602,0.04213938411669368,0.020530467852950096,0.02160891626374358
21201,0.045139031714038914,0.13094264268875122,-0.08580361097471231
21202,0.05107589528470442,0.05124925076961517,-0.00017335548491075048
21203,0.003910907616731053,0.024769306182861328,-0.020858398566130275
21204,0.07783018867924528,0.12375732511281967,-0.04592713643357439
21205,0.007009182028457279,0.025670126080513,-0.01866094405205572
21206,0.04102591821842653,0.017024466767907143,0.024001451450519386
21207,0.007062600321027288,0.0283216405659914,-0.021259040244964115
21208,0.06278464541314248,0.048762138932943344,0.014022506480199134
21209,0.06617904277309589,0.08808402717113495,-0.021904984398039062
21210,0.04911229946524064,0.027993254363536835,0.021119045101703808
21211,0.03222061978965141,0.04110021889209747,-0.00887959910244606
21212,0.06541248920431077,0.06098172068595886,0.004430768518351905
21213,0.08775769247603624,0.10184101015329361,-0.014083317677257373
21214,0.057585849451930925,0.06552102416753769,-0.007935174715606765
21215,0.004346426271732131,0.03572973608970642,-0.03138330981797429
21216,0.06804993845612801,0.09728329628705978,-0.02923335783093177
21217,0.009949794614331356,0.015223280526697636,-0.005273485912366279
21218,0.015879935234773945,0.036371614784002304,-0.02049167954922836
21219,0.007956698240866035,0.014432654716074467,-0.006475956475208431
21220,0.02232449512295645,0.02342982217669487,-0.0011053270537384197
21221,0.04655643958229736,0.026865564286708832,0.01969087529558853
21302,0.07969563476171405,0.10175483673810959,-0.022059201976395534
21303,0.08225275788658797,0.11143180727958679,-0.029179049392998826
21341,0.03672207189795129,0.047559529542922974,-0.010837457644971682
21361,0.058377618005626755,0.06608147919178009,-0.007703861186153335
21362,0.08416149068322981,0.05876500904560089,0.02539648163762892
21381,0.04462540716612378,0.057082079350948334,-0.012456672184824553
21382,0.01315265045834994,0.03884410485625267,-0.02569145439790273
21383,0.01675436167266685,0.06443823873996735,-0.0476838770673005
21401,0.028861921941620204,0.023763516917824745,0.005098405023795459
21403,0.009482064585383308,0.042004529386758804,-0.032522464801375495
21404,0.04803156359893644,0.050206609070301056,-0.0021750454713646145
21421,0.01617496297983825,0.08536408841609955,-0.0691891254362613
21501,0.0315095261358085,0.03740459308028221,-0.005895066944473712
21502,0.016012199771254287,0.02685839682817459,-0.010846197056920304
21503,0.02565099106101827,0.05639711394906044,-0.030746122888042172
21504,0.021739130434782608,0.02827191725373268,-0.006532786818950073
21505,0.008633396504527269,0.05149395018815994,-0.042860553683632674
21506,0.02056476365868631,0.012685846537351608,0.007878917121334702
21507,0.0033259423503325942,0.009765292517840862,-0.006439350167508268
21521,0.04436166610226888,0.056231725960969925,-0.011870059858701043
21604,0.001326259946949602,0.04597615823149681,-0.044649898284547206
22100,0.049865760747971694,0.036471690982580185,0.013394069765391509
22130,0.026883386883386883,0.035613901913166046,-0.008730515029779163
22203,0.04772605801467373,0.06349138915538788,-0.01576533114071415
22205,0.09334780586137385,0.08775907009840012,0.005588735762973737
22206,0.08554707671122841,0.14465418457984924,-0.059107107868620834
22207,0.025337350556107568,0.0426676906645298,-0.017330340108422233
22208,0.07702257761053621,0.08142318576574326,-0.004400608155207042
22209,0.04353390399462907,0.032914984971284866,0.010618919023344206
22210,0.04051710414973567,0.05878913775086403,-0.018272033601128362
22211,0.023190594326394132,0.04499608278274536,-0.02180548845635123
22212,0.0453891733302652,0.09577488899230957,-0.05038571566204437
22213,0.02796608700175113,0.04004223644733429,-0.012076149445583158
22214,0.040928640144870125,0.08428285270929337,-0.04335421256442324
22215,0.04009767675384545,0.06130468100309372,-0.02120700424924827
22216,0.027021137502723905,0.05814187973737717,-0.031120742234653262
22219,0.017043478260869566,0.03778776526451111,-0.020744287003641542
22220,0.051403501960632064,0.04321872442960739,0.008184777531024673
22221,0.05563250230840259,0.04844638332724571,0.007186118981156876
22222,0.03855554679492234,0.0426466129720211,-0.004091066177098764
22223,0.005923944200267533,0.040342215448617935,-0.0344182712483504
22224,0.029641375945352526,0.024666467681527138,0.004974908263825389
22225,0.08451298396925096,0.04580060392618179,0.038712380043069164
22226,0.0029767529767529767,0.03363171964883804,-0.030654966672085067
22301,0.06801431880395872,0.02831968478858471,0.039694634015374014
22302,0.05357784969435455,0.022862646728754044,0.030715202965600506
22304,0.005313496280552604,0.032257404178380966,-0.026943907897828363
22305,0.0008861320336730173,0.0353485569357872,-0.03446242490211418
22306,0.001736111111111111,0.040401190519332886,-0.038665079408221774
22325,0.07667894587701898,0.09232860803604126,-0.015649662159022276
22341,0.018052947234506574,0.12411230057477951,-0.10605935334027294
22342,0.08376939318828605,0.09488330036401749,-0.011113907175731436
22344,0.034851208308368284,0.05940283089876175,-0.024551622590393465
22424,0.0042489214276376,0.04677959159016609,-0.04253067016252849
22429,0.013858497447118891,0.011584746651351452,0.0022737507957674395
22461,0.02120100848040339,0.023584440350532532,-0.0023834318701291407
23100,0.2355519268021422,0.30036646127700806,-0.06481453447486585
23201,0.04679493797442905,0.015485490672290325,0.03130944730213873
23202,0.07383798825105638,0.05137258768081665,0.022465400570239727
23203,0.11063212602231981,0.10359007120132446,0.007042054820995347
23204,0.12734009042093064,0.06091368570923805,0.06642640471169259
23205,0.10061500195914752,0.09937826544046402,0.001236736518683501
23206,0.12924804556322703,0.13483867049217224,-0.005590624928945215
23207,0.07026119794398406,0.026590660214424133,0.04367053772955992
23208,0.10751433524469929,0.1818576455116272,-0.0743433102669279
23209,0.053564672179882165,0.09659500420093536,-0.0430303320210532
23210,0.10090979984403431,0.12967263162136078,-0.02876283177732647
23211,0.0536347806654065,0.04688010737299919,0.006754673292407309
23212,0.09998565960310193,0.08360322564840317,0.016382433954698766
23213,0.043869863827562444,0.03418794274330139,0.009681921084261053
23214,0.08088774297919668,0.046107031404972076,0.034780711574224604
23215,0.14011359802047013,0.0627174824476242,0.07739611557284592
23216,0.12462790947889395,0.046344611793756485,0.07828329768513746
23217,0.11328174022171093,0.1703457534313202,-0.05706401320960926
23219,0.06419639496466062,0.11194783449172974,-0.04775143952706912
23220,0.146842505706315,0.08079205453395844,0.06605045117235656
23221,0.03946647177050978,0.028287125751376152,0.011179346019133625
23222,0.14046366987543457,0.14580944180488586,-0.005345771929451293
23223,0.14150002168915107,0.13891315460205078,0.002586867087100292
23224,0.13932453132978334,0.12438961863517761,0.014934912694605729
23225,0.12583888095302267,0.1215553805232048,0.004283500429817871
23226,0.17307219737553448,0.24574100971221924,-0.07266881233668476
23227,0.08941147399201022,0.07584559917449951,0.013565874817510704
23228,0.202980679130784,0.08972407132387161,0.11325660780691238
23229,0.12485161443494777,0.14925609529018402,-0.02440448085523625
23230,0.13851089722314416,0.17602570354938507,-0.03751480632624091
23231,0.021239070884460955,0.033223673701286316,-0.011984602816825361
23232,0.13723138430784607,0.06762750446796417,0.0696038798398819
23233,0.22294538421391952,0.11675223708152771,0.10619314713239181
23234,0.15404398509794495,0.13514511287212372,0.018898872225821234
23235,0.1484802718519917,0.06411805748939514,0.08436221436259655
23236,0.08010841740701702,0.07579977065324783,0.004308646753769185
23237,0.12811557012854324,0.11752652376890182,0.010589046359641419
23238,0.17858696743532246,0.12394320964813232,0.054643757787190134
23302,0.05340851785632421,0.09257834404706955,-0.03916982619074534
23342,0.018570338336301194,0.09598052501678467,-0.07741018668048347
23361,0.08522545570834666,0.062209468334913254,0.02301598737343341
23362,0.15934384419197775,0.10363517701625824,0.05570866717571951
23424,0.03672722519932035,0.05861528590321541,-0.02188806070389506
23425,0.21822045152722444,0.0966196283698082,0.12160082315741624
23427,0.029885057471264367,0.009784762747585773,0.020100294723678594
23441,0.12168992832893248,0.05706134811043739,0.06462858021849509
23442,0.11603624101084793,0.08605334162712097,0.02998289938372696
23445,0.04745808545159546,0.04207465797662735,0.00538342747496811
23446,0.11176522273965381,0.053591322153806686,0.05817390058584712
23447,0.1028757510434344,0.054616641253232956,0.04825910979020144
23501,0.07578609134725729,0.059214744716882706,0.016571346630374587
23561,0.006218202374222725,0.021817360073328018,-0.015599157699105293
23562,0.013212221304706853,0.009820523671805859,0.0033916976329009946
23563,0.0,0.015903953462839127,-0.015903953462839127
24201,0.0572400070139593,0.023805152624845505,0.0334348543891138
24202,0.0866145641258404,0.07724759727716446,0.00936696684867594
24203,0.03439363131957129,0.0571078360080719,-0.022714204688500612
24204,0.04539403273382234,0.02026023343205452,0.025133799301767817
24205,0.09042106786282737,0.06573039293289185,0.024690674929935527
24207,0.06354351733524505,0.0543910451233387,0.009152472211906348
24208,0.08753568030447194,0.08513502776622772,0.002400652538244216
24209,0.010452961672473868,0.011269778944551945,-0.0008168172720780763
24210,0.035967936204676663,0.03763042762875557,-0.001662491424078906
24211,0.0342974148963399,0.033527594059705734,0.0007698208366341691
24212,0.014994416972403892,0.015593905933201313,-0.0005994889607974212
24214,0.03956118429412512,0.019795751199126244,0.019765433094998876
24215,0.03173803526448363,0.07827900350093842,-0.04654096823645479
24216,0.03033058236583205,0.0043149287812411785,0.026015653584590872
24303,0.02712659075686537,0.03384751081466675,-0.0067209200578013766
24324,0.026215776002481966,0.037004292011260986,-0.01078851600877902
24341,0.057094711800565,0.050789035856723785,0.006305675943841217
24343,0.14645228940929744,0.0775541439652443,0.06889814544405315
24344,0.09183794701199953,0.05855061113834381,0.03328733587365572
24441,0.02767639902676399,0.029484814032912254,-0.0018084150061482632
24442,0.05503187000628423,0.04643876105546951,0.008593108950814714
24443,0.03603366649132036,0.021837102249264717,0.014196564242055641
24461,0.04111951187160101,0.027851620689034462,0.013267891182566549
24470,0.0064498790647675355,0.03151338919997215,-0.025063510135204616
24471,0.03228900255754476,0.025130698457360268,0.00715830410018449
24472,0.00560702096538274,0.027835199609398842,-0.022228178644016102
24543,0.039323046291687404,0.014182821847498417,0.025140224444188987
24561,0.037787182587666265,0.017233021557331085,0.02055416103033518
24562,0.019696969696969695,0.02165641263127327,-0.0019594429343035742
25201,0.23030183367620552,0.0691160038113594,0.16118582986484611
25202,0.06925032880315651,0.039541520178318024,0.02970880862483849
25203,0.033750480651588775,0.022649550810456276,0.0111009298411325
25204,0.09855727010412746,0.04017267003655434,0.05838460006757312
25206,0.14805850943139362,0.11349121481180191,0.03456729461959171
25207,0.11765140143219234,0.10587762296199799,0.011773778470194354
25208,0.1148976760319112,0.08997855335474014,0.024919122677171057
25209,0.044870015727634376,0.023117199540138245,0.02175281618749613
25210,0.12397165431294291,0.05159783735871315,0.07237381695422976
25211,0.04482671571279166,0.024341894313693047,0.020484821399098616
25212,0.07693390251911619,0.03364317864179611,0.04329072387732008
25213,0.04767371931551036,0.034793879836797714,0.012879839478712643
25214,0.06480324797001874,0.02826983667910099,0.03653341129091775
25383,0.018281172379533035,0.02252786047756672,-0.004246688098033684
25384,0.02494154325798909,0.024929719045758247,1.1824212230841097e-05
25425,0.030365626936583352,0.03197189420461655,-0.0016062672680331944
25441,0.04223132682004412,0.03231165185570717,0.009919674964336954
25442,0.034678226075358455,0.03202067315578461,0.002657552919573848
25443,0.03602262578148258,0.03583281859755516,0.00018980718392742207
26100,0.2019345890776325,0.18945004045963287,0.012484548617999636
26201,0.01813948451375352,0.02307639643549919,-0.0049369119217456715
26202,0.018251655629139073,0.025437835603952408,-0.007186179974813335
26203,0.026974551002010957,0.027937069535255432,-0.0009625185332444754
26204,0.25418460962366596,0.2252478003501892,0.02893680927347675
26205,0.022101810922572365,0.038155846297740936,-0.01605403537516857
26206,0.14587618264088853,0.06000480055809021,0.08587138208279832
26207,0.24205864386072082,0.22067813575267792,0.0213805081080429
26208,0.3338177368159394,0.24898576736450195,0.08483196945143745
26209,0.2805062630480167,0.19700993597507477,0.08349632707294191
26210,0.1501930763498408,0.20495857298374176,-0.054765496633900956
26211,0.27126134734830387,0.20640866458415985,0.06485268276414402
26212,0.010712063294515068,0.024914951995015144,-0.014202888700500077
26213,0.10106933425319076,0.018604792654514313,0.08246454159867644
26214,0.20102757928305676,0.10056345164775848,0.10046412763529827
26303,0.2961258151131569,0.15936362743377686,0.13676218767938003
26322,0.046219101945297644,0.050235796719789505,-0.004016694774491861
26343,0.19340878828229027,0.07796031981706619,0.11544846846522408
26344,0.017210944395410415,0.02661304734647274,-0.009402102951062325
26364,0.09381663113006397,0.04231812432408333,0.05149850680598064
26365,0.03266932270916335,0.03455745056271553,-0.0018881278535521837
26366,0.18749270796873177,0.20013821125030518,-0.012645503281573406
26367,0.07423117709437964,0.04337211698293686,0.03085906011144278
26407,0.029709891646277527,0.02485055662691593,0.004859335019361595
26463,0.0,0.006755176931619644,-0.006755176931619644
26465,0.014195239135182355,0.0423959419131279,-0.028200702777945542
27100,0.39266694572502264,0.26028621196746826,0.13238073375755438
27140,0.258728880387913,0.22278912365436554,0.035939756733547434
27202,0.19638035191720776,0.17327825725078583,0.023102094666421935
27203,0.34121001554756036,0.3803916871547699,-0.039181671607209534
27204,0.2885532921213127,0.3213542699813843,-0.03280097786007158
27205,0.3851604104061617,0.3959120512008667,-0.010751640794704975
27206,0.269433465085639,0.24456973373889923,0.024863731346739748
27207,0.1967572362156451,0.3233668804168701,-0.12660964420122503
27208,0.2177643135358061,0.1703677922487259,0.04739652128708022
27209,0.28489317512195905,0.21583937108516693,0.06905380403679212
27210,0.25626828559050957,0.29168468713760376,-0.03541640154709419
27211,0.2696560384697847,0.2976630926132202,-0.028007054143435517
27212,0.25420971642119145,0.16467684507369995,0.0895328713474915
27213,0.2380751816363062,0.1585610806941986,0.07951410094210759
27214,0.2030070573795643,0.22913222014904022,-0.026125162769475935
27215,0.24191896431644067,0.1948932558298111,0.04702570848662957
27216,0.2393200468933177,0.15039470791816711,0.08892533897515059
27217,0.23802201359663322,0.18912874162197113,0.04889327197466209
27218,0.24943824432626768,0.16061298549175262,0.08882525883451506
27219,0.18957071825924285,0.17196178436279297,0.01760893389644988
27220,0.19136528553204885,0.3188605308532715,-0.12749524532122264
27221,0.3139465689498575,0.14518366754055023,0.16876290140930728
27222,0.21179227827803132,0.24262093007564545,-0.030828651797614126
27223,0.22696306214066314,0.1885463148355484,0.03841674730511474
27224,0.25683073895602593,0.22398817539215088,0.03284256356387505
27225,0.326,0.2379569709300995,0.08804302906990052
27226,0.2664925783397471,0.2574816942214966,0.009010884118250517
27227,0.2623533029262543,0.16198179125785828,0.10037151166839603
27228,0.19853387874124176,0.15000854432582855,0.04852533441541321
27229,0.24750903100313604,0.2392834573984146,0.008225573604721426
27230,0.31425049451021986,0.2856036424636841,0.028646852046535776
27231,0.22557292959377845,0.2838829755783081,-0.05831004598452966
27232,0.22130260992240772,0.15491712093353271,0.066385488988875
27301,0.4454834993562377,0.20860861241817474,0.23687488693806297
27321,0.25710401087695445,0.17830391228199005,0.0788000985949644
27322,0.03617571059431524,0.07144588232040405,-0.03527017172608881
27341,0.2234722222222222,0.14968089759349823,0.07379132462872398
27361,0.14232436246346133,0.22218111157417297,-0.07985674911071164
27362,0.2554112554112554,0.11998064070940018,0.13543061470185525
27366,0.26060500695410294,0.10354213416576385,0.15706287278833908
27381,0.16247770390789687,0.11459048837423325,0.047887215533663624
27382,0.046453753629199505,0.09280561655759811,-0.04635186292839861
27383,0.043652784746613146,0.08276780694723129,-0.039115022200618146
28100,0.3280245037021632,0.21798385679721832,0.11004064690494486
28201,0.09268767948833792,0.054726600646972656,0.037961078841365264
28202,0.2757995419070241,0.2640165090560913,0.011783032850932795
28203,0.2804338877624137,0.2565257251262665,0.0239081626361472
28204,0.3584515084098798,0.34581857919692993,0.012632929212949895
28205,0.003980459562149448,0.02174151875078678,-0.017761059188637334
28206,0.38317977793527047,0.32393619418144226,0.05924358375382821
28207,0.17478605520311366,0.27681684494018555,-0.10203078973707189
28208,0.07480990924699533,0.074585922062397,0.00022398718459833156
28209,0.019213522841535994,0.029336269944906235,-0.01012274710337024
28210,0.13753787472238962,0.10530539602041245,0.03223247870197718
28212,0.05540218943360305,0.06270390748977661,-0.0073017180561735645
28213,0.017683939767429397,0.024160616099834442,-0.006476676332405045
28214,0.34457974637608113,0.3123345673084259,0.03224517906765523
28215,0.07511304397914807,0.08428307622671127,-0.0091700322475632
28216,0.13038181330864257,0.15599030256271362,-0.025608489254071054
28217,0.3085569419203103,0.30165359377861023,0.006903348141700072
28218,0.05076942751182915,0.04245175048708916,0.00831767702473999
28219,0.1668800434512725,0.12710104882717133,0.03977899462410117
28220,0.01773117254528122,0.044800277799367905,-0.027069105254086685
28221,0.05341062584421432,0.03247369825839996,0.020936927585814356
28222,0.012020663620107291,0.030290108174085617,-0.018269444553978324
28223,0.023762172541489508,0.024141278117895126,-0.0003791055764056188
28224,0.0019974087670049665,0.022503409534692764,-0.0205060007676878
28225,0.036945634027727374,0.03463912382721901,0.0023065102005083646
28226,0.006254930688605883,0.018350880593061447,-0.012095949904455564
28227,0.0035354745925215724,0.023661645129323006,-0.020126170536801432
28228,0.01616220981486923,0.027995213866233826,-0.011833004051364594
28229,0.05514060997001075,0.046236004680395126,0.008904605289615626
28301,0.10382156349898286,0.13150501251220703,-0.02768344901322417
28365,0.007759353741496599,0.022532938048243523,-0.014773584306746924
28381,0.035742538655160014,0.07428252696990967,-0.038539988314749654
28382,0.18246536685479733,0.1729889214038849,0.009476445450912446
28442,0.06173291811687122,0.04790119454264641,0.01383172357422481
28443,0.05073684210526316,0.03790725767612457,0.012829584429138584
28446,0.07138677589233469,0.04277953878045082,0.02860723711188387
28464,0.056278953299111055,0.11698692291975021,-0.06070796962063916
28481,0.06407430730478589,0.08546286076307297,-0.02138855345828708
28501,0.03738863735942748,0.027671482414007187,0.009717154945420296
28585,0.021102318478411774,0.027290863916277885,-0.006188545437866112
28586,0.01629051416935347,0.024065816774964333,-0.007775302605610861
29201,0.24091053400215887,0.10816798359155655,0.13274255041060232
29202,0.2347142857142857,0.18872928619384766,0.04598499952043805
29203,0.22590139808682855,0.20102836191654205,0.024873036170286494
29204,0.12133506608767314,0.10176302492618561,0.01957204116148753
29205,0.24452439680272992,0.24219287931919098,0.0023315174835389363
29206,0.18931648015457692,0.14555904269218445,0.04375743746239247
29207,0.07414775296138891,0.03338996320962906,0.04075778975175985
29208,0.1286493423163298,0.06192803010344505,0.06672131221288474
29209,0.3829857390157448,0.309770792722702,0.07321494629304276
29210,0.3307107264621033,0.20005036890506744,0.13066035755703587
29211,0.20791664171507276,0.07929668575525284,0.12861995595981993
29212,0.14600946905647616,0.0478498600423336,0.09815960901414256
29322,0.010043041606886656,0.017677076160907745,-0.007634034554021089
29342,0.3447776900815575,0.12299053370952606,0.22178715637203145
29343,0.34283387622149836,0.21395237743854523,0.12888149878295313
29344,0.24654469920907565,0.18032975494861603,0.06621494426045962
29345,0.1570796460176991,0.1362825483083725,0.020797097709326612
29361,0.23002488249930883,0.11551547795534134,0.11450940454396749
29362,0.19336823734729494,0.12299042195081711,0.07037781539647783
29363,0.20071433573779676,0.10827509313821793,0.09243924259957884
29385,0.018145161290322582,0.019581887871026993,-0.001436726580704411
29386,0.026717557251908396,0.018240870907902718,0.008476686344005679
29401,0.1858267716535433,0.0973011925816536,0.08852557907188971
29402,0.12822921559417566,0.039068080484867096,0.08916113510930856
29424,0.10785890425645973,0.16986806690692902,-0.06200916265046928
29425,0.3347170832957314,0.2020469754934311,0.13267010780230032
29426,0.12857948493013346,0.12655000388622284,0.0020294810439106248
29427,0.2418474251143574,0.20506951212882996,0.03677791298552743
29441,0.07222699914015478,0.05301115661859512,0.019215842521559653
29442,0.12671140939597317,0.09538357704877853,0.031327832347194634
29443,0.085785536159601,0.030584115535020828,0.055201420624580166
29444,0.029045643153526972,0.0068698450922966,0.02217579806123037
29446,0.014814814814814815,0.01609497331082821,-0.0012801584960133935
29447,0.006097560975609756,0.005836931522935629,0.0002606294526741274
29449,0.002390438247011952,0.010782510042190552,-0.0083920717951786
29450,0.0,0.012948758900165558,-0.012948758900165558
29451,0.02830188679245283,0.002253549639135599,0.02604833715331723
29452,0.011547344110854504,0.006067086011171341,0.005480258099683163
29453,0.005376344086021506,0.001450577867217362,0.003925766218804144
30201,0.05130465444287729,0.13353046774864197,-0.08222581330576467
30202,0.0525671173819322,0.043534085154533386,0.009033032227398811
30203,0.16101575192484283,0.07164040952920914,0.08937534239563369
30204,0.045563549160671464,0.03912648186087608,0.006437067299795381
30205,0.025155986926809943,0.052112847566604614,-0.02695686063979467
30206,0.007472499278406722,0.004891412332653999,0.0025810869457527225
30207,0.010020763744696218,0.009700668975710869,0.0003200947689853493
30208,0.04804339403332042,0.028856275603175163,0.019187118430145256
30209,0.03784958582793406,0.09595269709825516,-0.0581031112703211
30304,0.00762660158633313,0.016224997118115425,-0.008598395531782295
30341,0.07474687313877308,0.02068162150681019,0.05406525163196289
30343,0.12761647535449022,0.02679567225277424,0.10082080310171598
30344,0.02356637863315004,0.014749712310731411,0.008816666322418627
30361,0.04469646430953969,0.026927467435598373,0.017768996873941317
30362,0.05261180007515971,0.023712443187832832,0.02889935688732688
30366,0.030177799135031234,0.008205689489841461,0.021972109645189773
30381,0.021305841924398626,0.07971670478582382,-0.058410862861425196
30382,0.02753368482718219,0.013609384186565876,0.013924300640616314
30383,0.03400093153237075,0.027413440868258476,0.0065874906641122735
30390,0.04382736701237872,0.018013322725892067,0.025814044286486655
30391,0.02031316123571731,0.02046283520758152,-0.0001496739718642101
30392,0.012452350698856416,0.01738564297556877,-0.004933292276712355
30401,0.012984028495920947,0.026850903406739235,-0.013866874910818288
30404,0.005799971707455086,0.027955828234553337,-0.022155856527098252
30406,0.030405405405405407,0.005745511967688799,0.024659893437716608
30421,0.03613401157691633,0.021757081151008606,0.014376930425907722
30422,0.02782462057335582,0.062380366027355194,-0.03455574545399938
30424,0.01768867924528302,0.00955945160239935,0.00812922764288367
30427,0.005780346820809248,0.006407556124031544,-0.0006272093032222955
30428,0.022288522288522288,0.023706914857029915,-0.0014183925685076273
31201,0.02154400548272279,0.01619504950940609,0.0053489559733167005
31202,0.014512458673841794,0.04152468964457512,-0.027012230970733325
31203,0.009052281544430076,0.016680916771292686,-0.00762863522686261
31204,0.019577377252952145,0.07012984156608582,-0.05055246431313367
31302,0.034688995215311005,0.027379749342799187,0.007309245872511819
31325,0.03143093465674111,0.016573375090956688,0.014857559565784419
31328,0.03984206748025843,0.01673773117363453,0.023104336306623903
31329,0.036632390745501286,0.02409197762608528,0.012540413119416005
31364,0.005307855626326964,0.03170305863022804,-0.02639520300390108
31370,0.017212152823053852,0.03324951231479645,-0.016037359491742596
31371,0.03569102514002866,0.028965581208467484,0.006725443931561173
31372,0.013599274705349048,0.033689506351947784,-0.020090231646598736
31384,0.01340033500837521,0.07087663561105728,-0.05747630060268207
31386,0.04051863857374392,0.028588425368070602,0.01193021320567332
31389,0.0035700119000396666,0.0217057503759861,-0.018135738475946434
31390,0.022451081359423274,0.0171669814735651,0.005284099885858172
31401,0.02396644697423607,0.020814644172787666,0.003151802801448403
31402,0.036021926389976505,0.01839752495288849,0.017624401437088016
31403,0.03260869565217391,0.029004186391830444,0.003604509260343468
32201,0.008076387908608764,0.04376567155122757,-0.03568928364261881
32202,0.009310847698463149,0.011427000164985657,-0.0021161524665225077
32203,0.01454097492458956,0.02627423405647278,-0.011733259131883219
32204,0.0036499855921621363,0.019023070111870766,-0.015373084519708629
32205,0.017303822937625755,0.020285364240407944,-0.002981541302782189
32206,0.017276194749831726,0.019973576068878174,-0.0026973813190464477
32207,0.01688299900154307,0.025404779240489006,-0.008521780238945936
32209,0.007430758838099527,0.018797319382429123,-0.011366560544329597
32343,0.00899177348383394,0.009183415211737156,-0.0001916417279032162
32386,0.0,0.008207018487155437,-0.008207018487155437
32441,0.0,0.006715064402669668,-0.006715064402669668
32448,0.0,0.010427669622004032,-0.010427669622004032
32449,0.0006720430107526882,0.010928409174084663,-0.010256366163331976
32501,0.011133603238866396,0.015274484641849995,-0.004140881402983599
32505,0.0003736920777279522,0.007018604781478643,-0.006644912703750692
32525,0.0009328358208955224,0.0071144322864711285,-0.006181596465575606
32526,0.0024410089503661514,0.011541994288563728,-0.009100985338197577
32527,0.007782101167315175,0.0061469110660254955,0.0016351901012896797
32528,0.0011589403973509935,0.013303729705512524,-0.01214478930816153
33100,0.04207115921416811,0.04515288025140762,-0.0030817210372395126
33202,0.035002783196044586,0.03826911002397537,-0.0032663268279307864
33203,0.008666666666666666,0.022998889908194542,-0.014332223241527876
33204,0.020806503541532517,0.05851322412490845,-0.03770672058337593
33205,0.028665229321834573,0.041094690561294556,-0.012429461239459982
33207,0.01583011583011583,0.04038536548614502,-0.02455524965602919
33208,0.053197073080366794,0.06442604213953018,-0.011228969059163388
33209,0.023433284513990595,0.010572157800197601,0.012861126713792994
33210,0.02025435704192181,0.013856080360710621,0.0063982766812111895
33211,0.06232782369146005,0.03954809904098511,0.022779724650474946
33212,0.058709949918542205,0.03412798419594765,0.024581965722594558
33213,0.017581973424948213,0.03477521240711212,-0.01719323898216391
33214,0.01637371835111948,0.015385032631456852,0.0009886857196626277
33215,0.01121894755587214,0.011348928324878216,-0.00012998076900607586
33216,0.05501769379715564,0.06820672005414963,-0.013189026256993988
33346,0.04030931227377427,0.03589996322989464,0.004409349043879629
33423,0.05278745644599303,0.14009420573711395,-0.08730674929112092
33445,0.060384615384615384,0.1152893602848053,-0.054904744900189914
33461,0.019284654689302787,0.02862369827926159,-0.009339043589958802
33586,0.0056657223796034,0.010262815281748772,-0.004597092902145372
33606,0.0037972280235428137,0.020195916295051575,-0.01639868827150876
33622,0.012451520718513982,0.017156191170215607,-0.004704670451701625
33623,0.002260738507912585,0.015557768754661083,-0.013297030246748498
33643,0.00872093023255814,-0.002056066645309329,0.010776996877867468
33663,0.07514761137949544,0.023904219269752502,0.051243392109742936
33666,0.021618724316598177,0.013763414695858955,0.007855309620739222
33681,0.004555808656036446,0.01783621683716774,-0.013280408181131294
34100,0.10942035876377783,0.0878216102719307,0.021598748491847133
34202,0.06019369745833538,0.04656023904681206,0.013633458411523323
34203,0.03956107421311002,0.05127903074026108,-0.01171795652715106
34204,0.0319248152665184,0.024977480992674828,0.006947334273843572
34205,0.018571762896593225,0.026108674705028534,-0.007536911808435309
34207,0.026009697581210234,0.03408164903521538,-0.008071951454005143
34208,0.027906160416544784,0.030707867816090584,-0.0028017073995457997
34209,0.015363189276232755,0.014152617193758488,0.001210572082474267
34210,0.0032299306910705873,0.011180066503584385,-0.007950135812513798
34211,0.1010942760942761,0.043360862880945206,0.05773341321333089
34212,0.055305910819218804,0.052985455840826035,0.002320454978392769
34213,0.13531566472742942,0.06877244263887405,0.06654322208855537
34214,0.011272936723442772,0.022945459932088852,-0.01167252320864608
34215,0.0033482142857142855,0.02925649844110012,-0.025908284155385836
34302,0.06842186415850744,0.20767700672149658,-0.13925514256298915
34304,0.11125951649525845,0.09046098589897156,0.02079853059628689
34307,0.008411214953271028,0.07761199027299881,-0.06920077531972778
34309,0.17453598176489743,0.09207487106323242,0.08246111070166501
34368,0.0021114864864864866,0.015576710924506187,-0.013465224438019702
34369,0.0008162313432835821,0.0032111608888953924,-0.0023949295456118106
34431,0.001257071024512885,0.01807221584022045,-0.016815144815707568
34462,0.0042422469280280865,0.01904202438890934,-0.014799777460881253
34545,0.0017600469345849222,0.01022948045283556,-0.008469433518250637
35201,0.04612751462826501,0.011197971180081367,0.03492954344818364
35202,0.01666580538473464,0.04113057628273964,-0.024464770898005
35203,0.024940491371248832,0.007634235080331564,0.01730625629091727
35204,0.0077129953823514485,0.009661751799285412,-0.0019487564169339633
35206,0.016151234284665503,0.04333340376615524,-0.02718216948148974
35207,0.022136942031912746,0.06827569752931595,-0.046138755497403205
35208,0.04418057154640592,0.025042423978447914,0.019138147567958008
35210,0.029498391408763425,0.0510750412940979,-0.021576649885334476
35211,0.01629721704302189,0.016065262258052826,0.00023195478496906494
35212,0.032547528517110264,0.022196033969521523,0.010351494547588741
35213,0.012114219786558985,0.024959243834018707,-0.012845024047459722
35215,0.022627490712597096,0.01752709038555622,0.005100400327040875
35216,0.033225625175611125,0.03698160871863365,-0.003755983543022527
35305,0.008415147265077139,0.015584765002131462,-0.0071696177370543235
35321,0.09493219129193434,0.08674009889364243,0.008192092398291911
35341,0.003778337531486146,0.009238787926733494,-0.005460450395247347
35343,0.03611940298507463,0.06430992484092712,-0.028190521855852496
35344,0.008737092930897538,0.06173844635486603,-0.053001353423968486
35502,0.01977848101265823,0.015746090561151505,0.004032390451506725
36201,0.008899726229984419,0.07025472074747086,-0.06135499451748644
36202,0.01511508072827207,0.045562341809272766,-0.030447261081000696
36203,0.024211997966446366,0.04804268479347229,-0.023830686827025924
36204,0.02428816240442921,0.024820968508720398,-0.000532806104291187
36205,0.03191027944730157,0.05166067183017731,-0.019750392382875737
36206,0.010943615016669083,0.035353925079107285,-0.0244103100624382
36207,0.01851366692865252,0.02969891019165516,-0.011185243263002638
36208,0.021081859317153433,0.008793546818196774,0.01228831249895666
36301,0.0019704433497536944,0.017855191603302956,-0.015884748253549262
36302,0.0,0.009013019502162933,-0.009013019502162933
36321,0.00273224043715847,0.01575530879199505,-0.013023068354836579
36341,0.028491620111731845,0.08824823051691055,-0.05975661040517871
36342,0.0032552083333333335,0.027395449578762054,-0.024140241245428722
36368,0.003475842891901286,0.0071592493914067745,-0.0036834064995054884
36383,0.02553191489361702,0.023869074881076813,0.0016628400125402072
36387,0.04620168813860506,0.022547326982021332,0.02365436115658373
36388,0.009198045415349238,0.009568528272211552,-0.00037048285686231384
36401,0.0017145306472353193,0.057297155261039734,-0.055582624613804414
36402,0.008071249652101308,0.09008695185184479,-0.08201570219974348
36403,0.012328148195959466,0.07675275951623917,-0.0644246113202797
36404,0.01947819871336669,0.06424318999052048,-0.04476499127715379
36405,0.005951115834218916,0.06122654303908348,-0.055275427204864565
36468,0.026343519494204427,0.023284338414669037,0.00305918107953539
36489,0.025611930620846168,0.02855478599667549,-0.0029428553758293237
37201,0.050599153169448324,0.030663182958960533,0.01993597021048779
37202,0.02056251477192153,0.06151546910405159,-0.04095295433213006
37203,0.04653615148319655,0.032595571130514145,0.013940580352682405
37204,0.023565034228541337,0.057360269129276276,-0.03379523490073494
37205,0.016133540992771853,0.03344814479351044,-0.017314603800738584
37206,0.048476257973068745,0.06012612208724022,-0.011649864114171474
37207,0.03726298433635614,0.02900264784693718,0.008260336489418964
37208,0.021171139276357713,0.033810924738645554,-0.01263978546228784
37322,0.0010716199321307376,0.03847400099039078,-0.03740238105826004
37324,0.0025592902235113462,0.023983873426914215,-0.021424583203402868
37341,0.04827318587504851,0.0367467999458313,0.01152638592921721
37364,0.0012779552715654952,0.024173948913812637,-0.02289599364224714
37386,0.04525815510909484,0.051753848791122437,-0.006495693682027598
37387,0.056741028128031036,0.03447932004928589,0.022261708078745147
37403,0.04512095678173417,0.08649972826242447,-0.0413787714806903
37404,0.03966480446927374,0.045269567519426346,-0.005604763050152603
37406,0.023283346487766376,0.025174273177981377,-0.0018909266902150008
38201,0.03743480869525084,0.03322208300232887,0.00421272569292197
38202,0.008667945213753945,0.023387545719742775,-0.01471960050598883
38203,0.007656481546820973,0.00864977017045021,-0.0009932886236292378
38204,0.00884321223709369,0.017337217926979065,-0.008494005689885375
38205,0.004823601996746873,0.036554791033267975,-0.0317311890365211
38206,0.01407002891101831,0.01916128769516945,-0.005091258784151139
38207,0.02010708589655958,0.005601378157734871,0.01450570773882471
38210,0.05590376701487813,0.037996310740709305,0.017907456274168822
38213,0.01156008060239686,0.0227053202688694,-0.01114523966647254
38214,0.013361611876988335,0.01479405164718628,-0.0014324397701979442
38215,0.04941264217788551,0.026144905015826225,0.023267737162059286
38356,0.0006818956699624957,0.017073340713977814,-0.016391445044015317
38386,0.0007049700387733521,0.004603121895343065,-0.003898151856569713
38401,0.06265736277965614,0.12630826234817505,-0.06365089956851891
38402,0.002342419080068143,0.03223351016640663,-0.029891091086338487
38422,0.028093337427080135,0.018875595182180405,0.00921774224489973
38442,0.0012944983818770227,0.01677817665040493,-0.015483678268527907
38484,0.028169014084507043,0.012765777297317982,0.015403236787189061
38488,0.0068319838056680165,0.015820881351828575,-0.008988897546160559
38506,0.005513527375304526,0.018319880589842796,-0.01280635321453827
39201,0.019156203194333626,0.044549889862537384,-0.02539368666820376
39202,0.0018008747105737071,0.014924184419214725,-0.013123309708641019
39203,0.024024024024024024,0.017267215996980667,0.006756808027043357
39204,0.022545909047206998,0.0314977765083313,-0.0089518674611243
39205,0.004300430043004301,0.03815862163901329,-0.03385819159600899
39206,0.02510016497761018,0.021454520523548126,0.0036456444540620553
39208,0.008868877063719471,0.015723811462521553,-0.006854934398802082
39209,0.0046696240952603316,0.01798650436103344,-0.013316880265773108
39210,0.0043921685401622865,0.0053522707894444466,-0.00096010224928216
39211,0.02451257417349534,0.02731717936694622,-0.002804605193450882
39212,0.023850974930362118,0.01469125784933567,0.009159717081026447
39301,0.006493506493506494,0.012748444452881813,-0.006254937959375319
39302,0.02633889376646181,0.01634685881435871,0.009992034952103098
39303,0.022094140249759846,0.029067177325487137,-0.00697303707572729
39304,0.03055229142185664,0.015808414667844772,0.014743876754011866
39305,0.008264462809917356,0.004704657942056656,0.0035598048678606997
39306,0.0026666666666666666,-0.0023161079734563828,0.004982774640123049
39307,0.03512396694214876,0.010129796341061592,0.02499417060108717
39341,0.002228826151560178,0.013140049763023853,-0.010911223611463676
39344,0.027855153203342618,0.001657614135183394,0.026197539068159224
39363,0.0013012361743656475,0.008376393467187881,-0.007075157292822234
39364,0.0,-0.000735825567971915,0.000735825567971915
39386,0.032050606220347916,0.02549763210117817,0.006552974119169747
39387,0.0011641443538998836,0.001872266293503344,-0.0007081219396034605
39401,0.04483925549915398,0.02046739123761654,0.024371864261537438
39402,0.04488025645860833,0.01614561304450035,0.02873464341410798
39403,0.01959890610756609,0.017624177038669586,0.0019747290688965045
39405,0.001430615164520744,0.0010925591923296452,0.00033805597219109876
39410,0.042797975149562816,0.03445037081837654,0.008347604331186274
39411,0.003982300884955752,0.014189604669809341,-0.01020730378485359
39412,0.01777634130575307,0.002298046136274934,0.015478295169478136
39424,0.0050568900126422255,0.015550446696579456,-0.010493556683937231
39427,0.009787928221859706,0.012161782942712307,-0.0023738547208526015
39428,0.01847903340440654,0.02116609364748001,-0.0026870602430734726
40100,0.07662295463583546,0.18176999688148499,-0.10514704224564952
40130,0.16684870426049783,0.227101668715477,-0.06025296445497916
40202,0.03751297167207613,0.09977875649929047,-0.062265784827214336
40203,0.06283101682516459,0.015085711143910885,0.04774530568125371
40204,0.04796511627906977,0.05004970729351044,-0.0020845910144406676
40205,0.03693630461484471,0.05186077207326889,-0.014924467458424177
40206,0.035358160358160355,0.051497314125299454,-0.0161391537671391
40207,0.047543347258678696,0.06849942356348038,-0.02095607630480168
40210,0.00811819475972452,0.021395117044448853,-0.013276922284724333
40211,0.03987887059626376,0.06077482923865318,-0.020895958642389426
40212,0.012690019828155982,0.04102487489581108,-0.0283348550676551
40213,0.06341712389945132,0.061576105654239655,0.0018410182452116702
40214,0.04637736938323872,0.026949753984808922,0.0194276153984298
40215,0.0922845125243267,0.1483336091041565,-0.05604909657982979
40216,0.17151382248265448,0.1783747375011444,-0.006860915018489927
40217,0.21548835918994472,0.1014309898018837,0.11405736938806102
40218,0.16734542761940022,0.282964825630188,-0.11561939801078777
40219,0.1986481498569715,0.2550237774848938,-0.05637562762792231
40220,0.12012667642331037,0.1230066642165184,-0.0028799877932080276
40221,0.17124071832782703,0.15936946868896484,0.011871249638862186
40223,0.14150409951936668,0.1090567409992218,0.03244735852014488
40224,0.16419046238585303,0.1341058313846588,0.030084631001194212
40225,0.0277386768237145,0.02088914066553116,0.006849536158183341
40226,0.013370619592764135,0.026630878448486328,-0.013260258855722193
40227,0.018814139110604332,0.024810004979372025,-0.005995865868767693
40228,0.020018450184501844,0.021918708458542824,-0.0019002582740409793
40229,0.048769190047644254,0.03024507500231266,0.018524115045331593
40230,0.16185848102379172,0.08248554170131683,0.07937293932247488
40231,0.09397810218978102,0.04861928150057793,0.04535882068920309
40341,0.05046457607433217,0.16434243321418762,-0.11387785713985546
40342,0.17049847405900306,0.03683922067284584,0.13365925338615722
40343,0.05437505799387585,0.27426353096961975,-0.2198884729757439
40344,0.08863654285939594,0.09943021833896637,-0.010793675479570428
40345,0.19937205651491366,0.12563589215278625,0.0737361643621274
40348,0.023556581986143188,0.062361519783735275,-0.03880493779759209
40349,0.17845925667422788,0.17486856877803802,0.0035906878961898536
40381,0.015495550782448604,0.06500015407800674,-0.04950460329555814
40382,0.07335685566587347,0.09754401445388794,-0.024187158788014473
40383,0.10047917434574272,0.08371575176715851,0.01676342257858421
40384,0.07853526433533498,0.07598178088665009,0.00255348344868489
40401,0.06284597850862911,0.06734468787908554,-0.004498709370456433
40402,0.04596480582524272,0.04274721071124077,0.0032175951140019504
40421,0.05831788302713636,0.07240436971187592,-0.014086486684739559
40447,0.03412462908011869,0.024098001420497894,0.010026627659620799
40448,0.009358288770053475,0.01604238897562027,-0.006684100205566795
40503,0.04832251829352478,0.04240984097123146,0.005912677322293322
40522,0.055104151277884476,0.06928321719169617,-0.01417906591381169
40544,0.008117424663627266,0.021909285336732864,-0.013791860673105599
40601,0.0515863405182853,0.05002349987626076,0.0015628406420245405
40602,0.039316239316239315,0.02503425069153309,0.014281988624706227
40604,0.03909643788010426,0.06844982504844666,-0.029353387168342397
40605,0.03985507246376811,0.04662659019231796,-0.00677151772854985
40608,0.008551307847082495,0.051035769283771515,-0.04248446143668902
40609,0.04067796610169491,0.02801336720585823,0.012664598895836682
40610,0.05868966343274644,0.04114958271384239,0.017540080718904047
40621,0.07104947782913884,0.0391358956694603,0.031913582159678544
40625,0.029568890545409367,0.03032453916966915,-0.0007556486242597839
40642,0.035922330097087375,0.09126396477222443,-0.05534163467513705
40646,0.01567209162145871,0.01807280443608761,-0.0024007128146288984
40647,0.06280641314429575,0.025571569800376892,0.037234843343918855
41201,0.013326721626479887,0.0169084332883358,-0.0035817116618559134
41202,0.033320126035357826,0.0159236341714859,0.017396491863871925
41203,0.08066646062206738,0.10720516741275787,-0.026538706790690494
41204,0.03367003367003367,0.02629532292485237,0.007374710745181298
41205,0.01468515037593985,0.015749497339129448,-0.0010643469631895983
41206,0.026784952657169667,0.024685917422175407,0.0020990352349942593
41207,0.02646728971962617,0.01674203760921955,0.009725252110406618
41208,0.02449300861190851,0.0436195507645607,-0.01912654215265219
41209,0.005965817478232828,0.013813846744596958,-0.00784802926636413
41210,0.024363536819052834,0.02039344795048237,0.003970088868570466
41327,0.037492317148125384,0.009834413416683674,0.02765790373144171
41341,0.15198107628622118,0.061463870108127594,0.09051720617809358
41345,0.025175776820140622,0.023322340101003647,0.0018534367191369756
41346,0.027404526166902404,0.04198585823178291,-0.01458133206488051
41387,0.003387278885961611,0.006308554206043482,-0.002921275320081871
41401,0.042059145673603505,0.03207755088806152,0.009981594785541982
41423,0.02868554829339143,0.04147515445947647,-0.01278960616608504
41424,0.03910963178697732,0.02846479043364525,0.010644841353332074
41425,0.02278932997269481,0.018454475328326225,0.004334854644368585
41441,0.04295185932545402,0.023709459230303764,0.019242400095150256
42201,0.05041813496029033,0.044629234820604324,0.005788900139686005
42202,0.0230309453894671,0.012930268421769142,0.01010067696769796
42203,0.007476941548873001,0.03249295800924301,-0.02501601646037001
42204,0.04213540281319919,0.03798521310091019,0.004150189712289004
42205,0.02755485961592832,0.07805011421442032,-0.050495254598491995
42207,0.010505581089954037,0.004984409082680941,0.005521172007273097
42208,0.01797253634894992,0.012471010908484459,0.005501525440465459
42209,0.00041013862685587726,0.009115840308368206,-0.008705701681512329
42210,0.0015389350569405972,0.011356738395988941,-0.009817803339048345
42211,0.0010284287078527877,0.0019006814109161496,-0.0008722527030633619
42212,0.0008437394532568343,0.009014018811285496,-0.008170279358028661
42213,0.021482214589276356,0.018919585272669792,0.002562629316606564
42214,0.00394563787812363,0.03367559239268303,-0.029729954514559398
42307,0.07387914230019493,0.1383344978094101,-0.06445535550921516
42308,0.004445043103448276,0.12145360559225082,-0.11700856248880255
42321,0.03432228039557882,0.018682414665818214,0.01563986572976061
42322,0.036751080914144536,0.041938312351703644,-0.0051872314375591075
42323,0.007156147130385,0.031054366379976273,-0.023898219249591273
42383,0.0012406947890818859,0.013713747262954712,-0.012473052473872826
42391,0.02844574780058651,0.03369811177253723,-0.005252363971950721
42411,0.002592440987856461,0.010932683013379574,-0.008340242025523113
43100,0.028082898279225724,0.14830970764160156,-0.12022680936237584
43202,0.018145926657049578,0.011411314830183983,0.006734611826865595
43203,0.0024,0.013736512511968613,-0.011336512511968613
43204,0.025965801139962,0.055802058428525925,-0.029836257288563924
43205,0.011312443688056863,0.017751310020685196,-0.0064388663326283326
43206,0.02377257336343115,0.03325819969177246,-0.00948562632834131
43208,0.0012617412028599468,0.014840971678495407,-0.013579230475635461
43210,0.004743740219092332,0.0232737734913826,-0.018530033272290268
43211,0.04083742569139313,0.04667559638619423,-0.005838170694801102
43212,0.014168006430868168,0.015655791386961937,-0.001487784956093769
43213,0.035451422963689895,0.03558100014925003,-0.00012957718556013548
43214,0.016999813188866057,0.008301339112222195,0.008698474076643863
43215,0.000959600806064677,0.012059579603374004,-0.011099978797309328
43216,0.03227819574940193,0.06301414966583252,-0.030735953916430588
43348,0.0023124357656731757,0.028589069843292236,-0.02627663407761906
43364,0.06287563569116968,0.0134537722915411,0.04942186339962858
43367,0.0035952747817154596,0.027333121746778488,-0.02373784696506303
43368,0.037295081967213116,0.03516860678792,0.0021264751792931177
43369,0.004879301489470981,0.02094625122845173,-0.01606694973898075
43403,0.03214020665639093,0.01344358641654253,0.018696620239848402
43404,0.045952683316871266,0.04109423607587814,0.004858447240993123
43423,0.0024125452352231603,0.012452315539121628,-0.010039770303898467
43424,0.0003536067892503536,0.012607426382601261,-0.012253819593350907
43425,0.00392156862745098,0.009878498502075672,-0.005956929874624692
43428,0.004355400696864111,0.014867217279970646,-0.010511816583106535
43432,0.0091324200913242,0.01642054319381714,-0.007288123102492938
43433,0.013643254168772108,0.014651214703917503,-0.0010079605351453955
43441,0.0016431603450636724,0.02427479438483715,-0.022631634039773477
43442,0.003000230786983614,0.027227934449911118,-0.024227703662927504
43443,0.004422110552763819,0.02984832227230072,-0.0254262117195369
43444,0.001845444059976932,0.019906863570213318,-0.018061419510236387
43447,0.0008254230293025176,0.008154494687914848,-0.007329071658612331
43468,0.03488372093023256,0.0324832908809185,0.002400430049314055
43482,0.016699092088197146,0.023293746635317802,-0.006594654547120656
43484,0.02556976097832129,0.039317358285188675,-0.013747597306867386
43501,0.0031256511773286103,0.018473273143172264,-0.015347621965843654
43505,0.009551605200318386,0.01283547654747963,-0.003283871347161243
43506,0.004801097393689987,0.017153941094875336,-0.012352843701185348
43507,0.005069708491761723,0.010576074942946434,-0.005506366451184711
43510,0.002325581395348837,0.0191597118973732,-0.016834130502024362
43511,0.0,0.007771409582346678,-0.007771409582346678
43512,0.002728512960436562,0.010203875601291656,-0.007475362640855094
43513,0.004419889502762431,0.018125386908650398,-0.013705497405887966
43514,0.007343550446998723,0.010503271594643593,-0.00315972114764487
43531,0.000718132854578097,0.013539695180952549,-0.012821562326374452
44201,0.0237997412406462,0.04897690564393997,-0.025177164403293772
44202,0.03223433295258746,0.10962602496147156,-0.0773916920088841
44203,0.014731136631963078,0.00550447404384613,0.009226662588116948
44204,0.004543125533731853,0.010643396526575089,-0.006100270992843235
44205,0.008280992315519842,0.010188755579292774,-0.0019077632637729321
44206,0.031376916022533737,0.027320127934217453,0.0040567880883162835
44207,0.03215480867161356,0.02552773244678974,0.006627076224823822
44208,0.012861326881446582,0.007752940058708191,0.005108386822738391
44209,0.008465259454705365,0.010684698820114136,-0.002219439365408771
44210,0.02233336207639907,0.014142815954983234,0.008190546121415836
44211,0.014736561764836432,0.015486533753573895,-0.000749971988737462
44212,0.0367663023811247,0.020751656964421272,0.01601464541670343
44213,0.03717166175159454,0.032987430691719055,0.004184231059875483
44214,0.0025664527956003667,0.012789526954293251,-0.010223074158692884
44322,0.0,0.03716855123639107,-0.03716855123639107
44341,0.0571773220747889,0.03348662704229355,0.02369069503249535
44461,0.01745254133496632,0.014611228369176388,0.0028413129657899328
44462,0.015365512959801335,0.016916638240218163,-0.0015511252804168273
45201,0.009005366666851278,0.022740067914128304,-0.013734701247277025
45202,0.007289797045423168,0.006817271467298269,0.00047252557812489833
45203,0.006984585741811176,0.005306946579366922,0.0016776391624442532
45204,0.018737308473324717,0.010723814368247986,0.008013494105076732
45205,0.004712182061579652,0.004712702240794897,-5.20179215245456e-07
45206,0.014236148370712165,0.008367137983441353,0.005869010387270812
45207,0.009259259259259259,0.004297828301787376,0.004961430957471882
45208,0.001392757660167131,0.012750363908708096,-0.011357606248540965
45209,0.01998274870615296,0.009425124153494835,0.010557624552658126
45341,0.010726142844981697,0.017564821988344193,-0.006838679143362496
45361,0.014426028238182934,0.02233663573861122,-0.007910607500428287
45382,0.0006249218847644045,0.019526004791259766,-0.01890108290649536
45383,0.0003368137420006736,0.012014524079859257,-0.011677710337858582
45401,0.017903364969801553,0.026203487068414688,-0.008300122098613135
45402,0.01555190289543558,0.02148098684847355,-0.00592908395303797
45403,0.0,-0.007285337895154953,0.007285337895154953
45404,0.010309278350515464,0.00870786514133215,0.0016014132091833142
45405,0.018473652331920047,0.01602053828537464,0.0024531140465454057
45406,0.03942115768463074,0.02022365666925907,0.019197501015371668
45421,0.014774686037921694,0.018940409645438194,-0.0041657236075165
45429,0.0,0.00474870391190052,-0.00474870391190052
45430,0.0,0.010464941151440144,-0.010464941151440144
45431,0.001722158438576349,0.010277324356138706,-0.008555165917562358
45441,0.0,0.007584189064800739,-0.007584189064800739
45442,0.0,0.009328776970505714,-0.009328776970505714
45443,0.0,0.007723516318947077,-0.007723516318947077
46201,0.040615664418134606,0.008248700760304928,0.03236696365782968
46203,0.000724966017217943,-0.0056753032840788364,0.006400269301296779
46204,0.004428798546445605,0.02365308813750744,-0.019224289591061833
46206,0.023558586484810913,0.017803682014346123,0.00575490447046479
46208,0.014384228116935313,0.002471346640959382,0.01191288147597593
46210,0.03877563742908796,0.010895918123424053,0.027879719305663908
46213,0.0004571080298643913,0.0050208489410579205,-0.004563740911193529
46214,0.0011955593509820667,0.015003337524831295,-0.013807778173849228
46215,0.016669421292470427,0.007815725170075893,0.008853696122394533
46216,0.04043595732014471,0.01329520158469677,0.02714075573544794
46217,0.002668205091223769,0.009609783068299294,-0.006941577977075525
46218,0.023331019110607667,0.012997235171496868,0.010333783939110799
46219,0.044715447154471545,0.03232887387275696,0.012386573281714587
46220,0.0010670840150814541,0.013486404903233051,-0.012419320888151597
46221,0.0003282455276546857,0.007916524074971676,-0.00758827854731699
46222,0.00010379904504878556,0.0047385902144014835,-0.004634791169352698
46223,0.0061271017383870046,0.014432312920689583,-0.008305211182302579
46224,0.002622122948431582,0.00086051324615255,0.0017616097022790322
46225,0.05019458568871971,0.04511570557951927,0.005078880109200441
46303,0.0,-0.007073794491589069,0.007073794491589069
46304,0.0,-0.005847597494721413,0.005847597494721413
46392,0.0019002906326849988,-8.104075095616281e-05,0.0019813313836411616
46404,0.0018731602890018732,0.01828457973897457,-0.016411419449972698
46452,0.03660280240205891,0.00898437574505806,0.02761842665700085
46468,0.0,0.011795868165791035,-0.011795868165791035
46482,0.0,0.019238781183958054,-0.019238781183958054
46490,0.0,0.01251314952969551,-0.01251314952969551
46491,0.0,0.006308473646640778,-0.006308473646640778
46492,0.0005006675567423231,0.012106673792004585,-0.011606006235262261
46501,0.0003109452736318408,0.005493707023561001,-0.00518276174992916
46502,0.0004170141784820684,0.002211180981248617,-0.0017941668027665488
46505,0.0007751937984496124,0.002918885089457035,-0.0021436912910074227
46523,0.0,0.007504407316446304,-0.007504407316446304
46524,0.0,-0.0019519288325682282,0.0019519288325682282
46525,0.0008854781582054309,0.007756580598652363,-0.006871102440446932
46527,0.0,0.008352633565664291,-0.008352633565664291
46529,0.001105379513633014,0.0068792421370744705,-0.005773862623441457
46530,0.00022326412145568208,-0.008363345637917519,0.0085866097593732
46531,0.00043122035360068997,0.012947866693139076,-0.012516646339538386
46532,0.0012320328542094457,0.00909635704010725,-0.007864324185897805
46533,0.0,0.01276034489274025,-0.01276034489274025
46534,0.0008861320336730173,0.009939173236489296,-0.009053041202816279
46535,0.0010070493454179255,0.012362218461930752,-0.011355169116512825
47201,0.05555640162648676,0.19922247529029846,-0.1436660736638117
47205,0.0009473684210526315,0.16617105901241302,-0.16522369059136038
47207,0.0007597547077657785,0.0020285393111407757,-0.0012687846033749973
47208,0.01381544571010555,0.21389898657798767,-0.20008354086788213
47209,0.00014994189751471306,0.022057920694351196,-0.021907978796836484
47210,0.0005212793685072793,0.06744787096977234,-0.06692659160126506
47211,0.0006980802792321117,0.15364588797092438,-0.15294780769169228
47212,0.002171552660152009,0.08682715892791748,-0.08465560626776547
47213,0.0005437614699685072,0.0929134339094162,-0.09236967243944769
47214,0.00042448825582492216,-0.0021972081158310175,0.0026216963716559397
47215,0.0005257347142631828,0.10722611099481583,-0.10670037628055265
47301,0.0,0.0059671783819794655,-0.0059671783819794655
47302,0.0,0.018891412764787674,-0.018891412764787674
47303,0.0,0.00504183117300272,-0.00504183117300272
47306,0.00026737967914438503,0.012131761759519577,-0.011864382080375192
47308,0.0005137866072957698,0.0079161636531353,-0.00740237704583953
47311,0.00042707666026051675,0.029188081622123718,-0.0287610049618632
47313,0.0,0.0001528766006231308,-0.0001528766006231308
47314,0.0,0.008839457295835018,-0.008839457295835018
47315,0.0,0.010220946744084358,-0.010220946744084358
47324,0.0004350257908147412,0.09612240642309189,-0.09568738063227715
47325,0.0007501875468867217,0.1380913406610489,-0.13734115311416217
47326,0.0008586147681740126,0.13546299934387207,-0.13460438457569807
47327,0.00030079711234772146,0.18028002977371216,-0.17997923266136442
47328,0.001563314226159458,0.060170307755470276,-0.05860699352931082
47329,0.00752162467092892,0.1226130798459053,-0.11509145517497639
47348,0.0012907768129547055,0.07178326696157455,-0.07049249014861984
47350,0.0013713658804168952,0.11933092027902603,-0.11795955439860914
47353,0.0,0.009474643506109715,-0.009474643506109715
47354,0.002242152466367713,0.021228326484560966,-0.018986174018193254
47355,0.0,0.010791277512907982,-0.010791277512907982
47356,0.0106951871657754,0.014582769945263863,-0.003887582779488462
47357,0.0,0.004918928258121014,-0.004918928258121014
47358,0.0,-0.0050338441506028175,0.0050338441506028175
47359,0.0,0.0007847938686609268,-0.0007847938686609268
47360,0.0017953321364452424,0.0017892693867906928,6.062749654549629e-06
47361,0.0,0.0007699484121985734,-0.0007699484121985734
47362,0.0004320276497695853,0.05033399164676666,-0.049901963996997076
47375,0.007751937984496124,0.007902665063738823,-0.00015072707924269901
47381,0.0011675423234092236,-0.00969892181456089,0.010866464137970114
47382,0.0,-0.0038730972446501255,0.0038730972446501255
